beechnut,time
0,0.00017703
0,0.00228685
0,0.00795869
0,0.0252869
0,0.0417015
0,0.0579921
0,0.0727474
0,0.0894169
0,0.107499
0,0.122607
0,0.139242
0,0.156309
0,0.172793
0,0.190995
0,0.206381
0,0.224243
0,0.24091
0,0.257111
0,0.27296
0,0.289434
0,0.307643
0,0.32417
0,0.339413
0,0.356864
0,0.373329
0,0.389207
0,0.407485
0,0.42348
0,0.439694
0,0.457616
0,0.4727
0,0.490683
0,0.506531
0,0.522848
0,0.53985
0,0.557078
0,0.572874
0,0.589147
0,0.606275
0,0.623978
0,0.640781
0,0.656072
0,0.674147
0,0.689799
0,0.706205
0,0.72339
0,0.741292
0,0.757614
0,0.772862
0,0.790815
0,0.806547
0,0.822642
0,0.840163
0,0.856275
0,0.872584
0,0.890084
0,0.906354
0,0.922474
0,0.94024
0,0.95619
0,0.972701
0,0.990753
0,1.00624
0,1.02281
0,1.03937
0,1.05705
0,1.07269
0,1.09072
0,1.1063
0,1.12471
0,1.13989
0,1.15769
0,1.17249
0,1.19002
0,1.20797
0,1.22245
0,1.2398
0,1.25731
0,1.27261
0,1.2914
0,1.30705
0,1.32297
0,1.34153
0,1.35637
0,1.37359
0,1.38933
0,1.40682
0,1.42265
0,1.44165
0,1.45683
0,1.47405
0,1.48985
0,1.50705
0,1.52462
0,1.54041
0,1.5572
0,1.57256
0,1.59104
0,1.60648
0,1.62432
0,1.64036
0,1.65602
0,1.67437
0,1.68985
0,1.70769
0,1.72253
0,1.73925
0,1.75587
0,1.77265
0,1.79031
0,1.80623
0,1.82421
0,1.8398
0,1.85804
0,1.87368
0,1.8898
0,1.9074
0,1.92297
0,1.94009
0,1.95607
0,1.97432
0,1.98938
0,2.00734
0,2.02271
0,2.03926
0,2.05743
0,2.07342
0,2.08947
0,2.10801
0,2.12312
0,2.14025
0,2.15648
0,2.17445
0,2.1905
0,2.20728
0,2.22415
0,2.23957
0,2.25681
8.29677,2.27351
8.29677,2.29007
8.29677,2.306
8.29677,2.32279
8.29677,2.34041
8.29677,2.35677
8.29677,2.37473
8.29677,2.39033
8.29677,2.40621
8.29677,2.42284
8.29677,2.43988
8.29677,2.45712
8.29677,2.47305
8.29677,2.48966
8.29677,2.50736
8.29677,2.52297
8.29677,2.53989
8.29677,2.55722
8.29677,2.57351
8.29677,2.58914
8.29677,2.60686
8.29677,2.62293
8.29677,2.63955
8.29677,2.65675
8.29677,2.67397
8.29677,2.68968
8.29677,2.70626
8.29677,2.72383
8.29677,2.73989
8.29677,2.75687
8.29677,2.77414
8.29677,2.79039
8.29677,2.80813
8.29677,2.82378
8.29677,2.83965
8.29677,2.85617
8.29677,2.8734
8.29677,2.89041
8.29677,2.90636
8.29677,2.92288
8.29677,2.94048
8.29677,2.95647
8.29677,2.97354
8.29677,2.9914
8.29677,3.00766
8.29677,3.02366
8.29677,3.03971
8.29677,3.05783
8.29677,3.07357
8.29677,3.08981
8.29677,3.10735
8.29677,3.12302
8.29677,3.13991
8.29677,3.15729
8.29677,3.17376
8.29677,3.19061
8.29677,3.20594
8.29677,3.22322
8.29677,3.23914
8.29677,3.25764
8.29677,3.2737
8.29677,3.2895
8.29677,3.30809
8.29677,3.32342
8.29677,3.34041
8.29677,3.35601
8.29677,3.37384
8.29677,3.39163
8.29677,3.40635
8.29677,3.42391
8.29677,3.44113
8.29677,3.45643
8.29677,3.47278
8.29677,3.49062
8.29677,3.50636
8.29677,3.52249
8.29677,3.53994
8.29677,3.55677
8.29677,3.57432
8.29677,3.58993
8.29677,3.6076
8.29677,3.62473
8.29677,3.63993
8.29677,3.65744
8.29677,3.6729
8.29677,3.68931
8.29677,3.7074
8.29677,3.72292
8.29677,3.74145
8.29677,3.75666
8.29677,3.77351
8.29677,3.7911
8.29677,3.80667
8.29677,3.82447
8.29677,3.83918
8.29677,3.85649
8.29677,3.87385
8.29677,3.88983
8.29677,3.90597
8.29677,3.92404
8.29677,3.93953
8.29677,3.95813
8.29677,3.97345
8.29677,3.99076
8.29677,4.00639
8.29677,4.02421
8.29677,4.03933
8.29677,4.05688
8.29677,4.07442
8.29677,4.08958
8.29677,4.10602
8.29677,4.1239
8.29677,4.13954
8.29677,4.15764
8.29677,4.17381
8.29677,4.19142
8.29677,4.20594
8.29677,4.22378
8.29677,4.23959
8.29677,4.25666
8.29677,4.27405
8.29677,4.28939
8.29677,4.30668
8.29677,4.32264
8.29677,4.34098
8.29677,4.35674
8.29677,4.37258
8.29677,4.39065
8.29677,4.40821
8.29677,4.42256
9.20652,4.44053
9.20652,4.45624
9.20652,4.47315
9.20652,4.49064
9.20652,4.50814
9.20652,4.52329
9.20652,4.53943
9.20652,4.55755
9.20652,4.57332
9.20652,4.59147
9.20652,4.60751
9.20652,4.62247
9.20652,4.63958
9.20652,4.65742
9.20652,4.67293
9.20652,4.68996
9.20652,4.70738
9.20652,4.72481
9.20652,4.74001
9.20652,4.75593
9.20652,4.77419
9.20652,4.79017
9.20652,4.80817
9.20652,4.82428
9.20652,4.83941
9.20652,4.85596
9.20652,4.87397
9.20652,4.88965
9.20652,4.90731
9.20652,4.92258
9.20652,4.93942
9.20652,4.95713
9.20652,4.97252
9.20652,4.99153
9.20652,5.0072
9.20652,5.02295
9.20652,5.04139
9.20652,5.05613
9.20652,5.07314
9.20652,5.09092
9.20652,5.10655
9.20652,5.12276
9.20652,5.14147
9.20652,5.15637
9.20652,5.17424
9.20652,5.18928
9.20652,5.20592
9.20652,5.22257
9.20652,5.24039
9.20652,5.25588
9.20652,5.27327
9.20652,5.29032
9.20652,5.30676
9.20652,5.3248
9.20652,5.34086
9.20652,5.35739
9.20652,5.37467
9.20652,5.38965
9.20652,5.4068
9.20652,5.4233
9.20652,5.43979
9.20652,5.4577
9.20652,5.47304
9.20652,5.48958
9.20652,5.50758
9.20652,5.52358
9.20652,5.54154
9.20652,5.55754
9.20652,5.57404
9.20652,5.59077
9.20652,5.60598
9.20652,5.62297
9.20652,5.63935
9.20652,5.65588
9.20652,5.67377
9.20652,5.68919
9.20652,5.70669
9.20652,5.7237
9.20652,5.73937
9.20652,5.75708
9.20652,5.77307
9.20652,5.78955
9.20652,5.80632
9.20652,5.82405
9.20652,5.83923
9.20652,5.85784
9.20652,5.87368
9.20652,5.8894
9.20652,5.90765
9.20652,5.92252
9.20652,5.9394
9.20652,5.95724
9.20652,5.97283
9.20652,5.99015
9.20652,6.00755
9.20652,6.02312
9.20652,6.04033
9.20652,6.05606
9.20652,6.07446
9.20652,6.09014
9.20652,6.1082
9.20652,6.12414
9.20652,6.13968
9.20652,6.15627
9.20652,6.17432
9.20652,6.19
9.20652,6.20599
9.20652,6.22452
9.20652,6.23943
9.20652,6.25709
9.20652,6.27252
9.20652,6.29141
9.20652,6.3069
9.20652,6.32302
9.20652,6.3415
9.20652,6.35636
9.20652,6.37363
9.20652,6.38942
9.20652,6.40716
9.20652,6.42308
9.20652,6.43934
9.20652,6.45631
9.20652,6.47398
9.20652,6.48936
9.20652,6.50824
9.20652,6.52384
9.20652,6.53964
9.20652,6.55759
9.20652,6.57258
9.20652,6.58964
9.22976,6.60743
9.22976,6.62313
9.22976,6.64051
9.22976,6.65757
9.22976,6.67502
9.22976,6.69007
9.22976,6.70589
9.22976,6.72424
9.22976,6.74005
9.22976,6.75784
9.22976,6.77401
9.22976,6.78941
9.22976,6.80596
9.22976,6.82392
9.22976,6.83935
9.22976,6.85637
9.22976,6.87378
9.22976,6.89111
9.22976,6.90641
9.22976,6.92267
9.22976,6.94054
9.22976,6.95634
9.22976,6.97426
9.22976,6.99049
9.22976,7.00785
9.22976,7.02294
9.22976,7.04056
9.22976,7.05608
9.22976,7.07324
9.22976,7.09068
9.22976,7.10838
9.22976,7.12353
9.22976,7.13939
9.22976,7.15782
9.22976,7.17357
9.22976,7.1893
9.22976,7.20758
9.22976,7.2231
9.22976,7.23972
9.22976,7.25746
9.22976,7.27302
9.22976,7.28983
9.22976,7.30713
9.22976,7.32437
9.22976,7.33947
9.22976,7.35654
9.22976,7.37306
9.22976,7.39068
9.22976,7.40653
9.22976,7.42457
9.22976,7.44003
9.22976,7.45697
9.22976,7.47266
9.22976,7.49031
9.22976,7.50768
9.22976,7.52444
9.22976,7.53965
9.22976,7.55682
9.22976,7.57257
9.22976,7.59086
9.22976,7.60676
9.22976,7.62447
9.22976,7.64042
9.22976,7.6582
9.22976,7.67284
9.22976,7.69024
9.22976,7.70687
9.22976,7.7231
9.22976,7.7399
9.22976,7.75723
9.22976,7.77358
9.22976,7.79124
9.22976,7.80667
9.22976,7.82491
9.22976,7.84029
9.22976,7.85601
9.22976,7.87344
9.22976,7.89114
9.22976,7.90768
9.22976,7.92507
9.22976,7.94082
9.22976,7.95765
9.22976,7.97296
9.22976,7.99158
9.22976,8.00714
9.22976,8.02489
9.22976,8.04064
9.22976,8.05608
9.22976,8.0742
9.22976,8.08951
9.22976,8.10729
9.22976,8.12396
9.22976,8.14161
9.22976,8.15742
9.22976,8.17416
9.22976,8.18953
9.22976,8.2079
9.22976,8.22351
9.22976,8.24122
9.22976,8.25703
9.22976,8.27257
9.22976,8.29021
9.22976,8.30723
9.22976,8.32308
9.22976,8.34007
9.22976,8.35731
9.22976,8.37307
9.22976,8.38971
9.22976,8.40711
9.22976,8.4233
9.22976,8.44089
9.22976,8.45647
9.22976,8.47432
9.22976,8.49071
9.22976,8.50755
9.22976,8.52281
9.22976,8.54003
9.22976,8.55617
9.22976,8.57454
9.22976,8.59008
9.22976,8.60821
9.22976,8.62294
9.22976,8.64011
9.22976,8.65788
9.22976,8.67339
9.22976,8.69005
9.22976,8.70745
9.22976,8.72492
9.22976,8.74007
9.22976,8.75612
9.26504,8.77442
9.26504,8.78995
9.26504,8.8076
9.26504,8.82356
9.26504,8.84101
9.26504,8.85821
9.26504,8.87402
9.26504,8.88962
9.26504,8.90649
9.26504,8.92374
9.26504,8.94098
9.26504,8.95624
9.26504,8.97268
9.26504,8.99081
9.26504,9.00621
9.26504,9.02401
9.26504,9.04012
9.26504,9.05768
9.26504,9.07491
9.26504,9.09036
9.26504,9.10828
9.26504,9.12286
9.26504,9.14018
9.26504,9.15757
9.26504,9.17261
9.26504,9.18988
9.26504,9.20618
9.26504,9.22388
9.26504,9.2395
9.26504,9.25754
9.26504,9.27303
9.26504,9.29
9.26504,9.30793
9.26504,9.32353
9.26504,9.34099
9.26504,9.35771
9.26504,9.37305
9.26504,9.39023
9.26504,9.40606
9.26504,9.42439
9.26504,9.4402
9.26504,9.45789
9.26504,9.47362
9.26504,9.49122
9.26504,9.5066
9.26504,9.5234
9.26504,9.53989
9.26504,9.55613
9.26504,9.57299
9.26504,9.59053
9.26504,9.60701
9.26504,9.62461
9.26504,9.64007
9.26504,9.65613
9.26504,9.67384
9.26504,9.6896
9.26504,9.70696
9.26504,9.72454
9.26504,9.74112
9.26504,9.75847
9.26504,9.77415
9.26504,9.79097
9.26504,9.80615
9.26504,9.82457
9.26504,9.84027
9.26504,9.85778
9.26504,9.87353
9.26504,9.88975
9.26504,9.90689
9.26504,9.92398
9.26504,9.93986
9.26504,9.95678
9.26504,9.97409
9.26504,9.99012
9.26504,10.0068
9.26504,10.0241
9.26504,10.0404
9.26504,10.0582
9.26504,10.0738
9.26504,10.0896
9.26504,10.1079
9.26504,10.1228
9.26504,10.1398
9.26504,10.1569
9.26504,10.1731
9.26504,10.1916
9.26504,10.2071
9.26504,10.2251
9.26504,10.2401
9.26504,10.2572
9.26504,10.2729
9.26504,10.2908
9.26504,10.3065
9.26504,10.3228
9.26504,10.3397
9.26504,10.3572
9.26504,10.3728
9.26504,10.3919
9.26504,10.4074
9.26504,10.4229
9.26504,10.4408
9.26504,10.4562
9.26504,10.4728
9.26504,10.4906
9.26504,10.5061
9.26504,10.5229
9.26504,10.5402
9.26504,10.5575
9.26504,10.5729
9.26504,10.5897
9.26504,10.6064
9.26504,10.6242
9.26504,10.6399
9.26504,10.6561
9.26504,10.6737
9.26504,10.6907
9.26504,10.707
9.26504,10.7246
9.26504,10.7398
9.26504,10.7562
9.26504,10.7734
9.26504,10.7908
9.26504,10.8064
9.26504,10.8226
9.26504,10.8404
9.26504,10.8583
9.26504,10.8741
9.26504,10.8894
9.26504,10.9064
9.276,10.9244
9.276,10.9399
9.276,10.9573
9.276,10.974
9.276,10.9896
9.276,11.0069
9.276,11.0226
9.276,11.0411
9.276,11.0568
9.276,11.0744
9.276,11.0903
9.276,11.1079
9.276,11.1237
9.276,11.1402
9.276,11.1567
9.276,11.1732
9.276,11.1898
9.276,11.2073
9.276,11.2232
9.276,11.2394
9.276,11.2571
9.276,11.2729
9.276,11.2906
9.276,11.3062
9.276,11.324
9.276,11.3396
9.276,11.3564
9.276,11.3727
9.276,11.3911
9.276,11.4078
9.276,11.423
9.276,11.4412
9.276,11.4568
9.276,11.4743
9.276,11.4901
9.276,11.5064
9.276,11.5234
9.276,11.5405
9.276,11.5563
9.276,11.573
9.276,11.5902
9.276,11.6079
9.276,11.623
9.276,11.6398
9.276,11.6581
9.276,11.6739
9.276,11.6894
9.276,11.7073
9.276,11.7234
9.276,11.7402
9.276,11.758
9.276,11.7729
9.276,11.792
9.276,11.8074
9.276,11.823
9.276,11.8407
9.276,11.8583
9.276,11.8728
9.276,11.8908
9.276,11.9063
9.276,11.9227
9.276,11.9398
9.276,11.9572
9.276,11.9744
9.276,11.9899
9.276,12.0062
9.276,12.0239
9.276,12.0416
9.276,12.0572
9.276,12.075
9.276,12.0896
9.276,12.1072
9.276,12.124
9.276,12.1399
9.276,12.1566
9.276,12.1739
9.276,12.1904
9.276,12.2084
9.276,12.2236
9.276,12.2416
9.276,12.2568
9.276,12.2746
9.276,12.2898
9.276,12.3077
9.276,12.3245
9.276,12.3416
9.276,12.3571
9.276,12.3739
9.276,12.3912
9.276,12.4075
9.276,12.4232
9.276,12.4407
9.276,12.4566
9.276,12.4749
9.276,12.4898
9.276,12.5069
9.276,12.5227
9.276,12.5395
9.276,12.5564
9.276,12.5742
9.276,12.5894
9.276,12.6069
9.276,12.624
9.276,12.6399
9.276,12.6578
9.276,12.6734
9.276,12.6894
9.276,12.7063
9.276,12.7239
9.276,12.7393
9.276,12.758
9.276,12.7735
9.276,12.7911
9.276,12.8068
9.276,12.8242
9.276,12.8409
9.276,12.8564
9.276,12.874
9.276,12.891
9.276,12.9078
9.276,12.9229
9.276,12.9402
9.276,12.9565
9.276,12.9738
9.276,12.9897
9.276,13.0071
9.276,13.0228
9.276,13.0404
9.276,13.0563
9.3095,13.0727
9.3095,13.0898
9.3095,13.1073
9.3095,13.1239
9.3095,13.1412
9.3095,13.1576
9.3095,13.1731
9.3095,13.1904
9.3095,13.2062
9.3095,13.2243
9.3095,13.2415
9.3095,13.2565
9.3095,13.2736
9.3095,13.2897
9.3095,13.308
9.3095,13.3236
9.3095,13.3414
9.3095,13.3564
9.3095,13.3734
9.3095,13.3917
9.3095,13.407
9.3095,13.4237
9.3095,13.4408
9.3095,13.4584
9.3095,13.4735
9.3095,13.4895
9.3095,13.5075
9.3095,13.523
9.3095,13.5407
9.3095,13.5565
9.3095,13.574
9.3095,13.591
9.3095,13.6066
9.3095,13.6241
9.3095,13.6411
9.3095,13.6581
9.3095,13.6732
9.3095,13.6905
9.3095,13.706
9.3095,13.7242
9.3095,13.7399
9.3095,13.7572
9.3095,13.773
9.3095,13.7905
9.3095,13.8063
9.3095,13.823
9.3095,13.84
9.3095,13.8574
9.3095,13.8741
9.3095,13.8914
9.3095,13.9077
9.3095,13.9234
9.3095,13.9407
9.3095,13.9566
9.3095,13.9749
9.3095,13.9899
9.3095,14.0069
9.3095,14.0228
9.3095,14.0405
9.3095,14.0563
9.3095,14.0739
9.3095,14.0917
9.3095,14.1067
9.3095,14.1237
9.3095,14.1396
9.3095,14.157
9.3095,14.1733
9.3095,14.1904
9.3095,14.2078
9.3095,14.2228
9.3095,14.24
9.3095,14.2583
9.3095,14.2739
9.3095,14.2913
9.3095,14.3068
9.3095,14.3244
9.3095,14.3399
9.3095,14.3566
9.3095,14.3736
9.3095,14.3909
9.3095,14.4075
9.3095,14.4247
9.3095,14.4411
9.3095,14.4568
9.3095,14.4741
9.3095,14.4898
9.3095,14.5079
9.3095,14.523
9.3095,14.5404
9.3095,14.5562
9.3095,14.5733
9.3095,14.5903
9.3095,14.6079
9.3095,14.623
9.3095,14.6398
9.3095,14.6562
9.3095,14.674
9.3095,14.6917
9.3095,14.7072
9.3095,14.7231
9.3095,14.74
9.3095,14.7578
9.3095,14.7728
9.3095,14.792
9.3095,14.8074
9.3095,14.823
9.3095,14.8407
9.3095,14.8584
9.3095,14.8729
9.3095,14.8908
9.3095,14.9062
9.3095,14.9232
9.3095,14.9396
9.3095,14.9571
9.3095,14.9744
9.3095,14.9899
9.3095,15.0064
9.3095,15.0238
9.3095,15.0418
9.3095,15.0574
9.3095,15.0727
9.3095,15.0896
9.3095,15.1074
9.3095,15.1234
9.3095,15.1417
9.3095,15.1584
9.3095,15.1733
9.3095,15.1918
9.34169,15.2072
9.34169,15.2244
9.34169,15.2401
9.34169,15.258
9.34169,15.2731
9.34169,15.2904
9.34169,15.3062
9.34169,15.3232
9.34169,15.34
9.34169,15.3577
9.34169,15.3734
9.34169,15.3902
9.34169,15.4072
9.34169,15.423
9.34169,15.4401
9.34169,15.4564
9.34169,15.4736
9.34169,15.491
9.34169,15.5062
9.34169,15.5234
9.34169,15.5397
9.34169,15.557
9.34169,15.5747
9.34169,15.5904
9.34169,15.608
9.34169,15.6238
9.34169,15.6407
9.34169,15.6563
9.34169,15.6733
9.34169,15.6897
9.34169,15.7071
9.34169,15.723
9.34169,15.7412
9.34169,15.7562
9.34169,15.7738
9.34169,15.7897
9.34169,15.8067
9.34169,15.824
9.34169,15.84
9.34169,15.8567
9.34169,15.8737
9.34169,15.8911
9.34169,15.9065
9.34169,15.9231
9.34169,15.9412
9.34169,15.957
9.34169,15.9742
9.34169,15.99
9.34169,16.008
9.34169,16.0234
9.34169,16.0406
9.34169,16.0563
9.34169,16.0744
9.34169,16.0896
9.34169,16.107
9.34169,16.1244
9.34169,16.1397
9.34169,16.1568
9.34169,16.1748
9.34169,16.19
9.34169,16.207
9.34169,16.2233
9.34169,16.2407
9.34169,16.2566
9.34169,16.2742
9.34169,16.2913
9.34169,16.3067
9.34169,16.325
9.34169,16.3397
9.34169,16.3566
9.34169,16.3729
9.34169,16.3895
9.34169,16.4064
9.34169,16.4238
9.34169,16.4417
9.34169,16.4565
9.34169,16.4735
9.34169,16.4896
9.34169,16.5068
9.34169,16.5228
9.34169,16.54
9.34169,16.5574
9.34169,16.5751
9.34169,16.59
9.34169,16.608
9.34169,16.6233
9.34169,16.6404
9.34169,16.6564
9.34169,16.6739
9.34169,16.6896
9.34169,16.7064
9.34169,16.7252
9.34169,16.7404
9.34169,16.7567
9.34169,16.774
9.34169,16.7904
9.34169,16.8079
9.34169,16.8232
9.34169,16.8406
9.34169,16.8564
9.34169,16.8734
9.34169,16.8909
9.34169,16.9063
9.34169,16.9247
9.34169,16.9399
9.34169,16.9575
9.34169,16.9733
9.34169,16.9909
9.34169,17.0079
9.34169,17.0233
9.34169,17.0406
9.34169,17.0572
9.34169,17.0738
9.34169,17.0911
9.34169,17.1064
9.34169,17.1232
9.34169,17.1403
9.34169,17.1578
9.34169,17.173
9.34169,17.1903
9.34169,17.2075
9.34169,17.2234
9.34169,17.2399
9.34169,17.2564
9.34169,17.2737
9.34169,17.2917
9.34169,17.3067
9.34169,17.3238
9.38811,17.3397
9.38811,17.3568
9.38811,17.3729
9.38811,17.39
9.38811,17.4074
9.38811,17.4246
9.38811,17.44
9.38811,17.4561
9.38811,17.4736
9.38811,17.4908
9.38811,17.5064
9.38811,17.524
9.38811,17.5395
9.38811,17.5566
9.38811,17.5733
9.38811,17.5906
9.38811,17.6073
9.38811,17.6247
9.38811,17.6412
9.38811,17.657
9.38811,17.6742
9.38811,17.6895
9.38811,17.7075
9.38811,17.7242
9.38811,17.7399
9.38811,17.7567
9.38811,17.7728
9.38811,17.7909
9.38811,17.8085
9.38811,17.8242
9.38811,17.8419
9.38811,17.8564
9.38811,17.874
9.38811,17.8912
9.38811,17.9079
9.38811,17.9242
9.38811,17.9396
9.38811,17.9571
9.38811,17.9728
9.38811,17.9911
9.38811,18.0063
9.38811,18.0236
9.38811,18.0414
9.38811,18.0571
9.38811,18.0728
9.38811,18.0897
9.38811,18.1086
9.38811,18.1237
9.38811,18.14
9.38811,18.1573
9.38811,18.1734
9.38811,18.1912
9.38811,18.2064
9.38811,18.224
9.38811,18.2401
9.38811,18.2572
9.38811,18.2736
9.38811,18.29
9.38811,18.3072
9.38811,18.3246
9.38811,18.3403
9.38811,18.3572
9.38811,18.3745
9.38811,18.39
9.38811,18.4062
9.38811,18.4253
9.38811,18.4407
9.38811,18.4586
9.38811,18.4741
9.38811,18.4902
9.38811,18.5078
9.38811,18.5243
9.38811,18.5398
9.38811,18.5562
9.38811,18.5739
9.38811,18.5921
9.38811,18.6075
9.38811,18.6229
9.38811,18.6397
9.38811,18.6586
9.38811,18.6741
9.38811,18.69
9.38811,18.7073
9.38811,18.7248
9.38811,18.7414
9.38811,18.7565
9.38811,18.7744
9.38811,18.7898
9.38811,18.8077
9.38811,18.8235
9.38811,18.8398
9.38811,18.8576
9.38811,18.8731
9.38811,18.8902
9.38811,18.9074
9.38811,18.9231
9.38811,18.941
9.38811,18.9571
9.38811,18.9734
9.38811,18.9896
9.38811,19.0072
9.38811,19.0235
9.38811,19.042
9.38811,19.0569
9.38811,19.074
9.38811,19.0912
9.38811,19.1069
9.38811,19.1231
9.38811,19.1403
9.38811,19.1562
9.38811,19.1738
9.38811,19.1904
9.38811,19.2066
9.38811,19.2243
9.38811,19.2398
9.38811,19.257
9.38811,19.274
9.38811,19.2903
9.38811,19.3078
9.38811,19.3242
9.38811,19.3396
9.38811,19.3575
9.38811,19.3733
9.38811,19.3921
9.38811,19.4065
9.38811,19.4256
9.38811,19.441
9.38811,19.4578
9.38811,19.4734
9.38811,19.4907
9.21094,19.5071
9.21094,19.5246
9.21094,19.5402
9.21094,19.5577
9.21094,19.5739
9.21094,19.5899
9.21094,19.6078
9.21094,19.6243
9.21094,19.6408
9.21094,19.6571
9.21094,19.6731
9.21094,19.6905
9.21094,19.7064
9.21094,19.7235
9.21094,19.7403
9.21094,19.7578
9.21094,19.7737
9.21094,19.7896
9.21094,19.8076
9.21094,19.8231
9.21094,19.8406
9.21094,19.857
9.21094,19.8747
9.21094,19.8906
9.21094,19.9068
9.21094,19.9242
9.21094,19.9402
9.21094,19.9568
9.21094,19.9743
9.21094,19.9914
9.21094,20.0072
9.21094,20.0241
9.21094,20.04
9.21094,20.0564
9.21094,20.0752
9.21094,20.0898
9.21094,20.1073
9.21094,20.1252
9.21094,20.1399
9.21094,20.1571
9.21094,20.174
9.21094,20.1902
9.21094,20.2068
9.21094,20.2234
9.21094,20.2406
9.21094,20.2585
9.21094,20.2736
9.21094,20.2917
9.21094,20.3082
9.21094,20.3244
9.21094,20.3396
9.21094,20.3564
9.21094,20.373
9.21094,20.391
9.21094,20.4069
9.21094,20.4238
9.21094,20.4397
9.21094,20.4568
9.21094,20.4741
9.21094,20.4919
9.21094,20.5063
9.21094,20.5239
9.21094,20.5409
9.21094,20.5585
9.21094,20.5741
9.21094,20.5918
9.21094,20.6067
9.21094,20.6246
9.21094,20.64
9.21094,20.6568
9.21094,20.6733
9.21094,20.6911
9.21094,20.7066
9.21094,20.7229
9.21094,20.7408
9.21094,20.7581
9.21094,20.7733
9.21094,20.7912
9.21094,20.8068
9.21094,20.8251
9.21094,20.8398
9.21094,20.8581
9.21094,20.8734
9.21094,20.8898
9.21094,20.9074
9.21094,20.9238
9.21094,20.9404
9.21094,20.9576
9.21094,20.9729
9.21094,20.991
9.21094,21.0078
9.21094,21.0231
9.21094,21.0403
9.21094,21.0602
9.21094,21.0745
9.21094,21.0907
9.21094,21.1077
9.21094,21.1247
9.21094,21.1399
9.21094,21.1562
9.21094,21.1731
9.21094,21.1902
9.21094,21.2074
9.21094,21.2248
9.21094,21.2404
9.21094,21.2581
9.21094,21.2733
9.21094,21.2914
9.21094,21.3069
9.21094,21.3239
9.21094,21.3396
9.21094,21.3563
9.21094,21.3747
9.21094,21.3919
9.21094,21.4069
9.21094,21.4247
9.21094,21.4398
9.21094,21.4569
9.21094,21.473
9.21094,21.4898
9.21094,21.5079
9.21094,21.5232
9.21094,21.5407
9.21094,21.5582
9.21094,21.5729
9.21094,21.591
9.21094,21.6079
9.21094,21.6244
9.21094,21.6411
9.21094,21.6565
9.21094,21.6739
9.15714,21.6902
9.15714,21.7077
9.15714,21.7229
9.15714,21.74
9.15714,21.758
9.15714,21.7736
9.15714,21.7903
9.15714,21.8067
9.15714,21.8236
9.15714,21.8397
9.15714,21.8582
9.15714,21.8732
9.15714,21.8916
9.15714,21.9072
9.15714,21.9239
9.15714,21.9411
9.15714,21.9565
9.15714,21.9736
9.15714,21.9915
9.15714,22.0064
9.15714,22.0254
9.15714,22.0401
9.15714,22.0572
9.15714,22.0752
9.15714,22.0905
9.15714,22.1076
9.15714,22.1233
9.15714,22.1401
9.15714,22.1564
9.15714,22.1747
9.15714,22.1898
9.15714,22.2081
9.15714,22.2236
9.15714,22.2404
9.15714,22.2575
9.15714,22.2749
9.15714,22.2902
9.15714,22.3073
9.15714,22.3231
9.15714,22.3409
9.15714,22.3581
9.15714,22.3731
9.15714,22.3904
9.15714,22.4078
9.15714,22.4232
9.15714,22.44
9.15714,22.4578
9.15714,22.4729
9.15714,22.4905
9.15714,22.5068
9.15714,22.5232
9.15714,22.5411
9.15714,22.5578
9.15714,22.573
9.15714,22.5905
9.15714,22.6079
9.15714,22.6231
9.15714,22.6402
9.15714,22.6563
9.15714,22.6733
9.15714,22.6904
9.15714,22.7081
9.15714,22.7235
9.15714,22.7415
9.15714,22.7586
9.15714,22.7745
9.15714,22.7915
9.15714,22.8065
9.15714,22.823
9.15714,22.8412
9.15714,22.8568
9.15714,22.8736
9.15714,22.892
9.15714,22.9082
9.15714,22.9236
9.15714,22.941
9.15714,22.9565
9.15714,22.9743
9.15714,22.9897
9.15714,23.0064
9.15714,23.024
9.15714,23.0411
9.15714,23.0571
9.15714,23.074
9.15714,23.0898
9.15714,23.107
9.15714,23.1245
9.15714,23.1398
9.15714,23.1566
9.15714,23.1746
9.15714,23.1916
9.15714,23.2076
9.15714,23.2238
9.15714,23.2412
9.15714,23.2563
9.15714,23.2755
9.15714,23.29
9.15714,23.307
9.15714,23.3247
9.15714,23.3413
9.15714,23.3565
9.15714,23.3737
9.15714,23.3922
9.15714,23.4068
9.15714,23.4238
9.15714,23.4411
9.15714,23.4564
9.15714,23.4735
9.15714,23.4915
9.15714,23.5064
9.15714,23.5247
9.15714,23.541
9.15714,23.5585
9.15714,23.5749
9.15714,23.5907
9.15714,23.6076
9.15714,23.6246
9.15714,23.6401
9.15714,23.6569
9.15714,23.6747
9.15714,23.6899
9.15714,23.7085
9.15714,23.7233
9.15714,23.7405
9.15714,23.7578
9.15714,23.7732
9.15714,23.7902
9.48591,23.8077
9.48591,23.8255
9.48591,23.8402
9.48591,23.8566
9.48591,23.874
9.48591,23.8903
9.48591,23.9082
9.48591,23.9248
9.48591,23.9398
9.48591,23.9573
9.48591,23.9747
9.48591,23.9901
9.48591,24.0065
9.48591,24.0236
9.48591,24.0403
9.48591,24.0572
9.48591,24.0748
9.48591,24.0902
9.48591,24.1085
9.48591,24.1233
9.48591,24.141
9.48591,24.1582
9.48591,24.1729
9.48591,24.1909
9.48591,24.2078
9.48591,24.2239
9.48591,24.2405
9.48591,24.2588
9.48591,24.273
9.48591,24.2904
9.48591,24.3077
9.48591,24.3235
9.48591,24.341
9.48591,24.3579
9.48591,24.3737
9.48591,24.3904
9.48591,24.4077
9.48591,24.4236
9.48591,24.4402
9.48591,24.4577
9.48591,24.4752
9.48591,24.4906
9.48591,24.5081
9.48591,24.5233
9.48591,24.541
9.48591,24.5577
9.48591,24.5738
9.48591,24.59
9.48591,24.6074
9.48591,24.6234
9.48591,24.6414
9.48591,24.6566
9.48591,24.6751
9.48591,24.6902
9.48591,24.7074
9.48591,24.7247
9.48591,24.7415
9.48591,24.7568
9.48591,24.7733
9.48591,24.7912
9.48591,24.8074
9.48591,24.8248
9.48591,24.8409
9.48591,24.8566
9.48591,24.8732
9.48591,24.8901
9.48591,24.9074
9.48591,24.9247
9.48591,24.9401
9.48591,24.9564
9.48591,24.9733
9.48591,24.9903
9.48591,25.0073
9.48591,25.0249
9.48591,25.0402
9.48591,25.0582
9.48591,25.0731
9.48591,25.0907
9.48591,25.108
9.48591,25.1237
9.48591,25.141
9.48591,25.158
9.48591,25.1736
9.48591,25.1901
9.48591,25.2082
9.48591,25.2246
9.48591,25.24
9.48591,25.2573
9.48591,25.2733
9.48591,25.2907
9.48591,25.3077
9.48591,25.3253
9.48591,25.34
9.48591,25.3572
9.48591,25.3733
9.48591,25.3902
9.48591,25.4077
9.48591,25.4247
9.48591,25.4401
9.48591,25.4576
9.48591,25.4748
9.48591,25.4907
9.48591,25.5072
9.48591,25.5232
9.48591,25.5416
9.48591,25.5568
9.48591,25.5733
9.48591,25.591
9.48591,25.6075
9.48591,25.6244
9.48591,25.6398
9.48591,25.6582
9.48591,25.6736
9.48591,25.6909
9.48591,25.7087
9.48591,25.7232
9.48591,25.7403
9.48591,25.7575
9.48591,25.7753
9.48591,25.79
9.48591,25.8077
9.48591,25.8249
9.48591,25.8419
9.48591,25.8569
9.48591,25.8735
9.48591,25.8918
9.50574,25.9076
9.50574,25.9239
9.50574,25.942
9.50574,25.9581
9.50574,25.9738
9.50574,25.9913
9.50574,26.0069
9.50574,26.0243
9.50574,26.0411
9.50574,26.0589
9.50574,26.0736
9.50574,26.0908
9.50574,26.1069
9.50574,26.1235
9.50574,26.1408
9.50574,26.158
9.50574,26.1732
9.50574,26.1909
9.50574,26.2079
9.50574,26.2237
9.50574,26.2402
9.50574,26.2579
9.50574,26.2744
9.50574,26.292
9.50574,26.3087
9.50574,26.3242
9.50574,26.3406
9.50574,26.3575
9.50574,26.3748
9.50574,26.3902
9.50574,26.4075
9.50574,26.4231
9.50574,26.4408
9.50574,26.4574
9.50574,26.4742
9.50574,26.492
9.50574,26.5073
9.50574,26.523
9.50574,26.54
9.50574,26.557
9.50574,26.5741
9.50574,26.5916
9.50574,26.6067
9.50574,26.6238
9.50574,26.6413
9.50574,26.6578
9.50574,26.6734
9.50574,26.6898
9.50574,26.7072
9.50574,26.7232
9.50574,26.7411
9.50574,26.7575
9.50574,26.7746
9.50574,26.792
9.50574,26.8067
9.50574,26.8244
9.50574,26.8398
9.50574,26.8575
9.50574,26.8741
9.50574,26.8911
9.50574,26.9066
9.50574,26.9241
9.50574,26.9398
9.50574,26.9568
9.50574,26.9739
9.50574,26.9912
9.50574,27.0066
9.50574,27.0238
9.50574,27.041
9.50574,27.0569
9.50574,27.0734
9.50574,27.0914
9.50574,27.1078
9.50574,27.123
9.50574,27.1403
9.50574,27.1566
9.50574,27.1737
9.50574,27.1907
9.50574,27.2078
9.50574,27.2246
9.50574,27.24
9.50574,27.2572
9.50574,27.2736
9.50574,27.2901
9.50574,27.307
9.50574,27.3248
9.50574,27.3402
9.50574,27.3573
9.50574,27.375
9.50574,27.3901
9.50574,27.4072
9.50574,27.4235
9.50574,27.4409
9.50574,27.4572
9.50574,27.4753
9.50574,27.4916
9.50574,27.5064
9.50574,27.5236
9.50574,27.5409
9.50574,27.5587
9.50574,27.5736
9.50574,27.5909
9.50574,27.6076
9.50574,27.6253
9.50574,27.6404
9.50574,27.6577
9.50574,27.6736
9.50574,27.6899
9.50574,27.7074
9.50574,27.7245
9.50574,27.7399
9.50574,27.7574
9.50574,27.7744
9.50574,27.7901
9.50574,27.8064
9.50574,27.8241
9.50574,27.8403
9.50574,27.8577
9.50574,27.8739
9.50574,27.892
9.50574,27.9082
9.50574,27.9231
9.50574,27.9402
9.50574,27.9575
9.50574,27.9751
9.50574,27.9903
9.5756,28.0075
9.5756,28.0242
9.5756,28.0419
9.5756,28.0569
9.5756,28.0741
9.5756,28.0899
9.5756,28.1067
9.5756,28.1241
9.5756,28.1412
9.5756,28.1567
9.5756,28.174
9.5756,28.191
9.5756,28.2066
9.5756,28.2233
9.5756,28.241
9.5756,28.2572
9.5756,28.2746
9.5756,28.2907
9.5756,28.3068
9.5756,28.3232
9.5756,28.34
9.5756,28.3574
9.5756,28.3747
9.5756,28.3899
9.5756,28.4065
9.5756,28.4233
9.5756,28.44
9.5756,28.4568
9.5756,28.4743
9.5756,28.4898
9.5756,28.5077
9.5756,28.5239
9.5756,28.5414
9.5756,28.5565
9.5756,28.5742
9.5756,28.5916
9.5756,28.6067
9.5756,28.6244
9.5756,28.641
9.5756,28.6567
9.5756,28.6751
9.5756,28.6903
9.5756,28.7065
9.5756,28.7244
9.5756,28.7408
9.5756,28.7575
9.5756,28.775
9.5756,28.7904
9.5756,28.8075
9.5756,28.8233
9.5756,28.8406
9.5756,28.8573
9.5756,28.8741
9.5756,28.8921
9.5756,28.9073
9.5756,28.9253
9.5756,28.9399
9.5756,28.9568
9.5756,28.9737
9.5756,28.9917
9.5756,29.0067
9.5756,29.0237
9.5756,29.042
9.5756,29.0583
9.5756,29.074
9.5756,29.0903
9.5756,29.1077
9.5756,29.1237
9.5756,29.1416
9.5756,29.1578
9.5756,29.1746
9.5756,29.1898
9.5756,29.2067
9.5756,29.2243
9.5756,29.2397
9.5756,29.2575
9.5756,29.2741
9.5756,29.291
9.5756,29.3069
9.5756,29.3246
9.5756,29.3401
9.5756,29.357
9.5756,29.374
9.5756,29.3911
9.5756,29.407
9.5756,29.4239
9.5756,29.441
9.5756,29.4571
9.5756,29.4733
9.5756,29.4913
9.5756,29.5076
9.5756,29.5254
9.5756,29.5406
9.5756,29.5568
9.5756,29.574
9.5756,29.5908
9.5756,29.6081
9.5756,29.6252
9.5756,29.6408
9.5756,29.6569
9.5756,29.6733
9.5756,29.6907
9.5756,29.7076
9.5756,29.7232
9.5756,29.7409
9.5756,29.7579
9.5756,29.7737
9.5756,29.7899
9.5756,29.8075
9.5756,29.8239
9.5756,29.8411
9.5756,29.8574
9.5756,29.8733
9.5756,29.8916
9.5756,29.907
9.5756,29.9238
9.5756,29.9411
9.5756,29.9584
9.5756,29.9732
9.5756,29.9899
9.5756,30.0087
9.5756,30.0236
9.5756,30.0412
9.5756,30.0565
9.5756,30.0744
9.57573,30.0908
9.57573,30.1081
9.57573,30.125
9.57573,30.1407
9.57573,30.1583
9.57573,30.1754
9.57573,30.1912
9.57573,30.2074
9.57573,30.2253
9.57573,30.2415
9.57573,30.2565
9.57573,30.2751
9.57573,30.2906
9.57573,30.3074
9.57573,30.3243
9.57573,30.3414
9.57573,30.3567
9.57573,30.3739
9.57573,30.39
9.57573,30.407
9.57573,30.4235
9.57573,30.4404
9.57573,30.458
9.57573,30.4735
9.57573,30.4916
9.57573,30.5081
9.57573,30.5235
9.57573,30.5405
9.57573,30.5582
9.57573,30.5732
9.57573,30.5904
9.57573,30.6083
9.57573,30.6246
9.57573,30.6406
9.57573,30.6571
9.57573,30.6744
9.57573,30.6898
9.57573,30.7088
9.57573,30.725
9.57573,30.742
9.57573,30.7572
9.57573,30.7741
9.57573,30.792
9.57573,30.8069
9.57573,30.8251
9.57573,30.8416
9.57573,30.8567
9.57573,30.8741
9.57573,30.8917
9.57573,30.9076
9.57573,30.9243
9.57573,30.9414
9.57573,30.9583
9.57573,30.9734
9.57573,30.99
9.57573,31.008
9.57573,31.0241
9.57573,31.0403
9.57573,31.058
9.57573,31.0744
9.57573,31.0917
9.57573,31.107
9.57573,31.1237
9.57573,31.1421
9.57573,31.1567
9.57573,31.174
9.57573,31.191
9.57573,31.2066
9.57573,31.2234
9.57573,31.2412
9.57573,31.2577
9.57573,31.2749
9.57573,31.2904
9.57573,31.308
9.57573,31.3235
9.57573,31.3406
9.57573,31.3577
9.57573,31.3746
9.57573,31.3923
9.57573,31.4071
9.57573,31.4241
9.57573,31.4402
9.57573,31.4587
9.57573,31.4743
9.57573,31.4908
9.57573,31.5081
9.57573,31.5236
9.57573,31.5408
9.57573,31.557
9.57573,31.574
9.57573,31.5914
9.57573,31.6087
9.57573,31.6238
9.57573,31.6402
9.57573,31.6566
9.57573,31.674
9.57573,31.6912
9.57573,31.7066
9.57573,31.7241
9.57573,31.7411
9.57573,31.7573
9.57573,31.7735
9.57573,31.7913
9.57573,31.8077
9.57573,31.8251
9.57573,31.8412
9.57573,31.8569
9.57573,31.8733
9.57573,31.8902
9.57573,31.9075
9.57573,31.9248
9.57573,31.9401
9.57573,31.9571
9.57573,31.9744
9.57573,31.9912
9.57573,32.009
9.57573,32.0239
9.57573,32.0412
9.57573,32.0571
9.57573,32.0737
9.57573,32.0909
9.57573,32.108
9.57573,32.1236
9.57573,32.1409
9.57573,32.1579
9.58432,32.1737
9.58432,32.1899
9.58432,32.2078
9.58432,32.2242
9.58432,32.2416
9.58432,32.2577
9.58432,32.2734
9.58432,32.2918
9.58432,32.3068
9.58432,32.3243
9.58432,32.3415
9.58432,32.3568
9.58432,32.3737
9.58432,32.3911
9.58432,32.4076
9.58432,32.4251
9.58432,32.4402
9.58432,32.4576
9.58432,32.4737
9.58432,32.4905
9.58432,32.5077
9.58432,32.5249
9.58432,32.5404
9.58432,32.5581
9.58432,32.5751
9.58432,32.5909
9.58432,32.6073
9.58432,32.6251
9.58432,32.6422
9.58432,32.6572
9.58432,32.6732
9.58432,32.6912
9.58432,32.7075
9.58432,32.7244
9.58432,32.7418
9.58432,32.7566
9.58432,32.7744
9.58432,32.7898
9.58432,32.8071
9.58432,32.8238
9.58432,32.8406
9.58432,32.8582
9.58432,32.8735
9.58432,32.8914
9.58432,32.9079
9.58432,32.9254
9.58432,32.9405
9.58432,32.958
9.58432,32.9732
9.58432,32.9903
9.58432,33.0082
9.58432,33.0245
9.58432,33.0401
9.58432,33.0584
9.58432,33.0736
9.58432,33.0922
9.58432,33.1075
9.58432,33.1238
9.58432,33.1407
9.58432,33.158
9.58432,33.1751
9.58432,33.1905
9.58432,33.2067
9.58432,33.2233
9.58432,33.24
9.58432,33.2567
9.58432,33.2744
9.58432,33.2916
9.58432,33.3078
9.58432,33.324
9.58432,33.3413
9.58432,33.3584
9.58432,33.3736
9.58432,33.3912
9.58432,33.4082
9.58432,33.424
9.58432,33.4404
9.58432,33.4583
9.58432,33.4749
9.58432,33.4903
9.58432,33.507
9.58432,33.5251
9.58432,33.5414
9.58432,33.5582
9.58432,33.5736
9.58432,33.5903
9.58432,33.6081
9.58432,33.6233
9.58432,33.6412
9.58432,33.6577
9.58432,33.6746
9.58432,33.6901
9.58432,33.7076
9.58432,33.7235
9.58432,33.7406
9.58432,33.7577
9.58432,33.7748
9.58432,33.7902
9.58432,33.8072
9.58432,33.8245
9.58432,33.84
9.58432,33.8584
9.58432,33.8741
9.58432,33.8906
9.58432,33.9081
9.58432,33.9234
9.58432,33.9424
9.58432,33.9585
9.58432,33.9735
9.58432,33.9909
9.58432,34.0076
9.58432,34.0257
9.58432,34.0404
9.58432,34.0589
9.58432,34.0732
9.58432,34.0901
9.58432,34.1078
9.58432,34.1255
9.58432,34.1405
9.58432,34.1584
9.58432,34.1756
9.58432,34.1905
9.58432,34.2066
9.58432,34.2237
9.58432,34.2401
9.58604,34.2579
9.58604,34.2745
9.58604,34.2924
9.58604,34.3067
9.58604,34.3242
9.58604,34.3415
9.58604,34.357
9.58604,34.3743
9.58604,34.3914
9.58604,34.4088
9.58604,34.4238
9.58604,34.4414
9.58604,34.4575
9.58604,34.4743
9.58604,34.4917
9.58604,34.5068
9.58604,34.5246
9.58604,34.5401
9.58604,34.5569
9.58604,34.5747
9.58604,34.591
9.58604,34.6068
9.58604,34.6252
9.58604,34.6408
9.58604,34.6568
9.58604,34.6746
9.58604,34.6909
9.58604,34.7078
9.58604,34.7252
9.58604,34.74
9.58604,34.7579
9.58604,34.7733
9.58604,34.7908
9.58604,34.8075
9.58604,34.8245
9.58604,34.8399
9.58604,34.8577
9.58604,34.8733
9.58604,34.89
9.58604,34.9072
9.58604,34.9242
9.58604,34.9418
9.58604,34.9567
9.58604,34.9736
9.58604,34.9917
9.58604,35.008
9.58604,35.0238
9.58604,35.04
9.58604,35.0573
9.58604,35.0733
9.58604,35.0913
9.58604,35.1077
9.58604,35.1245
9.58604,35.1421
9.58604,35.1568
9.58604,35.1744
9.58604,35.19
9.58604,35.2077
9.58604,35.2244
9.58604,35.2411
9.58604,35.2586
9.58604,35.274
9.58604,35.2918
9.58604,35.3067
9.58604,35.3238
9.58604,35.3407
9.58604,35.3582
9.58604,35.3737
9.58604,35.3903
9.58604,35.4085
9.58604,35.4249
9.58604,35.4406
9.58604,35.4569
9.58604,35.4745
9.58604,35.4905
9.58604,35.5092
9.58604,35.5233
9.58604,35.5401
9.58604,35.5575
9.58604,35.5744
9.58604,35.5923
9.58604,35.6072
9.58604,35.6256
9.58604,35.6403
9.58604,35.6575
9.58604,35.6751
9.58604,35.6906
9.58604,35.7075
9.58604,35.7255
9.58604,35.7404
9.58604,35.7573
9.58604,35.7738
9.58604,35.7912
9.58604,35.8076
9.58604,35.8234
9.58604,35.8418
9.58604,35.8571
9.58604,35.874
9.58604,35.8915
9.58604,35.9067
9.58604,35.9238
9.58604,35.9409
9.58604,35.9575
9.58604,35.9757
9.58604,35.9905
9.58604,36.0079
9.58604,36.024
9.58604,36.0404
9.58604,36.0578
9.58604,36.0748
9.58604,36.0904
9.58604,36.1081
9.58604,36.125
9.58604,36.1407
9.58604,36.1571
9.58604,36.1747
9.58604,36.1912
9.58604,36.2084
9.58604,36.2247
9.58604,36.2406
9.58604,36.2569
9.58604,36.2739
9.58604,36.2911
9.58604,36.309
9.58604,36.324
9.58604,36.3401
9.5674,36.3576
9.5674,36.3741
9.5674,36.391
9.5674,36.4089
9.5674,36.4242
9.5674,36.44
9.5674,36.4571
9.5674,36.4741
9.5674,36.4911
9.5674,36.5088
9.5674,36.524
9.5674,36.5413
9.5674,36.5573
9.5674,36.5738
9.5674,36.5918
9.5674,36.6083
9.5674,36.6235
9.5674,36.641
9.5674,36.6567
9.5674,36.674
9.5674,36.6911
9.5674,36.7082
9.5674,36.7255
9.5674,36.7408
9.5674,36.7568
9.5674,36.7739
9.5674,36.7913
9.5674,36.8085
9.5674,36.8243
9.5674,36.8418
9.5674,36.8566
9.5674,36.8745
9.5674,36.8909
9.5674,36.9066
9.5674,36.9251
9.5674,36.9403
9.5674,36.9589
9.5674,36.9748
9.5674,36.9911
9.5674,37.0079
9.5674,37.0255
9.5674,37.0403
9.5674,37.0581
9.5674,37.0734
9.5674,37.0911
9.5674,37.1078
9.5674,37.1247
9.5674,37.1402
9.5674,37.1577
9.5674,37.1733
9.5674,37.19
9.5674,37.207
9.5674,37.2241
9.5674,37.2417
9.5674,37.2567
9.5674,37.2737
9.5674,37.2917
9.5674,37.3082
9.5674,37.3239
9.5674,37.3402
9.5674,37.3576
9.5674,37.3736
9.5674,37.3918
9.5674,37.408
9.5674,37.4249
9.5674,37.4402
9.5674,37.457
9.5674,37.4748
9.5674,37.4901
9.5674,37.5075
9.5674,37.5242
9.5674,37.541
9.5674,37.5585
9.5674,37.5738
9.5674,37.5917
9.5674,37.6083
9.5674,37.6234
9.5674,37.6408
9.5674,37.6584
9.5674,37.6735
9.5674,37.6908
9.5674,37.7068
9.5674,37.7233
9.5674,37.7413
9.5674,37.7578
9.5674,37.7753
9.5674,37.7906
9.5674,37.807
9.5674,37.824
9.5674,37.8407
9.5674,37.8582
9.5674,37.875
9.5674,37.8905
9.5674,37.9066
9.5674,37.9238
9.5674,37.9405
9.5674,37.9576
9.5674,37.9734
9.5674,37.9911
9.5674,38.008
9.5674,38.0239
9.5674,38.0402
9.5674,38.058
9.5674,38.0742
9.5674,38.0915
9.5674,38.1078
9.5674,38.1236
9.5674,38.1423
9.5674,38.157
9.5674,38.1743
9.5674,38.1919
9.5674,38.2071
9.5674,38.2236
9.5674,38.2405
9.5674,38.257
9.5674,38.2741
9.5674,38.2917
9.5674,38.3075
9.5674,38.3235
9.5674,38.3403
9.5674,38.3574
9.5674,38.3743
9.5674,38.3919
9.5674,38.4069
9.5674,38.424
9.56189,38.4422
9.56189,38.4585
9.56189,38.4742
9.56189,38.4905
9.56189,38.5078
9.56189,38.5244
9.56189,38.5404
9.56189,38.5568
9.56189,38.5738
9.56189,38.5912
9.56189,38.6083
9.56189,38.6235
9.56189,38.6403
9.56189,38.6567
9.56189,38.674
9.56189,38.6912
9.56189,38.7068
9.56189,38.7245
9.56189,38.7416
9.56189,38.7573
9.56189,38.7736
9.56189,38.7915
9.56189,38.8081
9.56189,38.8235
9.56189,38.842
9.56189,38.8575
9.56189,38.8738
9.56189,38.8907
9.56189,38.9081
9.56189,38.9258
9.56189,38.9409
9.56189,38.9567
9.56189,38.9739
9.56189,38.9906
9.56189,39.0076
9.56189,39.0256
9.56189,39.0411
9.56189,39.057
9.56189,39.0738
9.56189,39.0908
9.56189,39.108
9.56189,39.1258
9.56189,39.1409
9.56189,39.1581
9.56189,39.174
9.56189,39.1905
9.56189,39.2085
9.56189,39.2249
9.56189,39.2402
9.56189,39.2574
9.56189,39.2734
9.56189,39.2904
9.56189,39.3076
9.56189,39.3249
9.56189,39.3422
9.56189,39.3574
9.56189,39.3733
9.56189,39.3906
9.56189,39.4071
9.56189,39.424
9.56189,39.4418
9.56189,39.4573
9.56189,39.4745
9.56189,39.4904
9.56189,39.5067
9.56189,39.5248
9.56189,39.5412
9.56189,39.5586
9.56189,39.5749
9.56189,39.5909
9.56189,39.6073
9.56189,39.6241
9.56189,39.6418
9.56189,39.657
9.56189,39.6743
9.56189,39.6901
9.56189,39.7077
9.56189,39.7246
9.56189,39.7415
9.56189,39.7571
9.56189,39.7748
9.56189,39.7904
9.56189,39.8074
9.56189,39.8247
9.56189,39.8419
9.56189,39.8571
9.56189,39.8738
9.56189,39.8904
9.56189,39.9084
9.56189,39.9247
9.56189,39.9404
9.56189,39.959
9.56189,39.9744
9.56189,39.9917
9.56189,40.0071
9.56189,40.0245
9.56189,40.0413
9.56189,40.059
9.56189,40.0737
9.56189,40.091
9.56189,40.1072
9.56189,40.1238
9.56189,40.1413
9.56189,40.1582
9.56189,40.1737
9.56189,40.1913
9.56189,40.2082
9.56189,40.2241
9.56189,40.2403
9.56189,40.2578
9.56189,40.2742
9.56189,40.2916
9.56189,40.3083
9.56189,40.3241
9.56189,40.3404
9.56189,40.3576
9.56189,40.375
9.56189,40.3906
9.56189,40.4079
9.56189,40.4234
9.56189,40.441
9.56189,40.4575
9.56189,40.4745
9.56189,40.4901
9.56189,40.5077
9.56189,40.5235
9.54075,40.5405
9.54075,40.5579
9.54075,40.5748
9.54075,40.5904
9.54075,40.6076
9.54075,40.6248
9.54075,40.6412
9.54075,40.6574
9.54075,40.6756
9.54075,40.6918
9.54075,40.7072
9.54075,40.7247
9.54075,40.7405
9.54075,40.7578
9.54075,40.7748
9.54075,40.7926
9.54075,40.8076
9.54075,40.8251
9.54075,40.8413
9.54075,40.8577
9.54075,40.8752
9.54075,40.8904
9.54075,40.9084
9.54075,40.9234
9.54075,40.9407
9.54075,40.9567
9.54075,40.9735
9.54075,40.9915
9.54075,41.008
9.54075,41.0256
9.54075,41.0409
9.54075,41.0571
9.54075,41.074
9.54075,41.0908
9.54075,41.1083
9.54075,41.125
9.54075,41.1403
9.54075,41.1577
9.54075,41.1758
9.54075,41.1901
9.54075,41.207
9.54075,41.2248
9.54075,41.2402
9.54075,41.2572
9.54075,41.2751
9.54075,41.2924
9.54075,41.3076
9.54075,41.3239
9.54075,41.3411
9.54075,41.3575
9.54075,41.3751
9.54075,41.3916
9.54075,41.4072
9.54075,41.4235
9.54075,41.4412
9.54075,41.4586
9.54075,41.4739
9.54075,41.4911
9.54075,41.5079
9.54075,41.5256
9.54075,41.5404
9.54075,41.5579
9.54075,41.574
9.54075,41.5904
9.54075,41.6078
9.54075,41.6248
9.54075,41.6407
9.54075,41.6582
9.54075,41.6756
9.54075,41.6914
9.54075,41.7078
9.54075,41.7236
9.54075,41.7401
9.54075,41.7576
9.54075,41.7738
9.54075,41.7926
9.54075,41.807
9.54075,41.824
9.54075,41.8413
9.54075,41.8582
9.54075,41.8734
9.54075,41.8908
9.54075,41.909
9.54075,41.9237
9.54075,41.9408
9.54075,41.9584
9.54075,41.974
9.54075,41.9909
9.54075,42.0091
9.54075,42.0238
9.54075,42.0407
9.54075,42.0573
9.54075,42.0747
9.54075,42.0911
9.54075,42.1068
9.54075,42.1252
9.54075,42.1406
9.54075,42.1575
9.54075,42.1749
9.54075,42.1902
9.54075,42.2073
9.54075,42.2246
9.54075,42.2414
9.54075,42.259
9.54075,42.2738
9.54075,42.2912
9.54075,42.3077
9.54075,42.3243
9.54075,42.3417
9.54075,42.359
9.54075,42.3744
9.54075,42.3923
9.54075,42.407
9.54075,42.4246
9.54075,42.441
9.54075,42.459
9.54075,42.4754
9.54075,42.4906
9.54075,42.5072
9.54075,42.5248
9.54075,42.5412
9.54075,42.5584
9.54075,42.5738
9.54075,42.5906
9.54075,42.6085
9.54075,42.6235
9.54027,42.6419
9.54027,42.6586
9.54027,42.6736
9.54027,42.6915
9.54027,42.7071
9.54027,42.7244
9.54027,42.7402
9.54027,42.7567
9.54027,42.7745
9.54027,42.7909
9.54027,42.8084
9.54027,42.8249
9.54027,42.8406
9.54027,42.8571
9.54027,42.874
9.54027,42.8914
9.54027,42.9091
9.54027,42.9243
9.54027,42.9402
9.54027,42.9574
9.54027,42.9745
9.54027,42.9914
9.54027,43.0069
9.54027,43.0245
9.54027,43.0402
9.54027,43.0572
9.54027,43.0744
9.54027,43.0915
9.54027,43.107
9.54027,43.124
9.54027,43.141
9.54027,43.1591
9.54027,43.1753
9.54027,43.191
9.54027,43.2073
9.54027,43.2248
9.54027,43.2412
9.54027,43.2572
9.54027,43.2736
9.54027,43.2904
9.54027,43.3082
9.54027,43.325
9.54027,43.3403
9.54027,43.3576
9.54027,43.3757
9.54027,43.3901
9.54027,43.4072
9.54027,43.4247
9.54027,43.4402
9.54027,43.4571
9.54027,43.4749
9.54027,43.4918
9.54027,43.5069
9.54027,43.5235
9.54027,43.5408
9.54027,43.5573
9.54027,43.5752
9.54027,43.5916
9.54027,43.6077
9.54027,43.6238
9.54027,43.6415
9.54027,43.6591
9.54027,43.674
9.54027,43.6917
9.54027,43.7084
9.54027,43.7236
9.54027,43.7416
9.54027,43.7573
9.54027,43.7757
9.54027,43.7902
9.54027,43.8077
9.54027,43.8248
9.54027,43.8407
9.54027,43.8568
9.54027,43.8753
9.54027,43.8914
9.54027,43.9078
9.54027,43.9239
9.54027,43.9403
9.54027,43.9577
9.54027,43.9754
9.54027,43.9907
9.54027,44.0079
9.54027,44.0247
9.54027,44.0425
9.54027,44.0576
9.54027,44.0747
9.54027,44.0907
9.54027,44.1073
9.54027,44.1249
9.54027,44.142
9.54027,44.1574
9.54027,44.175
9.54027,44.192
9.54027,44.2077
9.54027,44.2242
9.54027,44.2421
9.54027,44.2585
9.54027,44.2738
9.54027,44.2924
9.54027,44.3086
9.54027,44.3248
9.54027,44.3419
9.54027,44.3572
9.54027,44.374
9.54027,44.3918
9.54027,44.4072
9.54027,44.4244
9.54027,44.4411
9.54027,44.4579
9.54027,44.4754
9.54027,44.4907
9.54027,44.5086
9.54027,44.5251
9.54027,44.5403
9.54027,44.5574
9.54027,44.575
9.54027,44.5902
9.54027,44.6074
9.54027,44.6254
9.54027,44.6419
9.54027,44.6576
9.54027,44.6741
9.54027,44.6916
9.54027,44.707
9.54238,44.7238
9.54238,44.7409
9.54238,44.7578
9.54238,44.7758
9.54238,44.7907
9.54238,44.8085
9.54238,44.8248
9.54238,44.8418
9.54238,44.8573
9.54238,44.8744
9.54238,44.8924
9.54238,44.9073
9.54238,44.9245
9.54238,44.9402
9.54238,44.9586
9.54238,44.9748
9.54238,44.9911
9.54238,45.0087
9.54238,45.024
9.54238,45.041
9.54238,45.0573
9.54238,45.0741
9.54238,45.0915
9.54238,45.1085
9.54238,45.1236
9.54238,45.1408
9.54238,45.1587
9.54238,45.1754
9.54238,45.1903
9.54238,45.2079
9.54238,45.2258
9.54238,45.2406
9.54238,45.2582
9.54238,45.2757
9.54238,45.2904
9.54238,45.307
9.54238,45.3243
9.54238,45.3407
9.54238,45.3584
9.54238,45.3747
9.54238,45.3927
9.54238,45.4091
9.54238,45.4245
9.54238,45.4421
9.54238,45.4574
9.54238,45.4747
9.54238,45.4915
9.54238,45.5092
9.54238,45.524
9.54238,45.5413
9.54238,45.5575
9.54238,45.5737
9.54238,45.5909
9.54238,45.6082
9.54238,45.6236
9.54238,45.6415
9.54238,45.6585
9.54238,45.6742
9.54238,45.6906
9.54238,45.7085
9.54238,45.725
9.54238,45.7404
9.54238,45.7592
9.54238,45.7749
9.54238,45.7912
9.54238,45.8084
9.54238,45.8238
9.54238,45.8407
9.54238,45.8586
9.54238,45.8735
9.54238,45.8916
9.54238,45.9082
9.54238,45.9252
9.54238,45.941
9.54238,45.9587
9.54238,45.974
9.54238,45.992
9.54238,46.0073
9.54238,46.0245
9.54238,46.0408
9.54238,46.0583
9.54238,46.0745
9.54238,46.0906
9.54238,46.1071
9.54238,46.124
9.54238,46.1414
9.54238,46.1586
9.54238,46.1739
9.54238,46.1903
9.54238,46.2071
9.54238,46.2239
9.54238,46.2408
9.54238,46.2585
9.54238,46.2737
9.54238,46.2917
9.54238,46.3086
9.54238,46.3239
9.54238,46.3409
9.54238,46.3591
9.54238,46.3741
9.54238,46.3912
9.54238,46.4075
9.54238,46.4239
9.54238,46.4417
9.54238,46.458
9.54238,46.4754
9.54238,46.4907
9.54238,46.5077
9.54238,46.5239
9.54238,46.5407
9.54238,46.5581
9.54238,46.5749
9.54238,46.5903
9.54238,46.6077
9.54238,46.6254
9.54238,46.6402
9.54238,46.6572
9.54238,46.6747
9.54238,46.6904
9.54238,46.7075
9.54238,46.7252
9.54238,46.7425
9.54238,46.7574
9.54238,46.7738
9.54238,46.7911
9.54238,46.8075
9.53832,46.8254
9.53832,46.8419
9.53832,46.8568
9.53832,46.8739
9.53832,46.8914
9.53832,46.9088
9.53832,46.9241
9.53832,46.9417
9.53832,46.9583
9.53832,46.9737
9.53832,46.9915
9.53832,47.0074
9.53832,47.0258
9.53832,47.0405
9.53832,47.0579
9.53832,47.0749
9.53832,47.0905
9.53832,47.1081
9.53832,47.125
9.53832,47.1411
9.53832,47.1574
9.53832,47.1753
9.53832,47.1917
9.53832,47.2071
9.53832,47.2245
9.53832,47.2405
9.53832,47.2575
9.53832,47.2745
9.53832,47.2919
9.53832,47.3072
9.53832,47.3243
9.53832,47.3404
9.53832,47.3579
9.53832,47.3743
9.53832,47.3914
9.53832,47.407
9.53832,47.4245
9.53832,47.4416
9.53832,47.4575
9.53832,47.4739
9.53832,47.4918
9.53832,47.5082
9.53832,47.5235
9.53832,47.542
9.53832,47.558
9.53832,47.5743
9.53832,47.5913
9.53832,47.6087
9.53832,47.6241
9.53832,47.6417
9.53832,47.6573
9.53832,47.6745
9.53832,47.6912
9.53832,47.7081
9.53832,47.7236
9.53832,47.7411
9.53832,47.7571
9.53832,47.7755
9.53832,47.7904
9.53832,47.8077
9.53832,47.8253
9.53832,47.8404
9.53832,47.8577
9.53832,47.8754
9.53832,47.8918
9.53832,47.9076
9.53832,47.9241
9.53832,47.9417
9.53832,47.9571
9.53832,47.9742
9.53832,47.9905
9.53832,48.0074
9.53832,48.025
9.53832,48.0419
9.53832,48.0574
9.53832,48.0737
9.53832,48.0907
9.53832,48.1081
9.53832,48.1253
9.53832,48.1411
9.53832,48.1588
9.53832,48.1738
9.53832,48.1919
9.53832,48.2083
9.53832,48.2242
9.53832,48.2405
9.53832,48.258
9.53832,48.2742
9.53832,48.2926
9.53832,48.307
9.53832,48.3238
9.53832,48.3411
9.53832,48.3581
9.53832,48.376
9.53832,48.3909
9.53832,48.4092
9.53832,48.4237
9.53832,48.4409
9.53832,48.4584
9.53832,48.4739
9.53832,48.4908
9.53832,48.5087
9.53832,48.5258
9.53832,48.5408
9.53832,48.5574
9.53832,48.5748
9.53832,48.5913
9.53832,48.6071
9.53832,48.6255
9.53832,48.6405
9.53832,48.658
9.53832,48.6755
9.53832,48.6908
9.53832,48.7069
9.53832,48.7239
9.53832,48.7405
9.53832,48.7574
9.53832,48.7749
9.53832,48.7903
9.53832,48.8084
9.53832,48.8247
9.53832,48.8422
9.53832,48.8571
9.53832,48.8748
9.53832,48.8927
9.53832,48.9072
9.53461,48.9251
9.53461,48.9415
9.53461,48.9573
9.53461,48.974
9.53461,48.9916
9.53461,49.0072
9.53461,49.0245
9.53461,49.0407
9.53461,49.0578
9.53461,49.0754
9.53461,49.0906
9.53461,49.1082
9.53461,49.1242
9.53461,49.1406
9.53461,49.1581
9.53461,49.1754
9.53461,49.1909
9.53461,49.2085
9.53461,49.2259
9.53461,49.2413
9.53461,49.2578
9.53461,49.2759
9.53461,49.2922
9.53461,49.3079
9.53461,49.324
9.53461,49.342
9.53461,49.3583
9.53461,49.3751
9.53461,49.3904
9.53461,49.4071
9.53461,49.4248
9.53461,49.4404
9.53461,49.4578
9.53461,49.4745
9.53461,49.4915
9.53461,49.507
9.53461,49.5246
9.53461,49.5403
9.53461,49.5574
9.53461,49.5747
9.53461,49.5918
9.53461,49.6075
9.53461,49.6244
9.53461,49.642
9.53461,49.658
9.53461,49.6743
9.53461,49.6925
9.53461,49.7088
9.53461,49.7242
9.53461,49.7417
9.53461,49.7573
9.53461,49.7748
9.53461,49.7916
9.53461,49.8093
9.53461,49.8241
9.53461,49.8417
9.53461,49.8578
9.53461,49.8743
9.53461,49.8918
9.53461,49.9091
9.53461,49.9251
9.53461,49.9403
9.53461,49.9577
9.53461,49.9739
9.53461,49.9904
9.53461,50.0086
9.53461,50.025
9.53461,50.0404
9.53461,50.0579
9.53461,50.0738
9.53461,50.091
9.53461,50.1081
9.53461,50.1258
9.53461,50.1408
9.53461,50.1582
9.53461,50.1741
9.53461,50.1904
9.53461,50.2083
9.53461,50.2254
9.53461,50.241
9.53461,50.2588
9.53461,50.2738
9.53461,50.2917
9.53461,50.3082
9.53461,50.3239
9.53461,50.3404
9.53461,50.358
9.53461,50.374
9.53461,50.3924
9.53461,50.4086
9.53461,50.4236
9.53461,50.441
9.53461,50.4577
9.53461,50.4758
9.53461,50.4905
9.53461,50.5088
9.53461,50.5253
9.53461,50.5403
9.53461,50.558
9.53461,50.5755
9.53461,50.5904
9.53461,50.6085
9.53461,50.6256
9.53461,50.6408
9.53461,50.6572
9.53461,50.6747
9.53461,50.6912
9.53461,50.7092
9.53461,50.7259
9.53461,50.7408
9.53461,50.7582
9.53461,50.7755
9.53461,50.7909
9.53461,50.8069
9.53461,50.8245
9.53461,50.8413
9.53461,50.8583
9.53461,50.8738
9.53461,50.8916
9.53461,50.9073
9.53461,50.924
9.53461,50.9412
9.53461,50.9582
9.53461,50.9737
9.53461,50.9904
9.53461,51.0085
9.51782,51.0244
9.51782,51.0407
9.51782,51.0591
9.51782,51.0755
9.51782,51.0909
9.51782,51.1084
9.51782,51.1238
9.51782,51.1413
9.51782,51.1583
9.51782,51.1739
9.51782,51.191
9.51782,51.2082
9.51782,51.2243
9.51782,51.2408
9.51782,51.2584
9.51782,51.2754
9.51782,51.291
9.51782,51.3092
9.51782,51.3238
9.51782,51.3419
9.51782,51.3583
9.51782,51.374
9.51782,51.3904
9.51782,51.4077
9.51782,51.424
9.51782,51.4419
9.51782,51.4584
9.51782,51.4755
9.51782,51.4906
9.51782,51.5075
9.51782,51.5253
9.51782,51.5403
9.51782,51.5586
9.51782,51.5752
9.51782,51.5922
9.51782,51.6077
9.51782,51.6253
9.51782,51.6406
9.51782,51.6584
9.51782,51.6755
9.51782,51.6903
9.51782,51.7073
9.51782,51.7238
9.51782,51.7425
9.51782,51.7583
9.51782,51.7745
9.51782,51.7927
9.51782,51.807
9.51782,51.8244
9.51782,51.8417
9.51782,51.8571
9.51782,51.8746
9.51782,51.8915
9.51782,51.9092
9.51782,51.9242
9.51782,51.9416
9.51782,51.9574
9.51782,51.9742
9.51782,51.9916
9.51782,52.0089
9.51782,52.0244
9.51782,52.0421
9.51782,52.0569
9.51782,52.0747
9.51782,52.0912
9.51782,52.1071
9.51782,52.1256
9.51782,52.141
9.51782,52.157
9.51782,52.1746
9.51782,52.1911
9.51782,52.208
9.51782,52.2256
9.51782,52.2404
9.51782,52.258
9.51782,52.2737
9.51782,52.291
9.51782,52.3079
9.51782,52.325
9.51782,52.3408
9.51782,52.3584
9.51782,52.3739
9.51782,52.3908
9.51782,52.4079
9.51782,52.4252
9.51782,52.441
9.51782,52.4577
9.51782,52.4748
9.51782,52.4905
9.51782,52.5089
9.51782,52.5246
9.51782,52.541
9.51782,52.5584
9.51782,52.5747
9.51782,52.5928
9.51782,52.6089
9.51782,52.6238
9.51782,52.6414
9.51782,52.658
9.51782,52.6759
9.51782,52.6904
9.51782,52.7084
9.51782,52.7251
9.51782,52.742
9.51782,52.7576
9.51782,52.7751
9.51782,52.7905
9.51782,52.8076
9.51782,52.8247
9.51782,52.8419
9.51782,52.8569
9.51782,52.8744
9.51782,52.8915
9.51782,52.9076
9.51782,52.924
9.51782,52.9419
9.51782,52.9584
9.51782,52.9739
9.51782,52.9911
9.51782,53.0079
9.51782,53.024
9.51782,53.0408
9.51782,53.0584
9.51782,53.0752
9.51782,53.0904
9.51782,53.1075
9.56003,53.1253
9.56003,53.142
9.56003,53.1593
9.56003,53.1748
9.56003,53.1922
9.56003,53.2079
9.56003,53.2245
9.56003,53.2416
9.56003,53.2588
9.56003,53.2739
9.56003,53.2903
9.56003,53.309
9.56003,53.3246
9.56003,53.3411
9.56003,53.3596
9.56003,53.3739
9.56003,53.3913
9.56003,53.4085
9.56003,53.4238
9.56003,53.4415
9.56003,53.4583
9.56003,53.4761
9.56003,53.4909
9.56003,53.508
9.56003,53.5238
9.56003,53.5408
9.56003,53.5582
9.56003,53.5752
9.56003,53.5909
9.56003,53.6084
9.56003,53.6254
9.56003,53.6412
9.56003,53.6576
9.56003,53.6755
9.56003,53.6919
9.56003,53.7072
9.56003,53.7256
9.56003,53.7411
9.56003,53.7575
9.56003,53.7745
9.56003,53.7916
9.56003,53.8092
9.56003,53.8241
9.56003,53.8405
9.56003,53.857
9.56003,53.8757
9.56003,53.8908
9.56003,53.9084
9.56003,53.9237
9.56003,53.9413
9.56003,53.9583
9.56003,53.9738
9.56003,53.9907
9.56003,54.0084
9.56003,54.0257
9.56003,54.0406
9.56003,54.058
9.56003,54.0743
9.56003,54.0923
9.56003,54.1087
9.56003,54.1239
9.56003,54.1423
9.56003,54.1575
9.56003,54.174
9.56003,54.1911
9.56003,54.2084
9.56003,54.226
9.56003,54.2409
9.56003,54.2575
9.56003,54.2752
9.56003,54.292
9.56003,54.3073
9.56003,54.325
9.56003,54.3404
9.56003,54.3582
9.56003,54.3753
9.56003,54.3907
9.56003,54.4077
9.56003,54.4257
9.56003,54.4405
9.56003,54.4582
9.56003,54.4746
9.56003,54.4908
9.56003,54.5078
9.56003,54.5251
9.56003,54.5426
9.56003,54.5577
9.56003,54.5738
9.56003,54.591
9.56003,54.6077
9.56003,54.6246
9.56003,54.6405
9.56003,54.6577
9.56003,54.6753
9.56003,54.6914
9.56003,54.7086
9.56003,54.7237
9.56003,54.7413
9.56003,54.7585
9.56003,54.7753
9.56003,54.7905
9.56003,54.8076
9.56003,54.8245
9.56003,54.8409
9.56003,54.858
9.56003,54.874
9.56003,54.8916
9.56003,54.9079
9.56003,54.9262
9.56003,54.9423
9.56003,54.9581
9.56003,54.9737
9.56003,54.9909
9.56003,55.0088
9.56003,55.0254
9.56003,55.0412
9.56003,55.0582
9.56003,55.0749
9.56003,55.0906
9.56003,55.1082
9.56003,55.1243
9.56003,55.1421
9.56003,55.1574
9.56003,55.1747
9.56003,55.1916
9.55382,55.2078
9.55382,55.2253
9.55382,55.2408
9.55382,55.2592
9.55382,55.2747
9.55382,55.291
9.55382,55.3077
9.55382,55.3252
9.55382,55.3432
9.55382,55.3585
9.55382,55.3757
9.55382,55.3913
9.55382,55.4073
9.55382,55.4263
9.55382,55.4407
9.55382,55.4575
9.55382,55.4749
9.55382,55.4917
9.55382,55.5075
9.55382,55.5237
9.55382,55.5408
9.55382,55.5587
9.55382,55.5739
9.55382,55.5918
9.55382,55.6073
9.55382,55.6239
9.55382,55.6419
9.55382,55.6584
9.55382,55.6743
9.55382,55.6907
9.55382,55.7077
9.55382,55.7241
9.55382,55.7412
9.55382,55.7577
9.55382,55.7749
9.55382,55.792
9.55382,55.8094
9.55382,55.8243
9.55382,55.8407
9.55382,55.8588
9.55382,55.8757
9.55382,55.8907
9.55382,55.9082
9.55382,55.9252
9.55382,55.9406
9.55382,55.9573
9.55382,55.9751
9.55382,55.9921
9.55382,56.0074
9.55382,56.0247
9.55382,56.0414
9.55382,56.0572
9.55382,56.0737
9.55382,56.0916
9.55382,56.1082
9.55382,56.1251
9.55382,56.1412
9.55382,56.1585
9.55382,56.1751
9.55382,56.191
9.55382,56.2071
9.55382,56.2244
9.55382,56.2416
9.55382,56.2575
9.55382,56.2745
9.55382,56.2914
9.55382,56.3093
9.55382,56.324
9.55382,56.341
9.55382,56.3576
9.55382,56.3761
9.55382,56.3907
9.55382,56.4078
9.55382,56.4253
9.55382,56.4406
9.55382,56.4573
9.55382,56.4753
9.55382,56.4926
9.55382,56.5075
9.55382,56.5238
9.55382,56.5407
9.55382,56.5584
9.55382,56.574
9.55382,56.5906
9.55382,56.6087
9.55382,56.625
9.55382,56.6423
9.55382,56.6572
9.55382,56.6759
9.55382,56.6921
9.55382,56.709
9.55382,56.7244
9.55382,56.7408
9.55382,56.7584
9.55382,56.7739
9.55382,56.7912
9.55382,56.8079
9.55382,56.8248
9.55382,56.8427
9.55382,56.8574
9.55382,56.8746
9.55382,56.8912
9.55382,56.9085
9.55382,56.9257
9.55382,56.9409
9.55382,56.958
9.55382,56.9749
9.55382,56.9923
9.55382,57.0098
9.55382,57.0245
9.55382,57.0407
9.55382,57.0577
9.55382,57.0754
9.55382,57.0908
9.55382,57.1073
9.55382,57.1252
9.55382,57.1417
9.55382,57.1588
9.55382,57.174
9.55382,57.1928
9.55382,57.2094
9.55382,57.2244
9.55382,57.2418
9.55382,57.2584
9.55382,57.276
9.55382,57.2905
9.56868,57.3093
9.56868,57.326
9.56868,57.3412
9.56868,57.3586
9.56868,57.3738
9.56868,57.3907
9.56868,57.4084
9.56868,57.4256
9.56868,57.4405
9.56868,57.4573
9.56868,57.4738
9.56868,57.4915
9.56868,57.5071
9.56868,57.5257
9.56868,57.5415
9.56868,57.5578
9.56868,57.5748
9.56868,57.5905
9.56868,57.6078
9.56868,57.624
9.56868,57.6414
9.56868,57.6588
9.56868,57.6761
9.56868,57.6909
9.56868,57.7074
9.56868,57.7248
9.56868,57.7414
9.56868,57.7593
9.56868,57.774
9.56868,57.7908
9.56868,57.8075
9.56868,57.826
9.56868,57.8409
9.56868,57.858
9.56868,57.8753
9.56868,57.8923
9.56868,57.9073
9.56868,57.924
9.56868,57.9413
9.56868,57.9583
9.56868,57.9761
9.56868,57.9909
9.56868,58.0073
9.56868,58.0251
9.56868,58.0415
9.56868,58.0576
9.56868,58.0739
9.56868,58.0909
9.56868,58.1093
9.56868,58.1246
9.56868,58.1413
9.56868,58.1581
9.56868,58.1756
9.56868,58.1926
9.56868,58.2076
9.56868,58.224
9.56868,58.2419
9.56868,58.259
9.56868,58.2744
9.56868,58.2911
9.56868,58.308
9.56868,58.3238
9.56868,58.3408
9.56868,58.3585
9.56868,58.3757
9.56868,58.3909
9.56868,58.4078
9.56868,58.4246
9.56868,58.4422
9.56868,58.4597
9.56868,58.4747
9.56868,58.4909
9.56868,58.508
9.56868,58.524
9.56868,58.5411
9.56868,58.5577
9.56868,58.5754
9.56868,58.592
9.56868,58.6088
9.56868,58.6238
9.56868,58.6427
9.56868,58.6589
9.56868,58.6758
9.56868,58.6912
9.56868,58.7075
9.56868,58.725
9.56868,58.7406
9.56868,58.759
9.56868,58.7755
9.56868,58.7909
9.56868,58.808
9.56868,58.8244
9.56868,58.8411
9.56868,58.859
9.56868,58.8757
9.56868,58.8905
9.56868,58.9076
9.56868,58.9246
9.56868,58.9421
9.56868,58.9588
9.56868,58.9744
9.56868,58.9913
9.56868,59.0086
9.56868,59.0255
9.56868,59.0427
9.56868,59.058
9.56868,59.0743
9.56868,59.0922
9.56868,59.1084
9.56868,59.1253
9.56868,59.1414
9.56868,59.1589
9.56868,59.1755
9.56868,59.1913
9.56868,59.2073
9.56868,59.2242
9.56868,59.2412
9.56868,59.2598
9.56868,59.2739
9.56868,59.2908
9.56868,59.3083
9.56868,59.3245
9.56868,59.342
9.56868,59.3571
9.68195,59.3747
9.68195,59.3914
9.68195,59.4084
9.68195,59.4258
9.68195,59.4407
9.68195,59.4579
9.68195,59.4743
9.68195,59.4917
9.68195,59.5088
9.68195,59.526
9.68195,59.5409
9.68195,59.5577
9.68195,59.575
9.68195,59.5922
9.68195,59.609
9.68195,59.6244
9.68195,59.641
9.68195,59.6579
9.68195,59.6753
9.68195,59.6916
9.68195,59.7073
9.68195,59.7257
9.68195,59.7424
9.68195,59.7583
9.68195,59.7755
9.68195,59.7918
9.68195,59.8076
9.68195,59.8258
9.68195,59.8405
9.68195,59.8576
9.68195,59.876
9.68195,59.8922
9.68195,59.909
9.68195,59.9241
9.68195,59.9407
9.68195,59.9576
9.68195,59.9744
9.68195,59.9917
9.68195,60.0084
9.68195,60.026
9.68195,60.0407
9.68195,60.0573
9.68195,60.074
9.68195,60.0922
9.68195,60.1087
9.68195,60.1255
9.68195,60.1407
9.68195,60.1576
9.68195,60.1751
9.68195,60.1916
9.68195,60.209
9.68195,60.2238
9.68195,60.2411
9.68195,60.2582
9.68195,60.2751
9.68195,60.2906
9.68195,60.3072
9.68195,60.325
9.68195,60.3414
9.68195,60.3583
9.68195,60.3742
9.68195,60.3918
9.68195,60.4082
9.68195,60.4265
9.68195,60.4428
9.68195,60.4575
9.68195,60.4747
9.68195,60.4929
9.68195,60.5072
9.68195,60.5242
9.68195,60.5415
9.68195,60.5579
9.68195,60.5753
9.68195,60.5906
9.68195,60.6079
9.68195,60.6244
9.68195,60.6415
9.68195,60.6588
9.68195,60.6755
9.68195,60.691
9.68195,60.7073
9.68195,60.7246
9.68195,60.7416
9.68195,60.7588
9.68195,60.7757
9.68195,60.7908
9.68195,60.8078
9.68195,60.8248
9.68195,60.8418
9.68195,60.859
9.68195,60.876
9.68195,60.8928
9.68195,60.9079
9.68195,60.9242
9.68195,60.942
9.68195,60.9582
9.68195,60.9753
9.68195,60.9911
9.68195,61.0081
9.68195,61.0244
9.68195,61.042
9.68195,61.0581
9.68195,61.0748
9.68195,61.0905
9.68195,61.1079
9.68195,61.1242
9.68195,61.1412
9.68195,61.1582
9.68195,61.175
9.68195,61.1919
9.68195,61.2074
9.68195,61.2248
9.68195,61.2415
9.68195,61.2588
9.68195,61.275
9.68195,61.2927
9.68195,61.3073
9.68195,61.3253
9.68195,61.3421
9.68195,61.3588
9.68195,61.374
9.68195,61.391
9.68195,61.4083
9.7412,61.4249
9.7412,61.4423
9.7412,61.4574
9.7412,61.4747
9.7412,61.4916
9.7412,61.5084
9.7412,61.5261
9.7412,61.5412
9.7412,61.5582
9.7412,61.5744
9.7412,61.5911
9.7412,61.6088
9.7412,61.6246
9.7412,61.6413
9.7412,61.6591
9.7412,61.6755
9.7412,61.6922
9.7412,61.7072
9.7412,61.7254
9.7412,61.7417
9.7412,61.7587
9.7412,61.7757
9.7412,61.7922
9.7412,61.8092
9.7412,61.8241
9.7412,61.8415
9.7412,61.8584
9.7412,61.8757
9.7412,61.8917
9.7412,61.909
9.7412,61.924
9.7412,61.9414
9.7412,61.9581
9.7412,61.9751
9.7412,61.9923
9.7412,62.0088
9.7412,62.0242
9.7412,62.0414
9.7412,62.0579
9.7412,62.0747
9.7412,62.0916
9.7412,62.1084
9.7412,62.1257
9.7412,62.142
9.7412,62.1594
9.7412,62.1743
9.7412,62.1913
9.7412,62.2081
9.7412,62.2249
9.7412,62.2424
9.7412,62.2598
9.7412,62.2745
9.7412,62.2912
9.7412,62.3077
9.7412,62.3252
9.7412,62.3408
9.7412,62.3592
9.7412,62.375
9.7412,62.3913
9.7412,62.408
9.7412,62.4243
9.7412,62.4415
9.7412,62.458
9.7412,62.4749
9.7412,62.4918
9.7412,62.5086
9.7412,62.5255
9.7412,62.5409
9.7412,62.5581
9.7412,62.5749
9.7412,62.5922
9.7412,62.6083
9.7412,62.6261
9.7412,62.6407
9.7412,62.6586
9.7412,62.6754
9.7412,62.692
9.7412,62.7072
9.7412,62.724
9.7412,62.7412
9.7412,62.7578
9.7412,62.7752
9.7412,62.7922
9.7412,62.8092
9.7412,62.8261
9.7412,62.8407
9.7412,62.8582
9.7412,62.8753
9.7412,62.8921
9.7412,62.9089
9.7412,62.9258
9.7412,62.9424
9.7412,62.9575
9.7412,62.9748
9.7412,62.9915
9.7412,63.0077
9.7412,63.0242
9.7412,63.0416
9.7412,63.0591
9.7412,63.0754
9.7412,63.0912
9.7412,63.1074
9.7412,63.1262
9.7412,63.1419
9.7412,63.1572
9.7412,63.1758
9.7412,63.1909
9.7412,63.2073
9.7412,63.2239
9.7412,63.2408
9.7412,63.259
9.7412,63.2753
9.7412,63.2922
9.7412,63.3075
9.7412,63.3261
9.7412,63.341
9.7412,63.3578
9.7412,63.3751
9.7412,63.3919
9.7412,63.4095
9.7412,63.424
9.7412,63.441
9.7412,63.4574
9.7676,63.4754
9.7676,63.492
9.7676,63.5087
9.7676,63.524
9.7676,63.5407
9.7676,63.5582
9.7676,63.5746
9.7676,63.592
9.7676,63.609
9.7676,63.6261
9.7676,63.6409
9.7676,63.6577
9.7676,63.6752
9.7676,63.6923
9.7676,63.7073
9.7676,63.7243
9.7676,63.741
9.7676,63.7574
9.7676,63.7753
9.7676,63.7915
9.7676,63.8092
9.7676,63.8252
9.7676,63.8416
9.7676,63.8574
9.7676,63.8745
9.7676,63.8908
9.7676,63.9085
9.7676,63.9247
9.7676,63.9411
9.7676,63.959
9.7676,63.9742
9.7676,63.9924
9.7676,64.0081
9.7676,64.024
9.7676,64.0424
9.7676,64.0572
9.7676,64.0754
9.7676,64.0918
9.7676,64.1085
9.7676,64.1256
9.7676,64.1419
9.7676,64.1588
9.7676,64.1742
9.7676,64.1912
9.7676,64.2079
9.7676,64.225
9.7676,64.2408
9.7676,64.2582
9.7676,64.2738
9.7676,64.2908
9.7676,64.3082
9.7676,64.3252
9.7676,64.3407
9.7676,64.358
9.7676,64.376
9.7676,64.391
9.7676,64.4082
9.7676,64.4257
9.7676,64.4436
9.7676,64.4578
9.7676,64.4752
9.7676,64.491
9.7676,64.5078
9.7676,64.5259
9.7676,64.5424
9.7676,64.5597
9.7676,64.5748
9.7676,64.5906
9.7676,64.6084
9.7676,64.6256
9.7676,64.6411
9.7676,64.658
9.7676,64.6747
9.7676,64.6917
9.7676,64.7077
9.7676,64.7243
9.7676,64.7411
9.7676,64.7581
9.7676,64.7748
9.7676,64.7929
9.7676,64.8079
9.7676,64.825
9.7676,64.8425
9.7676,64.8576
9.7676,64.8743
9.7676,64.8916
9.7676,64.9073
9.7676,64.9241
9.7676,64.9419
9.7676,64.9585
9.7676,64.9754
9.7676,64.9907
9.7676,65.0077
9.7676,65.0252
9.7676,65.0423
9.7676,65.0599
9.7676,65.0745
9.7676,65.0912
9.7676,65.1082
9.7676,65.1245
9.7676,65.1412
9.7676,65.1582
9.7676,65.1755
9.7676,65.1925
9.7676,65.2077
9.7676,65.2258
9.7676,65.2435
9.7676,65.2583
9.7676,65.2748
9.7676,65.2915
9.7676,65.308
9.7676,65.3257
9.7676,65.3425
9.7676,65.3578
9.7676,65.3744
9.7676,65.3913
9.7676,65.4084
9.7676,65.4245
9.7676,65.4416
9.7676,65.4586
9.7676,65.4763
9.7676,65.491
9.7676,65.5076
9.7676,65.5246
9.67256,65.5433
9.67256,65.5577
9.67256,65.5749
9.67256,65.5921
9.67256,65.6091
9.67256,65.6244
9.67256,65.6415
9.67256,65.6581
9.67256,65.6752
9.67256,65.6922
9.67256,65.7089
9.67256,65.7257
9.67256,65.7416
9.67256,65.7575
9.67256,65.7752
9.67256,65.7913
9.67256,65.8076
9.67256,65.8249
9.67256,65.8424
9.67256,65.8584
9.67256,65.8741
9.67256,65.8923
9.67256,65.9091
9.67256,65.9254
9.67256,65.9413
9.67256,65.958
9.67256,65.9754
9.67256,65.9924
9.67256,66.0092
9.67256,66.0243
9.67256,66.0414
9.67256,66.0589
9.67256,66.0758
9.67256,66.0911
9.67256,66.1079
9.67256,66.1246
9.67256,66.1421
9.67256,66.1579
9.67256,66.1748
9.67256,66.1921
9.67256,66.2091
9.67256,66.2264
9.67256,66.2411
9.67256,66.2591
9.67256,66.2765
9.67256,66.2914
9.67256,66.3079
9.67256,66.3248
9.67256,66.3414
9.67256,66.3573
9.67256,66.3753
9.67256,66.3911
9.67256,66.4077
9.67256,66.4246
9.67256,66.4411
9.67256,66.4585
9.67256,66.4749
9.67256,66.492
9.67256,66.5093
9.67256,66.5259
9.67256,66.5408
9.67256,66.5579
9.67256,66.5748
9.67256,66.5916
9.67256,66.6084
9.67256,66.6241
