dns,time
103.979,16.6317
103.979,16.6484
103.979,16.665
89.288,16.6816
89.288,16.6984
89.288,16.7151
89.288,16.7317
89.288,16.7484
89.288,16.765
89.288,16.7818
89.288,16.7984
89.288,16.8149
89.288,16.8317
89.288,16.8484
89.288,16.865
89.288,16.8817
89.288,16.8983
89.288,16.9151
89.288,16.9317
89.288,16.9485
89.288,16.9651
89.288,16.982
89.288,16.9985
89.288,17.015
89.288,17.0318
89.288,17.0484
89.288,17.0652
89.288,17.0817
89.288,17.0985
89.288,17.115
89.288,17.1317
89.288,17.1483
89.288,17.165
89.288,17.1821
89.288,17.1984
89.288,17.215
89.288,17.2317
89.288,17.2484
89.288,17.2651
89.288,17.2817
89.288,17.2983
89.288,17.3151
89.288,17.3317
89.288,17.3485
89.288,17.365
89.288,17.3818
89.288,17.3984
89.288,17.4151
89.288,17.4318
89.288,17.4484
89.288,17.4651
89.288,17.4817
24.4479,17.4985
24.4479,17.5151
24.4479,17.5317
24.4479,17.5483
24.4479,17.5651
24.4479,17.5819
24.4479,17.5984
24.4479,17.6151
24.4479,17.6318
24.4479,17.6484
24.4479,17.665
24.4479,17.6817
24.4479,17.6984
24.4479,17.7151
24.4479,17.7317
24.4479,17.7484
24.4479,17.7651
24.4479,17.7817
24.4479,17.7985
24.4479,17.815
24.4479,17.8318
24.4479,17.8484
24.4479,17.8655
24.4479,17.8818
24.4479,17.8984
24.4479,17.9151
24.4479,17.9317
24.4479,17.9486
24.4479,17.9651
24.4479,17.9817
24.4479,17.9984
24.4479,18.015
24.4479,18.032
24.4479,18.0484
24.4479,18.065
24.4479,18.0818
24.4479,18.0984
24.4479,18.115
24.4479,18.1318
24.4479,18.1484
24.4479,18.1651
24.4479,18.1817
24.4479,18.1985
24.4479,18.2151
24.4479,18.2317
24.4479,18.2485
24.4479,18.265
24.4479,18.2818
24.4479,18.2984
24.4479,18.315
24.2414,18.3318
24.2414,18.3484
24.2414,18.3651
24.2414,18.3818
24.2414,18.3987
24.2414,18.415
24.2414,18.4317
24.2414,18.4483
24.2414,18.465
24.2414,18.4817
24.2414,18.4984
24.2414,18.5151
24.2414,18.5317
24.2414,18.5484
24.2414,18.5651
24.2414,18.5817
24.2414,18.5989
24.2414,18.6151
24.2414,18.6317
24.2414,18.6485
24.2414,18.6651
24.2414,18.6819
24.2414,18.6984
24.2414,18.715
24.2414,18.7318
24.2414,18.7484
24.2414,18.765
24.2414,18.7816
24.2414,18.7984
24.2414,18.815
24.2414,18.8317
24.2414,18.8484
24.2414,18.8651
24.2414,18.8817
24.2414,18.8989
24.2414,18.9151
24.2414,18.9317
24.2414,18.9485
24.2414,18.965
24.2414,18.9818
24.2414,18.9984
24.2414,19.015
24.2414,19.0318
24.2414,19.0484
24.2414,19.0655
24.2414,19.0818
24.2414,19.0984
24.2414,19.1151
24.2414,19.1317
24.2414,19.1484
23.9604,19.1651
23.9604,19.1817
23.9604,19.1986
23.9604,19.215
23.9604,19.2317
23.9604,19.2484
23.9604,19.265
23.9604,19.2817
23.9604,19.2984
23.9604,19.315
23.9604,19.3318
23.9604,19.3484
23.9604,19.3651
23.9604,19.3817
23.9604,19.3985
23.9604,19.415
23.9604,19.4317
23.9604,19.4485
23.9604,19.465
23.9604,19.4818
23.9604,19.4984
23.9604,19.5152
23.9604,19.5317
23.9604,19.5484
23.9604,19.5651
23.9604,19.5817
23.9604,19.5984
23.9604,19.6151
23.9604,19.6317
23.9604,19.6485
23.9604,19.6651
23.9604,19.6818
23.9604,19.6984
23.9604,19.715
23.9604,19.7318
23.9604,19.7484
23.9604,19.7652
23.9604,19.7818
23.9604,19.7984
23.9604,19.8151
23.9604,19.8317
23.9604,19.8483
23.9604,19.8651
23.9604,19.8817
23.9604,19.8985
23.9604,19.915
23.9604,19.9318
23.9604,19.9484
23.9604,19.965
24.6395,19.9818
24.6395,19.9984
24.6395,20.015
24.6395,20.0318
24.6395,20.0484
24.6395,20.0651
24.6395,20.0817
24.6395,20.0986
24.6395,20.1151
24.6395,20.1317
24.6395,20.1484
24.6395,20.165
24.6395,20.182
24.6395,20.1984
24.6395,20.215
24.6395,20.2317
24.6395,20.2484
24.6395,20.2652
24.6395,20.2818
24.6395,20.2988
24.6395,20.315
24.6395,20.3317
24.6395,20.3486
24.6395,20.365
24.6395,20.3818
24.6395,20.3984
24.6395,20.4151
24.6395,20.4317
24.6395,20.4484
24.6395,20.4651
24.6395,20.4817
24.6395,20.4985
24.6395,20.5151
24.6395,20.5317
24.6395,20.5484
24.6395,20.565
24.6395,20.5818
24.6395,20.5984
24.6395,20.6152
24.6395,20.6318
24.6395,20.6484
24.6395,20.665
24.6395,20.6817
24.6395,20.6985
24.6395,20.7151
24.6395,20.7318
24.6395,20.7484
24.6395,20.7651
24.7244,20.7818
24.7244,20.7984
24.7244,20.8154
24.7244,20.8316
24.7244,20.8484
24.7244,20.8651
24.7244,20.8817
24.7244,20.8985
24.7244,20.9151
24.7244,20.9319
24.7244,20.9484
24.7244,20.9651
24.7244,20.9819
24.7244,20.9984
24.7244,21.015
24.7244,21.0318
24.7244,21.0484
24.7244,21.065
24.7244,21.0817
24.7244,21.0984
24.7244,21.1151
24.7244,21.1317
24.7244,21.1485
24.7244,21.1651
24.7244,21.1819
24.7244,21.1984
24.7244,21.2151
24.7244,21.232
24.7244,21.2484
24.7244,21.2652
24.7244,21.2818
24.7244,21.2989
24.7244,21.315
24.7244,21.3318
24.7244,21.3485
24.7244,21.3651
24.7244,21.3818
24.7244,21.3985
24.7244,21.4151
24.7244,21.4318
24.7244,21.4484
24.7244,21.4651
24.7244,21.4817
24.7244,21.4984
24.7244,21.5151
24.7244,21.5317
24.7244,21.5485
24.7244,21.5651
24.7244,21.5817
24.7846,21.5984
24.7846,21.6152
24.7846,21.6317
24.7846,21.6484
24.7846,21.6651
24.7846,21.6817
24.7846,21.6984
24.7846,21.7151
24.7846,21.7318
24.7846,21.7484
24.7846,21.7651
24.7846,21.7817
24.7846,21.7984
24.7846,21.8152
24.7846,21.8317
24.7846,21.8485
24.7846,21.8651
24.7846,21.8818
24.7846,21.8985
24.7846,21.9151
24.7846,21.9316
24.7846,21.9484
24.7846,21.9651
24.7846,21.9816
24.7846,21.9984
24.7846,22.0151
24.7846,22.0317
24.7846,22.0484
24.7846,22.0651
24.7846,22.0817
24.7846,22.0985
24.7846,22.115
24.7846,22.1317
24.7846,22.1485
24.7846,22.1651
24.7846,22.1816
24.7846,22.1984
24.7846,22.2151
24.7846,22.2318
24.7846,22.2484
24.7846,22.2653
24.7846,22.2818
24.7846,22.2984
24.7846,22.3151
24.7846,22.3317
24.7846,22.3485
24.7846,22.3651
24.7846,22.3817
24.9757,22.3985
24.9757,22.4151
24.9757,22.4318
24.9757,22.4484
24.9757,22.4651
24.9757,22.4817
24.9757,22.4986
24.9757,22.5151
24.9757,22.5317
24.9757,22.5485
24.9757,22.5651
24.9757,22.5817
24.9757,22.5984
24.9757,22.6151
24.9757,22.6318
24.9757,22.6484
24.9757,22.6653
24.9757,22.6818
24.9757,22.6984
24.9757,22.7151
24.9757,22.7318
24.9757,22.7485
24.9757,22.7651
24.9757,22.7817
24.9757,22.7984
24.9757,22.8151
24.9757,22.8318
24.9757,22.8484
24.9757,22.8651
24.9757,22.8818
24.9757,22.8984
24.9757,22.9152
24.9757,22.9317
24.9757,22.9484
24.9757,22.9652
24.9757,22.9818
24.9757,22.9987
24.9757,23.0151
24.9757,23.0317
24.9757,23.0485
24.9757,23.0651
24.9757,23.0818
24.9757,23.0984
24.9757,23.1151
24.9757,23.1318
24.9757,23.1485
24.9757,23.1654
24.9757,23.1818
24.9757,23.1989
24.5977,23.2151
24.5977,23.2317
24.5977,23.2483
24.5977,23.2651
24.5977,23.2818
24.5977,23.2984
24.5977,23.3151
24.5977,23.3317
24.5977,23.3484
24.5977,23.3656
24.5977,23.3817
24.5977,23.3989
24.5977,23.4151
24.5977,23.4317
24.5977,23.4485
24.5977,23.4651
24.5977,23.4817
24.5977,23.4983
24.5977,23.5151
24.5977,23.5318
24.5977,23.5484
24.5977,23.5652
24.5977,23.5817
24.5977,23.5984
24.5977,23.6152
24.5977,23.6318
24.5977,23.6487
24.5977,23.6651
24.5977,23.6817
24.5977,23.6985
24.5977,23.7151
24.5977,23.7318
24.5977,23.7486
24.5977,23.7651
24.5977,23.7823
24.5977,23.7984
24.5977,23.8151
24.5977,23.8318
24.5977,23.8484
24.5977,23.8652
24.5977,23.8818
24.5977,23.8984
24.5977,23.915
24.5977,23.9318
24.5977,23.9485
24.5977,23.9651
24.5977,23.9817
24.5977,23.9985
24.5977,24.0151
24.0839,24.0318
24.0839,24.0484
24.0839,24.0655
24.0839,24.0817
24.0839,24.0984
24.0839,24.1151
24.0839,24.1317
24.0839,24.1484
24.0839,24.1653
24.0839,24.1817
24.0839,24.1985
24.0839,24.2151
24.0839,24.2319
24.0839,24.2484
24.0839,24.2651
24.0839,24.2818
24.0839,24.2984
24.0839,24.3152
24.0839,24.3318
24.0839,24.3484
24.0839,24.3652
24.0839,24.3817
24.0839,24.3984
24.0839,24.4151
24.0839,24.4317
24.0839,24.4485
24.0839,24.4651
24.0839,24.4818
24.0839,24.4985
24.0839,24.5151
24.0839,24.5318
24.0839,24.5484
24.0839,24.565
24.0839,24.5818
24.0839,24.5984
24.0839,24.6151
24.0839,24.6317
24.0839,24.6485
24.0839,24.6651
24.0839,24.6817
24.0839,24.6985
24.0839,24.7151
24.0839,24.7319
24.0839,24.7485
24.0839,24.7651
24.0839,24.7818
24.0839,24.7984
24.0839,24.8152
24.0839,24.8318
24.0839,24.8489
24.3931,24.8651
24.3931,24.8817
24.3931,24.8983
24.3931,24.9151
24.3931,24.9318
24.3931,24.9485
24.3931,24.9651
24.3931,24.9818
24.3931,24.9985
24.3931,25.0151
24.3931,25.0318
24.3931,25.0485
24.3931,25.0652
24.3931,25.0818
24.3931,25.0984
24.3931,25.1151
24.3931,25.1318
24.3931,25.1483
24.3931,25.1651
24.3931,25.1818
24.3931,25.1985
24.3931,25.2151
24.3931,25.2319
24.3931,25.2485
24.3931,25.2651
24.3931,25.2819
24.3931,25.2984
24.3931,25.315
24.3931,25.3318
24.3931,25.3484
24.3931,25.3652
24.3931,25.3817
24.3931,25.3989
24.3931,25.4152
24.3931,25.4318
24.3931,25.4485
24.3931,25.4651
24.3931,25.4817
24.3931,25.4984
24.3931,25.5151
24.3931,25.5318
24.3931,25.5485
24.3931,25.565
24.3931,25.5818
24.3931,25.5984
24.3931,25.6151
24.3931,25.6317
24.3931,25.6485
24.3931,25.6651
24.3931,25.6818
23.9359,25.6985
23.9359,25.7151
23.9359,25.7318
23.9359,25.7484
23.9359,25.7652
23.9359,25.7818
23.9359,25.7989
23.9359,25.8153
23.9359,25.8317
23.9359,25.8485
23.9359,25.8651
23.9359,25.8818
23.9359,25.8985
23.9359,25.9151
23.9359,25.9318
23.9359,25.9484
23.9359,25.9651
23.9359,25.9817
23.9359,25.9986
23.9359,26.0151
23.9359,26.0318
23.9359,26.0486
23.9359,26.0651
23.9359,26.0817
23.9359,26.0984
23.9359,26.1155
23.9359,26.1317
23.9359,26.1484
23.9359,26.1652
23.9359,26.1818
23.9359,26.1986
23.9359,26.2151
23.9359,26.2318
23.9359,26.2485
23.9359,26.2651
23.9359,26.2818
23.9359,26.2984
23.9359,26.3151
23.9359,26.3319
23.9359,26.3484
23.9359,26.3655
23.9359,26.3818
23.9359,26.3984
23.9359,26.4152
23.9359,26.4318
23.9359,26.4484
23.9359,26.465
23.9359,26.4818
23.9359,26.4984
24.3025,26.5152
24.3025,26.5317
24.3025,26.5484
24.3025,26.5651
24.3025,26.5818
24.3025,26.5985
24.3025,26.6151
24.3025,26.632
24.3025,26.6485
24.3025,26.6656
24.3025,26.6818
24.3025,26.6984
24.3025,26.715
24.3025,26.7318
24.3025,26.7484
24.3025,26.7652
24.3025,26.7817
24.3025,26.7984
24.3025,26.8151
24.3025,26.8318
24.3025,26.8484
24.3025,26.8651
24.3025,26.8818
24.3025,26.8984
24.3025,26.9152
24.3025,26.9318
24.3025,26.9485
24.3025,26.9651
24.3025,26.9818
24.3025,26.9985
24.3025,27.0151
24.3025,27.032
24.3025,27.0484
24.3025,27.0651
24.3025,27.0818
24.3025,27.0984
24.3025,27.115
24.3025,27.1318
24.3025,27.1484
24.3025,27.1651
24.3025,27.1818
24.3025,27.1985
24.3025,27.2151
24.3025,27.2318
24.3025,27.2485
24.3025,27.2651
24.3025,27.2819
24.3025,27.2984
24.3025,27.3151
24.5079,27.3319
24.5079,27.3484
24.5079,27.3654
24.5079,27.3818
24.5079,27.3984
24.5079,27.4152
24.5079,27.4318
24.5079,27.4486
24.5079,27.4651
24.5079,27.4817
24.5079,27.4985
24.5079,27.5151
24.5079,27.5317
24.5079,27.5484
24.5079,27.5651
24.5079,27.5818
24.5079,27.5984
24.5079,27.6152
24.5079,27.6317
24.5079,27.6485
24.5079,27.6651
24.5079,27.6817
24.5079,27.6984
24.5079,27.7151
24.5079,27.7318
24.5079,27.7484
24.5079,27.7652
24.5079,27.7818
24.5079,27.7984
24.5079,27.8151
24.5079,27.8317
24.5079,27.8487
24.5079,27.8651
24.5079,27.8822
24.5079,27.8985
24.5079,27.9151
24.5079,27.9318
24.5079,27.9484
24.5079,27.965
24.5079,27.9818
24.5079,27.9985
24.5079,28.0151
24.5079,28.0317
24.5079,28.0485
24.5079,28.0668
24.5079,28.0822
24.5079,28.0985
24.5079,28.1151
24.9212,28.1317
24.9212,28.1484
24.9212,28.1651
24.9212,28.1818
24.9212,28.1984
24.9212,28.2152
24.9212,28.2318
24.9212,28.2485
24.9212,28.2651
24.9212,28.2817
24.9212,28.2985
24.9212,28.3151
24.9212,28.3318
24.9212,28.3485
24.9212,28.3651
24.9212,28.3818
24.9212,28.3984
24.9212,28.415
24.9212,28.4318
24.9212,28.4485
24.9212,28.4651
24.9212,28.4818
24.9212,28.4985
24.9212,28.5151
24.9212,28.5319
24.9212,28.5484
24.9212,28.5653
24.9212,28.5818
24.9212,28.5985
24.9212,28.6152
24.9212,28.6318
24.9212,28.6485
24.9212,28.6651
24.9212,28.6818
24.9212,28.6985
24.9212,28.7151
24.9212,28.7318
24.9212,28.7485
24.9212,28.7651
24.9212,28.7818
24.9212,28.7985
24.9212,28.8152
24.9212,28.8318
24.9212,28.8485
24.9212,28.8651
24.9212,28.8818
24.9212,28.8985
24.9212,28.9151
24.9748,28.9318
24.9748,28.9484
24.9748,28.9654
24.9748,28.9817
24.9748,28.9984
24.9748,29.0152
24.9748,29.0317
24.9748,29.0485
24.9748,29.0651
24.9748,29.0818
24.9748,29.0985
24.9748,29.1151
24.9748,29.1318
24.9748,29.1484
24.9748,29.1651
24.9748,29.1819
24.9748,29.1984
24.9748,29.2151
24.9748,29.2318
24.9748,29.2485
24.9748,29.2652
24.9748,29.2818
24.9748,29.2984
24.9748,29.3152
24.9748,29.3318
24.9748,29.3485
24.9748,29.3651
24.9748,29.3818
24.9748,29.3985
24.9748,29.4151
24.9748,29.4323
24.9748,29.4485
24.9748,29.4651
24.9748,29.4818
24.9748,29.4984
24.9748,29.5152
24.9748,29.5318
24.9748,29.5487
24.9748,29.5651
24.9748,29.5818
24.9748,29.5985
24.9748,29.6151
24.9748,29.6318
24.9748,29.6485
24.9748,29.6651
24.9748,29.6818
24.9748,29.6984
24.9748,29.7152
24.9748,29.7318
24.9748,29.7484
24.1548,29.7651
24.1548,29.7818
24.1548,29.7984
24.1548,29.8151
24.1548,29.8318
24.1548,29.8485
24.1548,29.8651
24.1548,29.8819
24.1548,29.8985
24.1548,29.9151
24.1548,29.9319
24.1548,29.9485
24.1548,29.9651
24.1548,29.9818
24.1548,29.9985
24.1548,30.0151
24.1548,30.0318
24.1548,30.0485
24.1548,30.0651
24.1548,30.0819
24.1548,30.0985
24.1548,30.1153
24.1548,30.1319
24.1548,30.1485
24.1548,30.1651
24.1548,30.1818
24.1548,30.1984
24.1548,30.2151
24.1548,30.2318
24.1548,30.2485
24.1548,30.2651
24.1548,30.282
24.1548,30.2985
24.1548,30.3155
24.1548,30.3318
24.1548,30.3484
24.1548,30.365
24.1548,30.3818
24.1548,30.3989
24.1548,30.4151
24.1548,30.4318
24.1548,30.4484
24.1548,30.4651
24.1548,30.4819
24.1548,30.4985
24.1548,30.5152
24.1548,30.5318
24.1548,30.5484
25.1172,30.5651
25.1172,30.5818
25.1172,30.5985
25.1172,30.6151
25.1172,30.6322
25.1172,30.6485
25.1172,30.6651
25.1172,30.6819
25.1172,30.6985
25.1172,30.715
25.1172,30.7318
25.1172,30.7487
25.1172,30.7651
25.1172,30.7818
25.1172,30.7985
25.1172,30.8151
25.1172,30.8319
25.1172,30.8485
25.1172,30.8656
25.1172,30.8818
25.1172,30.8984
25.1172,30.9151
25.1172,30.9318
25.1172,30.9485
25.1172,30.9651
25.1172,30.9817
25.1172,30.9985
25.1172,31.0151
25.1172,31.0319
25.1172,31.0485
25.1172,31.0653
25.1172,31.0818
25.1172,31.0985
25.1172,31.1151
25.1172,31.1318
25.1172,31.1487
25.1172,31.1652
25.1172,31.1818
25.1172,31.1985
25.1172,31.2151
25.1172,31.2317
25.1172,31.2484
25.1172,31.2651
25.1172,31.2818
25.1172,31.2985
25.1172,31.3152
25.1172,31.3318
25.2598,31.3485
25.2598,31.3651
25.2598,31.3818
25.2598,31.3985
25.2598,31.4151
25.2598,31.4318
25.2598,31.4485
25.2598,31.4651
25.2598,31.4818
25.2598,31.4985
25.2598,31.5152
25.2598,31.5318
25.2598,31.5485
25.2598,31.5651
25.2598,31.5818
25.2598,31.5985
25.2598,31.6152
25.2598,31.6318
25.2598,31.6485
25.2598,31.6652
25.2598,31.6818
25.2598,31.6984
25.2598,31.715
25.2598,31.7318
25.2598,31.7485
25.2598,31.7651
25.2598,31.7818
25.2598,31.7985
25.2598,31.8151
25.2598,31.8318
25.2598,31.8485
25.2598,31.8651
25.2598,31.8819
25.2598,31.8985
25.2598,31.9151
25.2598,31.9319
25.2598,31.9485
25.2598,31.9653
25.2598,31.9818
25.2598,31.9985
25.2598,32.0152
25.2598,32.0318
25.2598,32.0486
25.2598,32.0651
25.2598,32.0818
25.2598,32.0985
25.2598,32.1151
25.2598,32.1319
25.2598,32.1485
25.2598,32.1651
23.9991,32.1819
23.9991,32.1985
23.9991,32.2151
23.9991,32.2318
23.9991,32.2485
23.9991,32.2652
23.9991,32.2818
23.9991,32.2985
23.9991,32.3151
23.9991,32.3318
23.9991,32.3485
23.9991,32.3651
23.9991,32.3818
23.9991,32.3985
23.9991,32.4156
23.9991,32.4318
23.9991,32.4485
23.9991,32.4651
23.9991,32.4818
23.9991,32.4986
23.9991,32.5151
23.9991,32.5319
23.9991,32.5485
23.9991,32.5651
23.9991,32.5819
23.9991,32.5985
23.9991,32.6151
23.9991,32.6318
23.9991,32.649
23.9991,32.6651
23.9991,32.6818
23.9991,32.6987
23.9991,32.7151
23.9991,32.7318
23.9991,32.7485
23.9991,32.7651
23.9991,32.7819
23.9991,32.7985
23.9991,32.8151
23.9991,32.8318
23.9991,32.8485
23.9991,32.8652
23.9991,32.8819
23.9991,32.8985
23.9991,32.9153
23.9991,32.9318
23.9991,32.9485
23.9991,32.9652
23.9991,32.9818
24.6145,32.9985
24.6145,33.0151
24.6145,33.0317
24.6145,33.0485
24.6145,33.0652
24.6145,33.0818
24.6145,33.0985
24.6145,33.1152
24.6145,33.1318
24.6145,33.1485
24.6145,33.1652
24.6145,33.1818
24.6145,33.1986
24.6145,33.2151
24.6145,33.2318
24.6145,33.2485
24.6145,33.2651
24.6145,33.2818
24.6145,33.2986
24.6145,33.3152
24.6145,33.3319
24.6145,33.3485
24.6145,33.3651
24.6145,33.3819
24.6145,33.3985
24.6145,33.4152
24.6145,33.4318
24.6145,33.4485
24.6145,33.4652
24.6145,33.4818
24.6145,33.4986
24.6145,33.5152
24.6145,33.5318
24.6145,33.5484
24.6145,33.5651
24.6145,33.5819
24.6145,33.5985
24.6145,33.6154
24.6145,33.6319
24.6145,33.6485
24.6145,33.6652
24.6145,33.6818
24.6145,33.6985
24.6145,33.7152
24.6145,33.7318
24.6145,33.7485
24.6145,33.7651
24.6145,33.7818
24.6145,33.7987
24.6145,33.8152
24.6145,33.8318
23.6692,33.8485
23.6692,33.8651
23.6692,33.8818
23.6692,33.8985
23.6692,33.9152
23.6692,33.9318
23.6692,33.949
23.6692,33.965
23.6692,33.9818
23.6692,33.9986
23.6692,34.0151
23.6692,34.0319
23.6692,34.0485
23.6692,34.0651
23.6692,34.0818
23.6692,34.0985
23.6692,34.1152
23.6692,34.1319
23.6692,34.1485
23.6692,34.1652
23.6692,34.1818
23.6692,34.1988
23.6692,34.2151
23.6692,34.2318
23.6692,34.2485
23.6692,34.2652
23.6692,34.2818
23.6692,34.2985
23.6692,34.3152
23.6692,34.3318
23.6692,34.3485
23.6692,34.3652
23.6692,34.3818
23.6692,34.3985
23.6692,34.4152
23.6692,34.4318
23.6692,34.4484
23.6692,34.4652
23.6692,34.4819
23.6692,34.4985
23.6692,34.5152
23.6692,34.5319
23.6692,34.5485
23.6692,34.5654
23.6692,34.5818
23.6692,34.5985
23.6692,34.6151
23.6692,34.6318
23.6692,34.6485
24.3236,34.6652
24.3236,34.6818
24.3236,34.6985
24.3236,34.7152
24.3236,34.7318
24.3236,34.7485
24.3236,34.7651
24.3236,34.7819
24.3236,34.7985
24.3236,34.8152
24.3236,34.8318
24.3236,34.8485
24.3236,34.865
24.3236,34.8818
24.3236,34.8985
24.3236,34.9152
24.3236,34.9318
24.3236,34.9485
24.3236,34.9652
24.3236,34.9818
24.3236,34.9985
24.3236,35.0151
24.3236,35.0319
24.3236,35.0485
24.3236,35.0652
24.3236,35.0819
24.3236,35.0985
24.3236,35.1154
24.3236,35.1319
24.3236,35.1485
24.3236,35.1652
24.3236,35.1818
24.3236,35.1984
24.3236,35.2152
24.3236,35.2318
24.3236,35.2485
24.3236,35.2651
24.3236,35.2819
24.3236,35.2985
24.3236,35.3152
24.3236,35.3318
24.3236,35.3486
24.3236,35.3652
24.3236,35.3818
24.3236,35.3985
24.3236,35.4152
24.3236,35.4317
24.3236,35.4485
24.3236,35.4651
24.6517,35.4818
24.6517,35.4985
24.6517,35.5153
24.6517,35.5318
24.6517,35.5485
24.6517,35.5652
24.6517,35.5819
24.6517,35.5986
24.6517,35.6152
24.6517,35.6319
24.6517,35.6485
24.6517,35.6651
24.6517,35.6818
24.6517,35.6985
24.6517,35.7152
24.6517,35.7318
24.6517,35.7485
24.6517,35.7652
24.6517,35.7818
24.6517,35.7985
24.6517,35.8152
24.6517,35.8319
24.6517,35.8485
24.6517,35.8652
24.6517,35.8818
24.6517,35.899
24.6517,35.9152
24.6517,35.9318
24.6517,35.9485
24.6517,35.9652
24.6517,35.982
24.6517,35.9985
24.6517,36.0152
24.6517,36.0318
24.6517,36.0485
24.6517,36.0653
24.6517,36.0818
24.6517,36.0984
24.6517,36.1152
24.6517,36.132
24.6517,36.1484
24.6517,36.1651
24.6517,36.1819
24.6517,36.1985
24.6517,36.2152
24.6517,36.2318
24.6517,36.2485
25.4041,36.2652
25.4041,36.2818
25.4041,36.2984
25.4041,36.3151
25.4041,36.332
25.4041,36.3485
25.4041,36.3651
25.4041,36.3819
25.4041,36.3985
25.4041,36.4153
25.4041,36.4318
25.4041,36.4486
25.4041,36.4651
25.4041,36.4818
25.4041,36.4985
25.4041,36.5151
25.4041,36.5319
25.4041,36.5485
25.4041,36.5653
25.4041,36.5818
25.4041,36.5985
25.4041,36.6152
25.4041,36.6318
25.4041,36.6485
25.4041,36.6651
25.4041,36.6818
25.4041,36.6986
25.4041,36.7152
25.4041,36.7318
25.4041,36.7485
25.4041,36.7651
25.4041,36.7819
25.4041,36.7985
25.4041,36.8151
25.4041,36.8318
25.4041,36.8485
25.4041,36.8652
25.4041,36.8818
25.4041,36.8985
25.4041,36.9152
25.4041,36.9318
25.4041,36.9486
25.4041,36.9652
25.4041,36.9818
25.4041,36.9985
25.4041,37.0152
25.4041,37.0319
25.4041,37.0485
25.4041,37.0652
24.5371,37.0818
24.5371,37.0985
24.5371,37.1151
24.5371,37.1318
24.5371,37.1484
24.5371,37.1652
24.5371,37.1818
24.5371,37.1985
24.5371,37.2152
24.5371,37.2319
24.5371,37.2485
24.5371,37.2656
24.5371,37.2819
24.5371,37.2985
24.5371,37.3153
24.5371,37.3318
24.5371,37.3485
24.5371,37.3652
24.5371,37.3818
24.5371,37.3986
24.5371,37.4152
24.5371,37.4317
24.5371,37.4485
24.5371,37.4651
24.5371,37.4818
24.5371,37.4985
24.5371,37.5151
24.5371,37.5318
24.5371,37.5485
24.5371,37.5652
24.5371,37.5818
24.5371,37.5987
24.5371,37.6151
24.5371,37.6323
24.5371,37.6485
24.5371,37.6651
24.5371,37.6819
24.5371,37.6985
24.5371,37.7153
24.5371,37.7318
24.5371,37.7485
24.5371,37.7652
24.5371,37.7818
24.5371,37.7986
24.5371,37.8152
24.5371,37.8319
24.5371,37.8485
24.5371,37.8652
24.8711,37.8819
24.8711,37.8985
24.8711,37.9151
24.8711,37.9319
24.8711,37.9485
24.8711,37.9652
24.8711,37.9818
24.8711,37.9986
24.8711,38.0151
24.8711,38.0319
24.8711,38.0485
24.8711,38.0651
24.8711,38.0818
24.8711,38.0985
24.8711,38.1152
24.8711,38.1319
24.8711,38.149
24.8711,38.1652
24.8711,38.1818
24.8711,38.1985
24.8711,38.2152
24.8711,38.2318
24.8711,38.2485
24.8711,38.2651
24.8711,38.2819
24.8711,38.2985
24.8711,38.3153
24.8711,38.3319
24.8711,38.3485
24.8711,38.3652
24.8711,38.3818
24.8711,38.3984
24.8711,38.4152
24.8711,38.4318
24.8711,38.4485
24.8711,38.4652
24.8711,38.482
24.8711,38.4985
24.8711,38.5152
24.8711,38.5318
24.8711,38.5485
24.8711,38.5652
24.8711,38.5818
24.8711,38.5986
24.8711,38.6152
24.8711,38.6318
24.8711,38.6486
24.8711,38.6652
24.7786,38.6819
24.7786,38.6985
24.7786,38.7155
24.7786,38.7319
24.7786,38.7485
24.7786,38.7653
24.7786,38.7818
24.7786,38.7988
24.7786,38.8152
24.7786,38.8318
24.7786,38.8486
24.7786,38.8652
24.7786,38.8818
24.7786,38.8985
24.7786,38.9152
24.7786,38.932
24.7786,38.9485
24.7786,38.9652
24.7786,38.9819
24.7786,38.9985
24.7786,39.0153
24.7786,39.0318
24.7786,39.0486
24.7786,39.0652
24.7786,39.0818
24.7786,39.0985
24.7786,39.1152
24.7786,39.1318
24.7786,39.1485
24.7786,39.1651
24.7786,39.1818
24.7786,39.1985
24.7786,39.2154
24.7786,39.2318
24.7786,39.2486
24.7786,39.2652
24.7786,39.2819
24.7786,39.2986
24.7786,39.3152
24.7786,39.3319
24.7786,39.3485
24.7786,39.3652
24.7786,39.3818
24.7786,39.3985
24.7786,39.4152
24.7786,39.4318
24.7786,39.4485
24.7786,39.4652
25.0782,39.4819
25.0782,39.4985
25.0782,39.5151
25.0782,39.5319
25.0782,39.5485
25.0782,39.5653
25.0782,39.5818
25.0782,39.5984
25.0782,39.6152
25.0782,39.6318
25.0782,39.6485
25.0782,39.6652
25.0782,39.6818
25.0782,39.6985
25.0782,39.7152
25.0782,39.7319
25.0782,39.7485
25.0782,39.7654
25.0782,39.7818
25.0782,39.7985
25.0782,39.8152
25.0782,39.8319
25.0782,39.8486
25.0782,39.8652
25.0782,39.8819
25.0782,39.8985
25.0782,39.9153
25.0782,39.9319
25.0782,39.9485
25.0782,39.9652
25.0782,39.9818
25.0782,39.9986
25.0782,40.0152
25.0782,40.0318
25.0782,40.0485
25.0782,40.0652
25.0782,40.0819
25.0782,40.0985
25.0782,40.1154
25.0782,40.1319
25.0782,40.1485
25.0782,40.1652
25.0782,40.1818
25.0782,40.1986
25.0782,40.2152
25.0782,40.2318
25.0782,40.2485
25.0782,40.2652
25.0977,40.2819
25.0977,40.2985
25.0977,40.3151
25.0977,40.3319
25.0977,40.3485
25.0977,40.3652
25.0977,40.3818
25.0977,40.3985
25.0977,40.4152
25.0977,40.4318
25.0977,40.4485
25.0977,40.4652
25.0977,40.4819
25.0977,40.4985
25.0977,40.5153
25.0977,40.5319
25.0977,40.5485
25.0977,40.5653
25.0977,40.5818
25.0977,40.5994
25.0977,40.6152
25.0977,40.6318
25.0977,40.6486
25.0977,40.6652
25.0977,40.682
25.0977,40.6985
25.0977,40.7151
25.0977,40.7319
25.0977,40.7485
25.0977,40.7653
25.0977,40.7819
25.0977,40.7985
25.0977,40.8152
25.0977,40.8318
25.0977,40.8487
25.0977,40.8652
25.0977,40.882
25.0977,40.8985
25.0977,40.9152
25.0977,40.9319
25.0977,40.9485
25.0977,40.9651
25.0977,40.9819
25.0977,40.9985
25.0977,41.0151
25.0977,41.0319
25.0977,41.0485
25.0977,41.0654
25.0977,41.0819
24.4315,41.0986
24.4315,41.1152
24.4315,41.132
24.4315,41.1484
24.4315,41.1652
24.4315,41.1819
24.4315,41.1985
24.4315,41.2154
24.4315,41.2319
24.4315,41.2485
24.4315,41.2652
24.4315,41.2819
24.4315,41.2986
24.4315,41.3153
24.4315,41.3318
24.4315,41.3486
24.4315,41.3652
24.4315,41.3819
24.4315,41.3984
24.4315,41.4152
24.4315,41.4319
24.4315,41.4485
24.4315,41.4651
24.4315,41.4819
24.4315,41.4985
24.4315,41.5152
24.4315,41.5318
24.4315,41.5486
24.4315,41.5652
24.4315,41.5829
24.4315,41.5985
24.4315,41.6152
24.4315,41.6319
24.4315,41.6485
24.4315,41.6652
24.4315,41.6819
24.4315,41.6986
24.4315,41.7153
24.4315,41.7318
24.4315,41.7486
24.4315,41.7652
24.4315,41.7823
24.4315,41.7986
24.4315,41.8152
24.4315,41.832
24.4315,41.8485
24.4315,41.8655
24.4315,41.8819
24.4315,41.8985
24.5314,41.9152
24.5314,41.9319
24.5314,41.9485
24.5314,41.9652
24.5314,41.9819
24.5314,41.9986
24.5314,42.0152
24.5314,42.032
24.5314,42.0485
24.5314,42.0652
24.5314,42.0819
24.5314,42.0985
24.5314,42.1153
24.5314,42.1319
24.5314,42.1485
24.5314,42.1652
24.5314,42.1819
24.5314,42.199
24.5314,42.2152
24.5314,42.2319
24.5314,42.2486
24.5314,42.2652
24.5314,42.282
24.5314,42.2986
24.5314,42.3152
24.5314,42.332
24.5314,42.3485
24.5314,42.3651
24.5314,42.3819
24.5314,42.3985
24.5314,42.4153
24.5314,42.4319
24.5314,42.4488
24.5314,42.4652
24.5314,42.4819
24.5314,42.4985
24.5314,42.5152
24.5314,42.5319
24.5314,42.5485
24.5314,42.5653
24.5314,42.5819
24.5314,42.5985
24.5314,42.6152
24.5314,42.6319
24.5314,42.6486
24.5314,42.6652
24.5314,42.6819
24.5314,42.6986
24.5314,42.7152
24.5314,42.7337
24.2082,42.7485
24.2082,42.7652
24.2082,42.7819
24.2082,42.7986
24.2082,42.8154
24.2082,42.8318
24.2082,42.8485
24.2082,42.8653
24.2082,42.8818
24.2082,42.8985
24.2082,42.9152
24.2082,42.9319
24.2082,42.9486
24.2082,42.9652
24.2082,42.9818
24.2082,42.9986
24.2082,43.0152
24.2082,43.0319
24.2082,43.0485
24.2082,43.0652
24.2082,43.0819
24.2082,43.0985
24.2082,43.1152
24.2082,43.1319
24.2082,43.1486
24.2082,43.1652
24.2082,43.1819
24.2082,43.1985
24.2082,43.2152
24.2082,43.2319
24.2082,43.2485
24.2082,43.2653
24.2082,43.2818
24.2082,43.2985
24.2082,43.3152
24.2082,43.3319
24.2082,43.3485
24.2082,43.3653
24.2082,43.3819
24.2082,43.3985
24.2082,43.4154
24.2082,43.4319
24.2082,43.4504
24.2082,43.4653
24.2082,43.4818
24.2082,43.4986
24.2082,43.5152
24.2082,43.5319
24.2082,43.5486
24.2082,43.5652
24.2082,43.5818
24.2082,43.5987
24.2082,43.6152
22.3953,43.632
22.3953,43.6486
22.3953,43.6652
22.3953,43.6819
22.3953,43.6986
22.3953,43.7152
22.3953,43.7319
22.3953,43.7485
22.3953,43.7655
22.3953,43.7819
22.3953,43.7985
22.3953,43.8154
22.3953,43.8318
22.3953,43.849
22.3953,43.8655
22.3953,43.8819
22.3953,43.8985
22.3953,43.9153
22.3953,43.9319
22.3953,43.9487
22.3953,43.9654
22.3953,43.9819
22.3953,43.9985
22.3953,44.0153
22.3953,44.0318
22.3953,44.0486
22.3953,44.0653
22.3953,44.0819
22.3953,44.0992
22.3953,44.1152
22.3953,44.1319
22.3953,44.1488
22.3953,44.1653
22.3953,44.1819
22.3953,44.1986
22.3953,44.2152
22.3953,44.2319
22.3953,44.2486
22.3953,44.2652
22.3953,44.282
22.3953,44.2986
22.3953,44.3152
22.3953,44.3319
22.3953,44.3487
22.3953,44.3653
22.3953,44.3819
22.3953,44.3986
22.3953,44.4152
22.3953,44.4323
22.3953,44.4486
22.3953,44.4652
22.3953,44.482
22.3953,44.4985
22.3953,44.5152
22.3953,44.532
22.3953,44.5486
22.3953,44.5652
21.1882,44.5819
21.1882,44.5985
21.1882,44.6151
21.1882,44.6319
21.1882,44.6486
21.1882,44.6653
21.1882,44.6819
21.1882,44.6986
21.1882,44.7153
21.1882,44.7319
21.1882,44.7485
21.1882,44.7653
21.1882,44.7818
21.1882,44.7986
21.1882,44.8151
21.1882,44.8319
21.1882,44.8486
21.1882,44.8652
21.1882,44.8819
21.1882,44.8986
21.1882,44.9152
21.1882,44.9319
21.1882,44.9486
21.1882,44.9652
21.1882,44.9821
21.1882,44.9986
21.1882,45.0152
21.1882,45.0319
21.1882,45.0486
21.1882,45.0652
21.1882,45.0818
21.1882,45.0988
21.1882,45.1152
21.1882,45.1334
21.1882,45.1486
21.1882,45.1652
21.1882,45.1822
21.1882,45.1985
21.1882,45.2152
21.1882,45.2336
21.1882,45.2486
21.1882,45.2652
21.1882,45.2818
21.1882,45.2986
21.1882,45.3152
21.1882,45.3319
21.1882,45.3485
21.1882,45.3654
21.1882,45.3819
21.1882,45.3986
21.1882,45.4153
21.1882,45.4319
21.1882,45.4485
21.1882,45.4653
21.1882,45.4819
21.1882,45.4985
21.4964,45.5152
21.4964,45.5319
21.4964,45.5488
21.4964,45.5652
21.4964,45.5818
21.4964,45.5987
21.4964,45.6152
21.4964,45.6319
21.4964,45.6485
21.4964,45.6652
21.4964,45.6819
21.4964,45.6986
21.4964,45.7152
21.4964,45.7318
21.4964,45.7486
21.4964,45.7652
21.4964,45.7819
21.4964,45.7986
21.4964,45.8152
21.4964,45.8319
21.4964,45.8486
21.4964,45.8652
21.4964,45.8819
21.4964,45.8986
21.4964,45.9153
21.4964,45.9319
21.4964,45.9485
21.4964,45.9662
21.4964,45.982
21.4964,45.9986
21.4964,46.0151
21.4964,46.0321
21.4964,46.0486
21.4964,46.0652
21.4964,46.0819
21.4964,46.0986
21.4964,46.1151
21.4964,46.132
21.4964,46.1486
21.4964,46.1651
21.4964,46.1819
21.4964,46.1985
21.4964,46.2153
21.4964,46.2319
21.4964,46.2486
21.4964,46.2653
21.4964,46.2819
21.4964,46.2988
21.4964,46.3155
21.4964,46.3319
21.4964,46.3484
21.4964,46.3652
21.4964,46.3819
21.4964,46.3987
21.4964,46.4152
21.4964,46.4319
21.4196,46.4486
21.4196,46.4652
21.4196,46.4821
21.4196,46.4986
21.4196,46.5152
21.4196,46.5319
21.4196,46.5486
21.4196,46.5652
21.4196,46.5818
21.4196,46.5985
21.4196,46.6154
21.4196,46.6319
21.4196,46.6486
21.4196,46.6655
21.4196,46.6819
21.4196,46.6986
21.4196,46.7154
21.4196,46.7319
21.4196,46.7485
21.4196,46.7653
21.4196,46.7819
21.4196,46.7985
21.4196,46.8153
21.4196,46.8319
21.4196,46.8486
21.4196,46.8653
21.4196,46.8819
21.4196,46.8986
21.4196,46.9153
21.4196,46.9319
21.4196,46.9485
21.4196,46.9653
21.4196,46.9819
21.4196,46.9986
21.4196,47.0152
21.4196,47.0322
21.4196,47.0485
21.4196,47.0652
21.4196,47.0819
21.4196,47.0986
21.4196,47.1152
21.4196,47.132
21.4196,47.1486
21.4196,47.1652
21.4196,47.1818
21.4196,47.1986
21.4196,47.2152
21.4196,47.2321
21.4196,47.2486
21.4196,47.2652
21.4196,47.2819
21.4196,47.2986
21.4196,47.3152
21.4196,47.3321
21.4196,47.3486
21.4196,47.3652
21.3313,47.3819
21.3313,47.3985
21.3313,47.4153
21.3313,47.4319
21.3313,47.4486
21.3313,47.4652
21.3313,47.4819
21.3313,47.4986
21.3313,47.5151
21.3313,47.5319
21.3313,47.5485
21.3313,47.5653
21.3313,47.5819
21.3313,47.5985
21.3313,47.6153
21.3313,47.6319
21.3313,47.6485
21.3313,47.6653
21.3313,47.6819
21.3313,47.6987
21.3313,47.7152
21.3313,47.7319
21.3313,47.7486
21.3313,47.7653
21.3313,47.7819
21.3313,47.7985
21.3313,47.8153
21.3313,47.8319
21.3313,47.8486
21.3313,47.8653
21.3313,47.8819
21.3313,47.8986
21.3313,47.9153
21.3313,47.9319
21.3313,47.9487
21.3313,47.9653
21.3313,47.9819
21.3313,47.9988
21.3313,48.0153
21.3313,48.0319
21.3313,48.0486
21.3313,48.0652
21.3313,48.0819
21.3313,48.0987
21.3313,48.1152
21.3313,48.1319
21.3313,48.1486
21.3313,48.1652
21.3313,48.1821
21.3313,48.1985
21.3313,48.2152
21.3313,48.233
21.3313,48.2486
21.3313,48.2652
21.3313,48.2821
21.3313,48.2985
21.3313,48.3152
21.3313,48.332
20.84,48.3486
20.84,48.3652
20.84,48.3818
20.84,48.3986
20.84,48.4152
20.84,48.432
20.84,48.4486
20.84,48.4657
20.84,48.4818
20.84,48.4985
20.84,48.5154
20.84,48.5319
20.84,48.5486
20.84,48.5655
20.84,48.5819
20.84,48.5986
20.84,48.6153
20.84,48.6319
20.84,48.6488
20.84,48.6654
20.84,48.6819
20.84,48.6987
20.84,48.7152
20.84,48.7319
20.84,48.7486
20.84,48.7653
20.84,48.7819
20.84,48.7985
20.84,48.8152
20.84,48.8319
20.84,48.8486
20.84,48.8652
20.84,48.8819
20.84,48.8987
20.84,48.9152
20.84,48.9319
20.84,48.9485
20.84,48.9653
20.84,48.9819
20.84,48.9986
20.84,49.0152
20.84,49.032
20.84,49.0487
20.84,49.0652
20.84,49.0819
20.84,49.0986
20.84,49.1152
20.84,49.1318
20.84,49.1486
20.84,49.1652
20.84,49.1837
20.84,49.1986
20.84,49.2152
20.84,49.2318
20.84,49.2485
20.84,49.2653
20.84,49.2819
20.9329,49.2987
20.9329,49.3153
20.9329,49.3319
20.9329,49.3485
20.9329,49.3653
20.9329,49.3819
20.9329,49.3986
20.9329,49.4152
20.9329,49.432
20.9329,49.4486
20.9329,49.4653
20.9329,49.4819
20.9329,49.4986
20.9329,49.5152
20.9329,49.5319
20.9329,49.5486
20.9329,49.5652
20.9329,49.5824
20.9329,49.5986
20.9329,49.6152
20.9329,49.632
20.9329,49.6486
20.9329,49.6652
20.9329,49.682
20.9329,49.6986
20.9329,49.7152
20.9329,49.732
20.9329,49.7486
20.9329,49.7652
20.9329,49.7819
20.9329,49.7986
20.9329,49.8152
20.9329,49.8319
20.9329,49.8486
20.9329,49.8652
20.9329,49.8819
20.9329,49.8986
20.9329,49.9155
20.9329,49.9319
20.9329,49.9486
20.9329,49.9654
20.9329,49.9819
20.9329,49.9986
20.9329,50.0152
20.9329,50.032
20.9329,50.0486
20.9329,50.0653
20.9329,50.0819
20.9329,50.0985
20.9329,50.1155
20.9329,50.132
20.9329,50.1486
20.9329,50.1658
20.9329,50.1819
20.9329,50.1986
20.9329,50.2154
20.9329,50.2319
20.9329,50.2486
20.5181,50.2652
20.5181,50.2819
20.5181,50.2986
20.5181,50.3152
20.5181,50.3319
20.5181,50.3486
20.5181,50.3651
20.5181,50.3819
20.5181,50.3986
20.5181,50.4154
20.5181,50.432
20.5181,50.4486
20.5181,50.4653
20.5181,50.482
20.5181,50.4985
20.5181,50.5153
20.5181,50.5319
20.5181,50.5486
20.5181,50.5653
20.5181,50.5819
20.5181,50.5988
20.5181,50.6153
20.5181,50.6319
20.5181,50.6486
20.5181,50.6653
20.5181,50.6819
20.5181,50.6986
20.5181,50.7153
20.5181,50.7319
20.5181,50.7489
20.5181,50.7653
20.5181,50.7819
20.5181,50.7986
20.5181,50.8153
20.5181,50.8319
20.5181,50.8493
20.5181,50.8653
20.5181,50.8819
20.5181,50.8987
20.5181,50.9153
20.5181,50.9319
20.5181,50.9487
20.5181,50.9652
20.5181,50.9822
20.5181,50.9987
20.5181,51.0152
20.5181,51.032
20.5181,51.0486
20.5181,51.0652
20.5181,51.0818
20.5181,51.0986
20.5181,51.1152
20.5181,51.132
20.5181,51.1486
20.5181,51.1654
20.5181,51.1819
20.5181,51.1986
20.5181,51.2153
20.8926,51.232
20.8926,51.2486
20.8926,51.2652
20.8926,51.282
20.8926,51.2986
20.8926,51.3152
20.8926,51.332
20.8926,51.3486
20.8926,51.3652
20.8926,51.3819
20.8926,51.3986
20.8926,51.4154
20.8926,51.4319
20.8926,51.449
20.8926,51.4654
20.8926,51.4819
20.8926,51.5002
20.8926,51.5153
20.8926,51.5319
20.8926,51.5486
20.8926,51.5653
20.8926,51.5819
20.8926,51.5987
20.8926,51.6152
20.8926,51.6319
20.8926,51.6489
20.8926,51.6653
20.8926,51.6819
20.8926,51.6987
20.8926,51.7153
20.8926,51.7319
20.8926,51.7486
20.8926,51.7653
20.8926,51.7819
20.8926,51.7986
20.8926,51.8152
20.8926,51.832
20.8926,51.8486
20.8926,51.8652
20.8926,51.8821
20.8926,51.8986
20.8926,51.9152
20.8926,51.932
20.8926,51.9487
20.8926,51.9652
20.8926,51.982
20.8926,51.9986
20.8926,52.0152
20.8926,52.032
20.8926,52.0486
20.8926,52.0652
20.8926,52.082
20.8926,52.0986
20.8926,52.1152
20.8926,52.1321
20.8926,52.1486
20.8926,52.1653
20.999,52.182
20.999,52.1986
20.999,52.2154
20.999,52.2321
20.999,52.2485
20.999,52.2652
20.999,52.282
20.999,52.2986
20.999,52.3153
20.999,52.3321
20.999,52.3486
20.999,52.3652
20.999,52.382
20.999,52.3986
20.999,52.4152
20.999,52.4321
20.999,52.4486
20.999,52.4652
20.999,52.482
20.999,52.4986
20.999,52.5153
20.999,52.532
20.999,52.5486
20.999,52.5653
20.999,52.5834
20.999,52.5987
20.999,52.6153
20.999,52.6321
20.999,52.6487
20.999,52.6652
20.999,52.6821
20.999,52.6986
20.999,52.7153
20.999,52.732
20.999,52.7486
20.999,52.7653
20.999,52.7821
20.999,52.7986
20.999,52.8153
20.999,52.8321
20.999,52.8486
20.999,52.8653
20.999,52.8824
20.999,52.8986
20.999,52.9153
20.999,52.932
20.999,52.9486
20.999,52.9652
20.999,52.9822
20.999,52.9986
20.999,53.0152
20.999,53.0324
20.999,53.0486
20.999,53.0652
20.999,53.082
20.999,53.0986
20.999,53.1152
20.999,53.1321
20.999,53.1487
20.999,53.1653
19.9422,53.182
19.9422,53.1986
19.9422,53.2152
19.9422,53.232
19.9422,53.2486
19.9422,53.2653
19.9422,53.282
19.9422,53.2986
19.9422,53.3152
19.9422,53.3321
19.9422,53.3486
19.9422,53.366
19.9422,53.3819
19.9422,53.3986
19.9422,53.4155
19.9422,53.432
19.9422,53.4486
19.9422,53.4655
19.9422,53.4819
19.9422,53.4986
19.9422,53.5153
19.9422,53.5321
19.9422,53.5486
19.9422,53.5653
19.9422,53.5819
19.9422,53.5991
19.9422,53.6152
19.9422,53.632
19.9422,53.6486
19.9422,53.6653
19.9422,53.6819
19.9422,53.6987
19.9422,53.7153
19.9422,53.732
19.9422,53.7492
19.9422,53.7653
19.9422,53.782
19.9422,53.7988
19.9422,53.8153
19.9422,53.8319
19.9422,53.8486
19.9422,53.8653
19.9422,53.8819
19.9422,53.8987
19.9422,53.9153
19.9422,53.9319
19.9422,53.9486
19.9422,53.9652
19.9422,53.9821
19.9422,53.9986
19.9422,54.0153
19.9422,54.0319
19.9422,54.0486
19.9422,54.0653
19.9422,54.0823
19.9422,54.0986
19.9422,54.1153
20.9354,54.1325
20.9354,54.1486
20.9354,54.1653
20.9354,54.1818
20.9354,54.1986
20.9354,54.2153
20.9354,54.232
20.9354,54.2486
20.9354,54.2653
20.9354,54.282
20.9354,54.2986
20.9354,54.3169
20.9354,54.332
20.9354,54.3486
20.9354,54.3652
20.9354,54.382
20.9354,54.3986
20.9354,54.4154
20.9354,54.4319
20.9354,54.4486
20.9354,54.4653
20.9354,54.4819
20.9354,54.4986
20.9354,54.5154
20.9354,54.5319
20.9354,54.5489
20.9354,54.5654
20.9354,54.5819
20.9354,54.5987
20.9354,54.6153
20.9354,54.6319
20.9354,54.6488
20.9354,54.6653
20.9354,54.6819
20.9354,54.6987
20.9354,54.7153
20.9354,54.7319
20.9354,54.7486
20.9354,54.7653
20.9354,54.7819
20.9354,54.7988
20.9354,54.8153
20.9354,54.8319
20.9354,54.8487
20.9354,54.8653
20.9354,54.882
20.9354,54.8987
20.9354,54.9153
20.9354,54.9319
20.9354,54.9486
20.9354,54.9653
20.9354,54.9819
20.9354,54.9986
20.9354,55.0153
20.9354,55.0321
20.9354,55.0487
20.9354,55.0653
21.0812,55.082
21.0812,55.0986
21.0812,55.1153
21.0812,55.1322
21.0812,55.1487
21.0812,55.1652
21.0812,55.1819
21.0812,55.1986
21.0812,55.2153
21.0812,55.232
21.0812,55.2486
21.0812,55.2652
21.0812,55.2822
21.0812,55.2986
21.0812,55.3153
21.0812,55.3321
21.0812,55.3486
21.0812,55.3653
21.0812,55.3819
21.0812,55.3986
21.0812,55.4153
21.0812,55.432
21.0812,55.4486
21.0812,55.4652
21.0812,55.482
21.0812,55.4986
21.0812,55.5153
21.0812,55.5321
21.0812,55.5486
21.0812,55.5653
21.0812,55.582
21.0812,55.5986
21.0812,55.6157
21.0812,55.6321
21.0812,55.6486
21.0812,55.667
21.0812,55.682
21.0812,55.6986
21.0812,55.7154
21.0812,55.7319
21.0812,55.7486
21.0812,55.7656
21.0812,55.782
21.0812,55.7986
21.0812,55.8152
21.0812,55.832
21.0812,55.8486
21.0812,55.8653
21.0812,55.882
21.0812,55.8986
21.0812,55.9155
21.0812,55.932
21.0812,55.9486
21.0812,55.9654
21.0812,55.9819
21.0812,55.9988
21.0812,56.0153
21.0812,56.0321
20.7658,56.0487
20.7658,56.0653
20.7658,56.082
20.7658,56.0988
20.7658,56.1153
20.7658,56.1319
20.7658,56.1487
20.7658,56.1653
20.7658,56.1819
20.7658,56.1987
20.7658,56.2155
20.7658,56.2319
20.7658,56.2487
20.7658,56.2653
20.7658,56.2819
20.7658,56.2986
20.7658,56.3153
20.7658,56.3319
20.7658,56.3485
20.7658,56.3653
20.7658,56.3819
20.7658,56.3985
20.7658,56.4153
20.7658,56.432
20.7658,56.4487
20.7658,56.4652
20.7658,56.482
20.7658,56.4986
20.7658,56.5153
20.7658,56.532
20.7658,56.5485
20.7658,56.5653
20.7658,56.5819
20.7658,56.5989
20.7658,56.6153
20.7658,56.632
20.7658,56.6487
20.7658,56.6653
20.7658,56.6819
20.7658,56.6988
20.7658,56.7155
20.7658,56.7319
20.7658,56.7488
20.7658,56.7653
20.7658,56.7821
20.7658,56.7987
20.7658,56.8154
20.7658,56.832
20.7658,56.8487
20.7658,56.8653
20.7658,56.8819
20.7658,56.8987
20.7658,56.9153
20.7658,56.9319
20.7658,56.9487
20.7658,56.9653
20.7658,56.9823
20.7658,56.9988
20.7658,57.0153
20.7658,57.0319
20.1916,57.0487
20.1916,57.0652
20.1916,57.0821
20.1916,57.0987
20.1916,57.1153
20.1916,57.1318
20.1916,57.1487
20.1916,57.1653
20.1916,57.182
20.1916,57.1986
20.1916,57.2153
20.1916,57.232
20.1916,57.2487
20.1916,57.2653
20.1916,57.2823
20.1916,57.2987
20.1916,57.3153
20.1916,57.332
20.1916,57.3486
20.1916,57.3654
20.1916,57.3821
20.1916,57.3986
20.1916,57.4164
20.1916,57.432
20.1916,57.4486
20.1916,57.4654
20.1916,57.482
20.1916,57.4986
20.1916,57.5152
20.1916,57.5321
20.1916,57.5486
20.1916,57.5655
20.1916,57.582
20.1916,57.5986
20.1916,57.6155
20.1916,57.6321
20.1916,57.6486
20.1916,57.6655
20.1916,57.682
20.1916,57.6986
20.1916,57.7159
20.1916,57.732
20.1916,57.7486
20.1916,57.7652
20.1916,57.7822
20.1916,57.7986
20.1916,57.8154
20.1916,57.832
20.1916,57.8486
20.1916,57.8654
20.1916,57.8819
20.1916,57.8986
20.1916,57.9153
20.1916,57.932
20.1916,57.9486
20.1916,57.9654
20.1916,57.982
20.1916,57.9986
20.6349,58.0154
20.6349,58.0319
20.6349,58.0488
20.6349,58.0654
20.6349,58.0819
20.6349,58.1004
20.6349,58.1154
20.6349,58.1319
20.6349,58.1486
20.6349,58.1655
20.6349,58.1819
20.6349,58.1985
20.6349,58.2155
20.6349,58.232
20.6349,58.2487
20.6349,58.2654
20.6349,58.282
20.6349,58.2987
20.6349,58.3153
20.6349,58.332
20.6349,58.3486
20.6349,58.3653
20.6349,58.382
20.6349,58.3987
20.6349,58.4153
20.6349,58.432
20.6349,58.4488
20.6349,58.4654
20.6349,58.482
20.6349,58.499
20.6349,58.5153
20.6349,58.532
20.6349,58.5488
20.6349,58.5653
20.6349,58.582
20.6349,58.599
20.6349,58.6153
20.6349,58.632
20.6349,58.6487
20.6349,58.6653
20.6349,58.682
20.6349,58.6987
20.6349,58.7153
20.6349,58.732
20.6349,58.7488
20.6349,58.7653
20.6349,58.782
20.6349,58.7988
20.6349,58.8154
20.6349,58.8319
20.6349,58.8486
20.6349,58.8653
20.6349,58.882
20.6349,58.8988
20.6349,58.9153
20.6349,58.932
20.6349,58.9486
20.6349,58.9654
20.6349,58.982
20.2578,58.9987
20.2578,59.0153
20.2578,59.0324
20.2578,59.0487
20.2578,59.0653
20.2578,59.0826
20.2578,59.0987
20.2578,59.1153
20.2578,59.1322
20.2578,59.1486
20.2578,59.1653
20.2578,59.182
20.2578,59.1987
20.2578,59.2153
20.2578,59.2322
20.2578,59.2489
20.2578,59.2654
20.2578,59.282
20.2578,59.2987
20.2578,59.3154
20.2578,59.332
20.2578,59.3488
20.2578,59.3653
20.2578,59.3819
20.2578,59.3988
20.2578,59.4153
20.2578,59.432
20.2578,59.4487
20.2578,59.4652
20.2578,59.482
20.2578,59.4988
20.2578,59.5154
20.2578,59.5319
20.2578,59.5487
20.2578,59.5654
20.2578,59.582
20.2578,59.5986
20.2578,59.6154
20.2578,59.632
20.2578,59.6486
20.2578,59.6655
20.2578,59.682
20.2578,59.699
20.2578,59.7154
20.2578,59.732
20.2578,59.7489
20.2578,59.7653
20.2578,59.782
20.2578,59.7986
20.2578,59.8153
20.2578,59.832
20.2578,59.8486
20.2578,59.8653
20.2578,59.882
20.2578,59.8986
20.2578,59.9154
20.2578,59.9319
20.2578,59.9487
20.2578,59.9654
20.2578,59.982
20.2578,59.9986
19.6956,60.0154
19.6956,60.032
19.6956,60.0486
19.6956,60.0653
19.6956,60.082
19.6956,60.0987
19.6956,60.1154
19.6956,60.132
19.6956,60.1486
19.6956,60.1653
19.6956,60.182
19.6956,60.1986
19.6956,60.2154
19.6956,60.232
19.6956,60.2487
19.6956,60.2654
19.6956,60.282
19.6956,60.2987
19.6956,60.3154
19.6956,60.332
19.6956,60.3486
19.6956,60.3654
19.6956,60.382
19.6956,60.3987
19.6956,60.4154
19.6956,60.4319
19.6956,60.4487
19.6956,60.4654
19.6956,60.482
19.6956,60.4985
19.6956,60.5153
19.6956,60.532
19.6956,60.5488
19.6956,60.5654
19.6956,60.582
19.6956,60.5985
19.6956,60.6153
19.6956,60.6319
19.6956,60.6488
19.6956,60.6654
19.6956,60.682
19.6956,60.6987
19.6956,60.7154
19.6956,60.732
19.6956,60.7486
19.6956,60.7654
19.6956,60.7819
19.6956,60.7987
19.6956,60.8153
19.6956,60.832
19.6956,60.8489
19.6956,60.8654
19.6956,60.8819
19.6956,60.8987
19.6956,60.9153
19.6956,60.932
19.6956,60.9486
19.6956,60.9654
19.6956,60.982
20.287,60.9987
20.287,61.0153
20.287,61.032
20.287,61.0488
20.287,61.0652
20.287,61.0819
20.287,61.0987
20.287,61.1153
20.287,61.132
20.287,61.1489
20.287,61.1654
20.287,61.182
20.287,61.1987
20.287,61.2153
20.287,61.232
20.287,61.2487
20.287,61.2653
20.287,61.282
20.287,61.2988
20.287,61.3153
20.287,61.332
20.287,61.3488
20.287,61.3653
20.287,61.382
20.287,61.3987
20.287,61.4153
20.287,61.432
20.287,61.4487
20.287,61.4653
20.287,61.482
20.287,61.4985
20.287,61.5153
20.287,61.532
20.287,61.5487
20.287,61.5653
20.287,61.582
20.287,61.5987
20.287,61.6153
20.287,61.632
20.287,61.6489
20.287,61.6653
20.287,61.682
20.287,61.6988
20.287,61.7153
20.287,61.732
20.287,61.7489
20.287,61.7653
20.287,61.7836
20.287,61.7987
20.287,61.8153
20.287,61.8322
20.287,61.8487
20.287,61.8654
20.287,61.8819
20.287,61.8987
20.287,61.9153
20.287,61.9321
20.287,61.9486
20.287,61.9653
20.4627,61.982
20.4627,61.9987
20.4627,62.0153
20.4627,62.0321
20.4627,62.0487
20.4627,62.0653
20.4627,62.0821
20.4627,62.0986
20.4627,62.1153
20.4627,62.1322
20.4627,62.1487
20.4627,62.1653
20.4627,62.1821
20.4627,62.1987
20.4627,62.2153
20.4627,62.2319
20.4627,62.2487
20.4627,62.2653
20.4627,62.2821
20.4627,62.2987
20.4627,62.3155
20.4627,62.332
20.4627,62.3487
20.4627,62.3652
20.4627,62.382
20.4627,62.3987
20.4627,62.4153
20.4627,62.432
20.4627,62.4487
20.4627,62.4655
20.4627,62.482
20.4627,62.4986
20.4627,62.5154
20.4627,62.532
20.4627,62.5487
20.4627,62.5661
20.4627,62.582
20.4627,62.5987
20.4627,62.6153
20.4627,62.632
20.4627,62.6486
20.4627,62.6654
20.4627,62.682
20.4627,62.6987
20.4627,62.7155
20.4627,62.732
20.4627,62.7486
20.4627,62.7654
20.4627,62.782
20.4627,62.7986
20.4627,62.8155
20.4627,62.832
20.4627,62.8486
20.4627,62.8654
20.4627,62.882
20.4627,62.8987
20.4627,62.9153
20.4627,62.932
20.4627,62.9489
20.3773,62.9654
20.3773,62.982
20.3773,62.9987
20.3773,63.0154
20.3773,63.032
20.3773,63.0488
20.3773,63.0654
20.3773,63.082
20.3773,63.0988
20.3773,63.1154
20.3773,63.132
20.3773,63.1488
20.3773,63.1653
20.3773,63.1821
20.3773,63.1989
20.3773,63.2153
20.3773,63.2325
20.3773,63.2487
20.3773,63.2653
20.3773,63.282
20.3773,63.2989
20.3773,63.3154
20.3773,63.332
20.3773,63.3487
20.3773,63.3654
20.3773,63.3821
20.3773,63.3987
20.3773,63.4154
20.3773,63.4335
20.3773,63.4487
20.3773,63.4654
20.3773,63.4822
20.3773,63.4987
20.3773,63.5154
20.3773,63.532
20.3773,63.5488
20.3773,63.5654
20.3773,63.582
20.3773,63.5987
20.3773,63.6154
20.3773,63.6322
20.3773,63.6487
20.3773,63.6653
20.3773,63.6823
20.3773,63.6987
20.3773,63.7153
20.3773,63.7321
20.3773,63.7487
20.3773,63.7654
20.3773,63.7819
20.3773,63.7987
20.3773,63.8154
20.3773,63.8321
20.3773,63.8487
20.3773,63.8657
20.3773,63.882
20.3773,63.8987
20.3773,63.9153
20.6222,63.9321
20.6222,63.9487
20.6222,63.9654
20.6222,63.982
20.6222,63.9987
20.6222,64.0154
20.6222,64.0321
20.6222,64.0487
20.6222,64.0653
20.6222,64.082
20.6222,64.0987
20.6222,64.1155
20.6222,64.132
20.6222,64.1487
20.6222,64.1653
20.6222,64.1821
20.6222,64.1987
20.6222,64.2156
20.6222,64.2321
20.6222,64.2487
20.6222,64.2656
20.6222,64.282
20.6222,64.2987
20.6222,64.3155
20.6222,64.3321
20.6222,64.3487
20.6222,64.3653
20.6222,64.3821
20.6222,64.3987
20.6222,64.4155
20.6222,64.432
20.6222,64.4487
20.6222,64.4654
20.6222,64.482
20.6222,64.4987
20.6222,64.5155
20.6222,64.5321
20.6222,64.5492
20.6222,64.5654
20.6222,64.582
20.6222,64.5987
20.6222,64.6154
20.6222,64.632
20.6222,64.649
20.6222,64.6654
20.6222,64.682
20.6222,64.6987
20.6222,64.7154
20.6222,64.732
20.6222,64.7488
20.6222,64.7654
20.6222,64.782
20.6222,64.7988
20.6222,64.8154
20.6222,64.832
20.6222,64.8488
20.6222,64.8654
20.6222,64.882
20.6222,64.8987
20.2934,64.9154
20.2934,64.9321
20.2934,64.9488
20.2934,64.9655
20.2934,64.9821
20.2934,64.9987
20.2934,65.0154
20.2934,65.032
20.2934,65.0487
20.2934,65.0655
20.2934,65.082
20.2934,65.0987
20.2934,65.1154
20.2934,65.1321
20.2934,65.1487
20.2934,65.1653
20.2934,65.1821
20.2934,65.1987
20.2934,65.2154
20.2934,65.232
20.2934,65.2487
20.2934,65.2654
20.2934,65.2821
20.2934,65.2987
20.2934,65.3155
20.2934,65.3321
20.2934,65.3487
20.2934,65.3656
20.2934,65.382
20.2934,65.3987
20.2934,65.4154
20.2934,65.432
20.2934,65.4487
20.2934,65.4654
20.2934,65.4821
20.2934,65.4997
20.2934,65.5154
20.2934,65.532
20.2934,65.5487
20.2934,65.5654
20.2934,65.582
20.2934,65.5988
20.2934,65.6154
20.2934,65.6321
20.2934,65.6488
20.2934,65.6654
20.2934,65.682
20.2934,65.7005
20.2934,65.7154
20.2934,65.732
20.2934,65.749
20.2934,65.7653
20.2934,65.782
20.2934,65.7997
20.2934,65.8154
20.2934,65.832
20.2934,65.849
20.2934,65.8654
20.2934,65.882
20.2934,65.8987
20.1217,65.9154
20.1217,65.932
20.1217,65.9489
20.1217,65.9653
20.1217,65.982
20.1217,65.9987
20.1217,66.0154
20.1217,66.032
20.1217,66.049
20.1217,66.0654
20.1217,66.082
20.1217,66.0987
20.1217,66.1154
20.1217,66.132
20.1217,66.1486
20.1217,66.1654
20.1217,66.182
20.1217,66.1987
20.1217,66.2154
20.1217,66.2321
20.1217,66.2487
20.1217,66.2654
20.1217,66.2836
20.1217,66.2987
20.1217,66.3154
20.1217,66.3322
20.1217,66.3489
20.1217,66.3654
20.1217,66.382
20.1217,66.3987
20.1217,66.4154
20.1217,66.4324
20.1217,66.4488
20.1217,66.4653
20.1217,66.4839
20.1217,66.4988
20.1217,66.5154
20.1217,66.5321
20.1217,66.5487
20.1217,66.5654
20.1217,66.582
20.1217,66.5987
20.1217,66.6154
20.1217,66.6321
20.1217,66.6487
20.1217,66.6653
20.1217,66.683
20.1217,66.6987
20.1217,66.7154
20.1217,66.732
20.1217,66.7488
20.1217,66.7653
20.1217,66.782
20.1217,66.7988
20.1217,66.8154
20.1217,66.8321
20.1217,66.8488
20.1217,66.8654
20.1217,66.882
20.1751,66.8988
20.1751,66.9154
20.1751,66.932
20.1751,66.9488
20.1751,66.9653
20.1751,66.982
20.1751,66.9988
20.1751,67.0154
20.1751,67.0321
20.1751,67.0485
20.1751,67.0654
20.1751,67.082
20.1751,67.0988
20.1751,67.1154
20.1751,67.1321
20.1751,67.1486
20.1751,67.1653
20.1751,67.182
20.1751,67.1987
20.1751,67.2154
20.1751,67.2321
20.1751,67.2487
20.1751,67.2654
20.1751,67.282
20.1751,67.2987
20.1751,67.3153
20.1751,67.332
20.1751,67.3508
20.1751,67.3655
20.1751,67.382
20.1751,67.3987
20.1751,67.4154
20.1751,67.432
20.1751,67.4488
20.1751,67.4654
20.1751,67.482
20.1751,67.4988
20.1751,67.5154
20.1751,67.532
20.1751,67.5488
20.1751,67.5654
20.1751,67.582
20.1751,67.5987
20.1751,67.6154
20.1751,67.6325
20.1751,67.6486
20.1751,67.6654
20.1751,67.6832
20.1751,67.6988
20.1751,67.7154
20.1751,67.732
20.1751,67.7487
20.1751,67.7654
20.1751,67.782
20.1751,67.7987
20.1751,67.8154
20.1751,67.8324
20.1751,67.8487
20.1751,67.8654
20.1751,67.882
20.0896,67.8988
20.0896,67.9154
20.0896,67.9328
20.0896,67.9486
20.0896,67.9654
20.0896,67.9834
20.0896,67.9988
20.0896,68.0153
20.0896,68.0322
20.0896,68.0487
20.0896,68.0654
20.0896,68.0821
20.0896,68.0987
20.0896,68.1153
20.0896,68.1321
20.0896,68.1488
20.0896,68.1653
20.0896,68.1821
20.0896,68.1987
20.0896,68.2154
20.0896,68.2321
20.0896,68.2487
20.0896,68.2654
20.0896,68.2821
20.0896,68.2987
20.0896,68.3154
20.0896,68.3322
20.0896,68.3488
20.0896,68.3654
20.0896,68.3821
20.0896,68.3987
20.0896,68.4154
20.0896,68.4322
20.0896,68.4488
20.0896,68.4654
20.0896,68.4821
20.0896,68.4987
20.0896,68.5154
20.0896,68.5324
20.0896,68.5487
20.0896,68.5654
20.0896,68.5821
20.0896,68.5987
20.0896,68.6154
20.0896,68.632
20.0896,68.6488
20.0896,68.6654
20.0896,68.6832
20.0896,68.6988
20.0896,68.7154
20.0896,68.732
20.0896,68.7487
20.0896,68.7654
20.0896,68.7822
20.0896,68.7987
20.0896,68.8153
20.0896,68.8322
20.0896,68.8487
20.0896,68.8654
20.1009,68.8825
20.1009,68.8987
20.1009,68.9154
20.1009,68.9323
20.1009,68.9488
20.1009,68.9654
20.1009,68.982
20.1009,68.9987
20.1009,69.0154
20.1009,69.0321
20.1009,69.0488
20.1009,69.0654
20.1009,69.0822
20.1009,69.0988
20.1009,69.1154
20.1009,69.1322
20.1009,69.1488
20.1009,69.1654
20.1009,69.1821
20.1009,69.1987
20.1009,69.2154
20.1009,69.2323
20.1009,69.2488
20.1009,69.2654
20.1009,69.2821
20.1009,69.2988
20.1009,69.3154
20.1009,69.3321
20.1009,69.3488
20.1009,69.3654
20.1009,69.382
20.1009,69.3988
20.1009,69.4154
20.1009,69.4322
20.1009,69.4488
20.1009,69.4654
20.1009,69.4821
20.1009,69.4987
20.1009,69.5154
20.1009,69.5319
20.1009,69.5488
20.1009,69.5654
20.1009,69.5834
20.1009,69.5988
20.1009,69.6154
20.1009,69.6321
20.1009,69.6488
20.1009,69.6654
20.1009,69.682
20.1009,69.6988
20.1009,69.7154
20.1009,69.732
20.1009,69.7488
20.1009,69.7654
20.1009,69.782
20.1009,69.7988
20.1009,69.8154
20.1009,69.832
20.1009,69.8489
20.1009,69.8654
20.1009,69.8821
20.1009,69.8999
19.6156,69.9155
19.6156,69.9321
19.6156,69.949
19.6156,69.9654
19.6156,69.9821
19.6156,69.9996
19.6156,70.0154
19.6156,70.0321
19.6156,70.0487
19.6156,70.0655
19.6156,70.0821
19.6156,70.0987
19.6156,70.1154
19.6156,70.132
19.6156,70.1487
19.6156,70.1656
19.6156,70.182
19.6156,70.1987
19.6156,70.2154
19.6156,70.2321
19.6156,70.2487
19.6156,70.2655
19.6156,70.2821
19.6156,70.2987
19.6156,70.3155
19.6156,70.332
19.6156,70.3487
19.6156,70.3654
19.6156,70.3821
19.6156,70.3987
19.6156,70.4155
19.6156,70.432
19.6156,70.4487
19.6156,70.4656
19.6156,70.4821
19.6156,70.4988
19.6156,70.5155
19.6156,70.5321
19.6156,70.5487
19.6156,70.5655
19.6156,70.5821
19.6156,70.5988
19.6156,70.6155
19.6156,70.6321
19.6156,70.6487
19.6156,70.6656
19.6156,70.682
19.6156,70.6987
19.6156,70.7153
19.6156,70.732
19.6156,70.7487
19.6156,70.7657
19.6156,70.7821
19.6156,70.7987
19.6156,70.8155
19.6156,70.8321
19.6156,70.8487
19.6156,70.8655
19.6156,70.8821
19.6156,70.8987
19.6156,70.9159
19.7224,70.9323
19.7224,70.9487
19.7224,70.9655
19.7224,70.9821
19.7224,70.9987
19.7224,71.0154
19.7224,71.0321
19.7224,71.0487
19.7224,71.0653
19.7224,71.0823
19.7224,71.0987
19.7224,71.1154
19.7224,71.1321
19.7224,71.1487
19.7224,71.1656
19.7224,71.1821
19.7224,71.1987
19.7224,71.2158
19.7224,71.2321
19.7224,71.2487
19.7224,71.2655
19.7224,71.282
19.7224,71.2987
19.7224,71.3154
19.7224,71.3321
19.7224,71.3487
19.7224,71.3654
19.7224,71.3821
19.7224,71.3987
19.7224,71.417
19.7224,71.4322
19.7224,71.4487
19.7224,71.4656
19.7224,71.4822
19.7224,71.4987
19.7224,71.5156
19.7224,71.5321
19.7224,71.5487
19.7224,71.5655
19.7224,71.5821
19.7224,71.5987
19.7224,71.6155
19.7224,71.6321
19.7224,71.6487
19.7224,71.6656
19.7224,71.6821
19.7224,71.6987
19.7224,71.7155
19.7224,71.7321
19.7224,71.7488
19.7224,71.7653
19.7224,71.7821
19.7224,71.7987
19.7224,71.8154
19.7224,71.8321
19.7224,71.8487
19.7224,71.8656
19.7224,71.8823
19.7224,71.8987
19.7224,71.9165
19.9449,71.9321
19.9449,71.9487
19.9449,71.9654
19.9449,71.9821
19.9449,71.9987
19.9449,72.0154
19.9449,72.0321
19.9449,72.0487
19.9449,72.0654
19.9449,72.0821
19.9449,72.0988
19.9449,72.1162
19.9449,72.1321
19.9449,72.1487
19.9449,72.1654
19.9449,72.1821
19.9449,72.1988
19.9449,72.2153
19.9449,72.2321
19.9449,72.2487
19.9449,72.2653
19.9449,72.282
19.9449,72.2988
19.9449,72.3156
19.9449,72.3321
19.9449,72.3487
19.9449,72.3655
19.9449,72.3821
19.9449,72.3988
19.9449,72.4154
19.9449,72.4321
19.9449,72.4487
19.9449,72.4656
19.9449,72.4822
19.9449,72.4987
19.9449,72.5159
19.9449,72.5321
19.9449,72.5487
19.9449,72.5656
19.9449,72.5821
19.9449,72.5987
19.9449,72.6163
19.9449,72.6321
19.9449,72.6488
19.9449,72.6656
19.9449,72.6821
19.9449,72.6987
19.9449,72.7154
19.9449,72.7322
19.9449,72.7488
19.9449,72.7653
19.9449,72.7821
19.9449,72.7988
19.9449,72.8156
19.9449,72.8321
19.9449,72.8488
19.9449,72.8655
19.9449,72.8821
19.9449,72.8987
20.0855,72.9153
20.0855,72.9321
20.0855,72.9487
20.0855,72.9654
20.0855,72.982
20.0855,72.9987
20.0855,73.0153
20.0855,73.0321
20.0855,73.0487
20.0855,73.0657
20.0855,73.0821
20.0855,73.0988
20.0855,73.1161
20.0855,73.1321
20.0855,73.1487
20.0855,73.1656
20.0855,73.1821
20.0855,73.1987
20.0855,73.2156
20.0855,73.2321
20.0855,73.2487
20.0855,73.2654
20.0855,73.2822
20.0855,73.2988
20.0855,73.3154
20.0855,73.3321
20.0855,73.3487
20.0855,73.3657
20.0855,73.3821
20.0855,73.3987
20.0855,73.4155
20.0855,73.4321
20.0855,73.4488
20.0855,73.4655
20.0855,73.4821
20.0855,73.4987
20.0855,73.5153
20.0855,73.532
20.0855,73.5487
20.0855,73.5655
20.0855,73.5821
20.0855,73.5987
20.0855,73.6155
20.0855,73.6321
20.0855,73.6488
20.0855,73.6655
20.0855,73.6821
20.0855,73.6991
20.0855,73.7155
20.0855,73.7321
20.0855,73.749
20.0855,73.7657
20.0855,73.7821
20.0855,73.7991
20.0855,73.8154
20.0855,73.8321
20.0855,73.8489
20.0855,73.8654
20.0855,73.882
20.3812,73.8988
20.3812,73.9154
20.3812,73.932
20.3812,73.9487
20.3812,73.9654
20.3812,73.982
20.3812,73.9989
20.3812,74.0154
20.3812,74.0322
20.3812,74.0488
20.3812,74.0654
20.3812,74.082
20.3812,74.0987
20.3812,74.1153
20.3812,74.1322
20.3812,74.1487
20.3812,74.1655
20.3812,74.1821
20.3812,74.1988
20.3812,74.2154
20.3812,74.2323
20.3812,74.2488
20.3812,74.2654
20.3812,74.2821
20.3812,74.2988
20.3812,74.3154
20.3812,74.3324
20.3812,74.3488
20.3812,74.3655
20.3812,74.3821
20.3812,74.3988
20.3812,74.4154
20.3812,74.432
20.3812,74.449
20.3812,74.4655
20.3812,74.482
20.3812,74.4987
20.3812,74.5154
20.3812,74.5324
20.3812,74.5488
20.3812,74.5655
20.3812,74.5821
20.3812,74.5988
20.3812,74.6154
20.3812,74.6321
20.3812,74.6487
20.3812,74.6654
20.3812,74.6821
20.3812,74.6988
20.3812,74.7155
20.3812,74.7321
20.3812,74.7488
20.3812,74.7655
20.3812,74.7821
20.3812,74.7988
20.3812,74.8154
20.3812,74.8321
20.3812,74.8488
20.3812,74.8655
20.3812,74.8821
20.1287,74.8988
20.1287,74.9154
20.1287,74.9321
20.1287,74.9488
20.1287,74.9655
20.1287,74.9821
20.1287,74.9989
20.1287,75.0154
20.1287,75.0321
20.1287,75.049
20.1287,75.0654
20.1287,75.0821
20.1287,75.0989
20.1287,75.1155
20.1287,75.1321
20.1287,75.1487
20.1287,75.1655
20.1287,75.1821
20.1287,75.1988
20.1287,75.2154
20.1287,75.2321
20.1287,75.2489
20.1287,75.2655
20.1287,75.2826
20.1287,75.2988
20.1287,75.3154
20.1287,75.3324
20.1287,75.3488
20.1287,75.3655
20.1287,75.3822
20.1287,75.3988
20.1287,75.4154
20.1287,75.4321
20.1287,75.4488
20.1287,75.4655
20.1287,75.4823
20.1287,75.4987
20.1287,75.5154
20.1287,75.5324
20.1287,75.5488
20.1287,75.5655
20.1287,75.5822
20.1287,75.5988
20.1287,75.6154
20.1287,75.6321
20.1287,75.6488
20.1287,75.6654
20.1287,75.6824
20.1287,75.6988
20.1287,75.7154
20.1287,75.7324
20.1287,75.7488
20.1287,75.7654
20.1287,75.7821
20.1287,75.7988
20.1287,75.8154
20.1287,75.8322
20.1287,75.8488
20.1287,75.8655
20.2373,75.8822
20.2373,75.8988
20.2373,75.9154
20.2373,75.9322
20.2373,75.9488
20.2373,75.9654
20.2373,75.9822
20.2373,75.9987
20.2373,76.0154
20.2373,76.0322
20.2373,76.0488
20.2373,76.0654
20.2373,76.0822
20.2373,76.0987
20.2373,76.1154
20.2373,76.1322
20.2373,76.1488
20.2373,76.1654
20.2373,76.1821
20.2373,76.1988
20.2373,76.2154
20.2373,76.2322
20.2373,76.2488
20.2373,76.2654
20.2373,76.2822
20.2373,76.2988
20.2373,76.3154
20.2373,76.3322
20.2373,76.3488
20.2373,76.3655
20.2373,76.3822
20.2373,76.3988
20.2373,76.4154
20.2373,76.4323
20.2373,76.4488
20.2373,76.4654
20.2373,76.4822
20.2373,76.4988
20.2373,76.5154
20.2373,76.5323
20.2373,76.5488
20.2373,76.5654
20.2373,76.5821
20.2373,76.5988
20.2373,76.6154
20.2373,76.6321
20.2373,76.6488
20.2373,76.6654
20.2373,76.6822
20.2373,76.6988
20.2373,76.7154
20.2373,76.7322
20.2373,76.7488
20.2373,76.7654
20.2373,76.7821
20.2373,76.7988
20.2373,76.8154
20.2373,76.8323
20.2373,76.8487
20.2373,76.8654
19.9639,76.882
19.9639,76.8988
19.9639,76.9154
19.9639,76.9321
19.9639,76.949
19.9639,76.9654
19.9639,76.9831
19.9639,76.9988
19.9639,77.0154
19.9639,77.0325
19.9639,77.0489
19.9639,77.0654
19.9639,77.0838
19.9639,77.0988
19.9639,77.1154
19.9639,77.1321
19.9639,77.1488
19.9639,77.1655
19.9639,77.1822
19.9639,77.1987
19.9639,77.2154
19.9639,77.2322
19.9639,77.2488
19.9639,77.2655
19.9639,77.2825
19.9639,77.2988
19.9639,77.3154
19.9639,77.3321
19.9639,77.3488
19.9639,77.3654
19.9639,77.3821
19.9639,77.3988
19.9639,77.4154
19.9639,77.4322
19.9639,77.4488
19.9639,77.4654
19.9639,77.4822
19.9639,77.4988
19.9639,77.5156
19.9639,77.5324
19.9639,77.5488
19.9639,77.5654
19.9639,77.5821
19.9639,77.5987
19.9639,77.6154
19.9639,77.6324
19.9639,77.6488
19.9639,77.6654
19.9639,77.6822
19.9639,77.6988
19.9639,77.7158
19.9639,77.7321
19.9639,77.7488
19.9639,77.7655
19.9639,77.7822
19.9639,77.7988
19.9639,77.8156
19.9639,77.8321
19.9639,77.8488
20.3249,77.8655
20.3249,77.8821
20.3249,77.8987
20.3249,77.9156
20.3249,77.9321
20.3249,77.9487
20.3249,77.9654
20.3249,77.9822
20.3249,77.9987
20.3249,78.0155
20.3249,78.032
20.3249,78.0487
20.3249,78.0668
20.3249,78.0821
20.3249,78.0988
20.3249,78.1156
20.3249,78.1322
20.3249,78.1487
20.3249,78.1656
20.3249,78.1821
20.3249,78.1988
20.3249,78.2157
20.3249,78.2321
20.3249,78.2488
20.3249,78.2659
20.3249,78.2821
20.3249,78.2987
20.3249,78.3154
20.3249,78.3321
20.3249,78.3488
20.3249,78.3655
20.3249,78.3821
20.3249,78.3987
20.3249,78.4156
20.3249,78.4321
20.3249,78.4488
20.3249,78.4655
20.3249,78.4821
20.3249,78.4988
20.3249,78.5156
20.3249,78.5322
20.3249,78.5488
20.3249,78.5655
20.3249,78.5821
20.3249,78.5988
20.3249,78.6153
20.3249,78.6322
20.3249,78.6487
20.3249,78.6656
20.3249,78.6821
20.3249,78.6987
20.3249,78.7153
20.3249,78.7321
20.3249,78.7488
20.3249,78.7655
20.3249,78.7822
20.3249,78.7987
20.3249,78.8156
20.3249,78.8321
20.3249,78.8488
20.1243,78.8655
20.1243,78.8821
20.1243,78.8988
20.1243,78.9155
20.1243,78.9321
20.1243,78.9488
20.1243,78.9655
20.1243,78.9821
20.1243,78.9988
20.1243,79.0155
20.1243,79.0322
20.1243,79.0488
20.1243,79.0655
20.1243,79.0821
20.1243,79.0989
20.1243,79.1155
20.1243,79.1321
20.1243,79.1491
20.1243,79.1655
20.1243,79.1821
20.1243,79.1989
20.1243,79.2155
20.1243,79.2321
20.1243,79.2488
20.1243,79.2655
20.1243,79.2821
20.1243,79.2988
20.1243,79.3155
20.1243,79.3321
20.1243,79.3489
20.1243,79.3655
20.1243,79.3821
20.1243,79.399
20.1243,79.4155
20.1243,79.4321
20.1243,79.4488
20.1243,79.4655
20.1243,79.4822
20.1243,79.4988
20.1243,79.5155
20.1243,79.5322
20.1243,79.5489
20.1243,79.5655
20.1243,79.5821
20.1243,79.5989
20.1243,79.6154
20.1243,79.6321
20.1243,79.6488
20.1243,79.6655
20.1243,79.682
20.1243,79.6988
20.1243,79.7155
20.1243,79.7326
20.1243,79.7488
20.1243,79.7655
20.1243,79.7823
20.1243,79.7988
20.1243,79.8154
20.5378,79.8322
20.5378,79.8488
20.5378,79.8655
20.5378,79.8821
20.5378,79.8988
20.5378,79.9155
20.5378,79.9326
20.5378,79.9488
20.5378,79.9654
20.5378,79.9824
20.5378,79.9988
20.5378,80.0155
20.5378,80.0322
20.5378,80.0488
20.5378,80.0655
20.5378,80.082
20.5378,80.0988
20.5378,80.1154
20.5378,80.1321
20.5378,80.1488
20.5378,80.1655
20.5378,80.1822
20.5378,80.1988
20.5378,80.2154
20.5378,80.2334
20.5378,80.2488
20.5378,80.2655
20.5378,80.282
20.5378,80.2989
20.5378,80.3155
20.5378,80.3336
20.5378,80.3489
20.5378,80.3655
20.5378,80.3822
20.5378,80.3988
20.5378,80.4155
20.5378,80.4322
20.5378,80.4488
20.5378,80.4655
20.5378,80.4821
20.5378,80.4987
20.5378,80.5155
20.5378,80.5321
20.5378,80.5489
20.5378,80.5655
20.5378,80.5826
20.5378,80.5988
20.5378,80.6155
20.5378,80.6334
20.5378,80.6488
20.5378,80.6655
20.5378,80.6821
20.5378,80.6989
20.5378,80.7155
20.5378,80.7322
20.5378,80.7488
20.5378,80.7655
20.5378,80.7822
20.5378,80.7989
20.5378,80.8155
20.0738,80.8322
20.0738,80.8488
20.0738,80.8655
20.0738,80.8821
20.0738,80.8988
20.0738,80.9155
20.0738,80.9323
20.0738,80.9488
20.0738,80.9655
20.0738,80.9822
20.0738,80.999
20.0738,81.0155
20.0738,81.0322
20.0738,81.0488
20.0738,81.0655
20.0738,81.0825
20.0738,81.0988
20.0738,81.1155
20.0738,81.1329
20.0738,81.1488
20.0738,81.1655
20.0738,81.1821
20.0738,81.199
20.0738,81.2155
20.0738,81.2331
20.0738,81.2488
20.0738,81.2655
20.0738,81.2821
20.0738,81.2988
20.0738,81.3155
20.0738,81.3324
20.0738,81.3488
20.0738,81.3655
20.0738,81.3821
20.0738,81.3988
20.0738,81.4155
20.0738,81.4323
20.0738,81.4488
20.0738,81.4655
20.0738,81.4823
20.0738,81.4987
20.0738,81.5155
20.0738,81.5322
20.0738,81.5488
20.0738,81.5655
20.0738,81.5821
20.0738,81.5987
20.0738,81.6155
20.0738,81.6322
20.0738,81.6488
20.0738,81.6655
20.0738,81.682
20.0738,81.6988
20.0738,81.7155
20.0738,81.7321
20.0738,81.7488
20.0738,81.766
20.0738,81.7822
20.0738,81.7987
20.0738,81.8155
20.0556,81.8322
20.0556,81.8488
20.0556,81.8655
20.0556,81.8822
20.0556,81.8988
20.0556,81.9155
20.0556,81.9323
20.0556,81.9488
20.0556,81.9655
20.0556,81.9821
20.0556,81.9988
20.0556,82.0154
20.0556,82.0322
20.0556,82.0488
20.0556,82.0655
20.0556,82.0824
20.0556,82.0988
20.0556,82.1155
20.0556,82.1322
20.0556,82.1488
20.0556,82.1655
20.0556,82.1821
20.0556,82.1988
20.0556,82.2155
20.0556,82.2322
20.0556,82.2488
20.0556,82.2654
20.0556,82.2822
20.0556,82.2988
20.0556,82.3155
20.0556,82.3321
20.0556,82.3489
20.0556,82.3655
20.0556,82.3821
20.0556,82.399
20.0556,82.4155
20.0556,82.4321
20.0556,82.4489
20.0556,82.4655
20.0556,82.4822
20.0556,82.4988
20.0556,82.5155
20.0556,82.5321
20.0556,82.5489
20.0556,82.5655
20.0556,82.5821
20.0556,82.5991
20.0556,82.6155
20.0556,82.6321
20.0556,82.6489
20.0556,82.6654
20.0556,82.6821
20.0556,82.699
20.0556,82.7155
20.0556,82.7321
20.0556,82.7488
20.0556,82.7656
20.0556,82.7821
20.0556,82.7991
20.0556,82.8155
20.0556,82.8321
20.0556,82.8488
19.4235,82.8655
19.4235,82.8822
19.4235,82.8992
19.4235,82.9157
19.4235,82.9322
19.4235,82.9488
19.4235,82.9655
19.4235,82.9822
19.4235,82.9988
19.4235,83.0155
19.4235,83.0322
19.4235,83.0488
19.4235,83.0656
19.4235,83.0822
19.4235,83.0988
19.4235,83.1155
19.4235,83.1322
19.4235,83.1488
19.4235,83.1668
19.4235,83.1822
19.4235,83.1988
19.4235,83.2154
19.4235,83.2322
19.4235,83.2488
19.4235,83.2655
19.4235,83.2822
