flower,time
0,0.000126357
0,0.0017429
0,0.00826147
0,0.0240962
0,0.0416289
0,0.0579833
0,0.0731371
0,0.0908204
0,0.106049
0,0.123006
0,0.141628
0,0.156145
0,0.173178
0,0.189637
0,0.207982
0,0.222759
0,0.239942
0,0.257185
0,0.273258
0,0.290338
0,0.306372
0,0.324086
0,0.340088
0,0.356096
0,0.37463
0,0.390046
0,0.40746
0,0.424538
0,0.440338
0,0.457049
0,0.474125
0,0.491108
0,0.507077
0,0.524268
0,0.539388
0,0.557801
0,0.572734
0,0.590032
0,0.60639
0,0.622977
0,0.63987
0,0.65695
0,0.673563
0,0.689945
0,0.708036
0,0.723325
0,0.741239
0,0.756465
0,0.7728
0,0.790478
0,0.807498
0,0.823147
0,0.839744
0,0.856229
0,0.874271
0,0.891736
0,0.907872
0,0.922849
0,0.941022
0,0.956201
0,0.973804
0,0.989645
0,1.00674
0,1.02294
0,1.04098
0,1.05743
0,1.07455
0,1.09029
0,1.10673
0,1.12287
0,1.13994
0,1.15673
0,1.17393
0,1.19104
0,1.20622
0,1.22368
0,1.24045
0,1.25698
0,1.27272
0,1.28951
0,1.30781
0,1.3244
0,1.34033
0,1.35763
0,1.37316
0,1.3906
0,1.40732
0,1.42282
0,1.44182
0,1.45678
0,1.47393
0,1.48946
12.1541,1.50639
12.1541,1.52317
12.1541,1.54043
12.1541,1.55663
12.1541,1.57291
12.1541,1.59037
12.1541,1.60706
12.1541,1.62474
12.1541,1.64004
12.1541,1.65757
12.1541,1.67287
12.1541,1.68985
12.1541,1.70607
12.1541,1.72275
12.1541,1.74073
12.1541,1.75774
12.1541,1.77324
12.1541,1.79023
12.1541,1.80648
12.1541,1.8244
12.1541,1.84061
12.1541,1.85651
12.1541,1.87401
12.1541,1.89094
12.1541,1.90644
12.1541,1.92543
12.1541,1.94062
12.1541,1.95774
12.1541,1.9748
12.1541,1.98948
12.1541,2.0063
12.1541,2.02433
12.1541,2.04125
12.1541,2.05664
12.1541,2.07376
12.1541,2.08951
12.1541,2.10744
12.1541,2.12343
12.1541,2.13952
12.1541,2.15712
12.1541,2.17372
12.1541,2.19174
12.1541,2.20886
12.1541,2.22456
12.1541,2.23971
12.1541,2.25658
12.1541,2.27286
12.1541,2.28975
12.1541,2.30721
12.1541,2.32436
12.1541,2.33974
12.1541,2.3568
12.1541,2.37439
12.1541,2.39117
12.1541,2.40666
12.1541,2.42398
12.1541,2.43971
12.1541,2.45717
12.1541,2.47381
12.1541,2.48964
12.1541,2.50848
12.1541,2.5232
12.1541,2.54017
12.1541,2.55701
12.1541,2.57306
12.1541,2.5919
12.1541,2.60714
12.1541,2.623
12.1541,2.63949
12.1541,2.65714
12.1541,2.67381
12.1541,2.69175
12.1541,2.70662
12.1541,2.72411
12.1541,2.74122
12.1541,2.75767
12.1541,2.77289
12.1541,2.78989
12.1541,2.80687
12.1541,2.82384
12.1541,2.84053
12.1541,2.85653
12.1541,2.87317
12.1541,2.89067
12.1541,2.90662
14.0786,2.92278
14.0786,2.9408
14.0786,2.95715
14.0786,2.97285
14.0786,2.99054
14.0786,3.00776
14.0786,3.02299
14.0786,3.03966
14.0786,3.05623
14.0786,3.07337
14.0786,3.09078
14.0786,3.108
14.0786,3.12314
14.0786,3.1404
14.0786,3.15635
14.0786,3.174
14.0786,3.18971
14.0786,3.20781
14.0786,3.22349
14.0786,3.23986
14.0786,3.25739
14.0786,3.27402
14.0786,3.28946
14.0786,3.30735
14.0786,3.32389
14.0786,3.33963
14.0786,3.35851
14.0786,3.37333
14.0786,3.39053
14.0786,3.40702
14.0786,3.42511
14.0786,3.43981
14.0786,3.45712
14.0786,3.4732
14.0786,3.4901
14.0786,3.50757
14.0786,3.52428
14.0786,3.53972
14.0786,3.55685
14.0786,3.57452
14.0786,3.58992
14.0786,3.60693
14.0786,3.62294
14.0786,3.64001
14.0786,3.65794
14.0786,3.67521
14.0786,3.68997
14.0786,3.70708
14.0786,3.72336
14.0786,3.73944
14.0786,3.75729
14.0786,3.77381
14.0786,3.79126
14.0786,3.80785
14.0786,3.82315
14.0786,3.84209
14.0786,3.85734
14.0786,3.87471
14.0786,3.88945
14.0786,3.90651
14.0786,3.92327
14.0786,3.94039
14.0786,3.95739
14.0786,3.97419
14.0786,3.98969
14.0786,4.00686
14.0786,4.0242
14.0786,4.0399
14.0786,4.0565
14.0786,4.07414
14.0786,4.09077
14.0786,4.10624
14.0786,4.12454
14.0786,4.14024
14.0786,4.15744
14.0786,4.17382
14.0786,4.18951
14.0786,4.20786
14.0786,4.22293
14.0786,4.24005
14.0786,4.2562
14.0786,4.27392
14.0786,4.29043
14.0786,4.30733
14.0786,4.32306
14.1325,4.34007
14.1325,4.35777
14.1325,4.37436
14.1325,4.3898
14.1325,4.40663
14.1325,4.42404
14.1325,4.44005
14.1325,4.45795
14.1325,4.47318
14.1325,4.48971
14.1325,4.50693
14.1325,4.52381
14.1325,4.53952
14.1325,4.55696
14.1325,4.57467
14.1325,4.58965
14.1325,4.60681
14.1325,4.62434
14.1325,4.64023
14.1325,4.65695
14.1325,4.67502
14.1325,4.69062
14.1325,4.70808
14.1325,4.7271
14.1325,4.74074
14.1325,4.75637
14.1325,4.77309
14.1325,4.79049
14.1325,4.80734
14.1325,4.82311
14.1325,4.83955
14.1325,4.85613
14.1325,4.87324
14.1325,4.89019
14.1325,4.90753
14.1325,4.92307
14.1325,4.93975
14.1325,4.95773
14.1325,4.97433
14.1325,4.98969
14.1325,5.00858
14.1325,5.02381
14.1325,5.04208
14.1325,5.05745
14.1325,5.07507
14.1325,5.08954
14.1325,5.1062
14.1325,5.12359
14.1325,5.14077
14.1325,5.15795
14.1325,5.17303
14.1325,5.19031
14.1325,5.20624
14.1325,5.22433
14.1325,5.24029
14.1325,5.25657
14.1325,5.27428
14.1325,5.29072
14.1325,5.30652
14.1325,5.32333
14.1325,5.34081
14.1325,5.35838
14.1325,5.37283
14.1325,5.3895
14.1325,5.40635
14.1325,5.42409
14.1325,5.44112
14.1325,5.45637
14.1325,5.47307
14.1325,5.49204
14.1325,5.50731
14.1325,5.5232
14.1325,5.54094
14.1325,5.55652
14.1325,5.57322
14.1325,5.5908
14.1325,5.60783
14.1325,5.6231
14.1325,5.64066
14.1325,5.65715
14.1325,5.67281
14.1325,5.69111
14.1325,5.70624
14.1325,5.72323
14.1325,5.7398
14.1509,5.75764
14.1509,5.77437
14.1509,5.78965
14.1509,5.80646
14.1509,5.82338
14.1509,5.84113
14.1509,5.85778
14.1509,5.87322
14.1509,5.89171
14.1509,5.90708
14.1509,5.92311
14.1509,5.9412
14.1509,5.95617
14.1509,5.97318
14.1509,5.99055
14.1509,6.0075
14.1509,6.0229
14.1509,6.04071
14.1509,6.05634
14.1509,6.07282
14.1509,6.09004
14.1509,6.10681
14.1509,6.12289
14.1509,6.14079
14.1509,6.15648
14.1509,6.1745
14.1509,6.19
14.1509,6.20683
14.1509,6.2244
14.1509,6.24094
14.1509,6.25652
14.1509,6.2738
14.1509,6.29008
14.1509,6.3061
14.1509,6.32437
14.1509,6.33946
14.1509,6.35661
14.1509,6.37283
14.1509,6.39097
14.1509,6.40758
14.1509,6.42295
14.1509,6.43986
14.1509,6.4573
14.1509,6.47313
14.1509,6.48973
14.1509,6.50724
14.1509,6.52381
14.1509,6.5412
14.1509,6.55664
14.1509,6.57296
14.1509,6.58987
14.1509,6.60647
14.1509,6.6237
14.1509,6.64077
14.1509,6.6564
14.1509,6.67398
14.1509,6.69177
14.1509,6.70612
14.1509,6.72368
14.1509,6.74082
14.1509,6.75643
14.1509,6.773
14.1509,6.79093
14.1509,6.80699
14.1509,6.82467
14.1509,6.84131
14.1509,6.85701
14.1509,6.87345
14.1509,6.89109
14.1509,6.90619
14.1509,6.92292
14.1509,6.93983
14.1509,6.95662
14.1509,6.97404
14.1509,6.99106
14.1509,7.00625
14.1509,7.02385
14.1509,7.03997
14.1509,7.05787
14.1509,7.07365
14.1509,7.08967
14.1509,7.10739
14.1509,7.12401
14.1509,7.13972
14.1959,7.15803
14.1959,7.17378
14.1959,7.19118
14.1959,7.20739
14.1959,7.22289
14.1959,7.24103
14.1959,7.25805
14.1959,7.27301
14.1959,7.2896
14.1959,7.30775
14.1959,7.3243
14.1959,7.33963
14.1959,7.35622
14.1959,7.37356
14.1959,7.39105
14.1959,7.40774
14.1959,7.42334
14.1959,7.43981
14.1959,7.45737
14.1959,7.47341
14.1959,7.49144
14.1959,7.50642
14.1959,7.52295
14.1959,7.54036
14.1959,7.55727
14.1959,7.57309
14.1959,7.59065
14.1959,7.60842
14.1959,7.62281
14.1959,7.6407
14.1959,7.65803
14.1959,7.67385
14.1959,7.69042
14.1959,7.70853
14.1959,7.72397
14.1959,7.74179
14.1959,7.75846
14.1959,7.77376
14.1959,7.7904
14.1959,7.80787
14.1959,7.82328
14.1959,7.83997
14.1959,7.8562
14.1959,7.87313
14.1959,7.89101
14.1959,7.90801
14.1959,7.9231
14.1959,7.94037
14.1959,7.95657
14.1959,7.97509
14.1959,7.99086
14.1959,8.00694
14.1959,8.02467
14.1959,8.04121
14.1959,8.05688
14.1959,8.0736
14.1959,8.0911
14.1959,8.10654
14.1959,8.12328
14.1959,8.13956
14.1959,8.1567
14.1959,8.17352
14.1959,8.19069
14.1959,8.20705
14.1959,8.22458
14.1959,8.24126
14.1959,8.25693
14.1959,8.27297
14.1959,8.29101
14.1959,8.30684
14.1959,8.32331
14.1959,8.34089
14.1959,8.35696
14.1959,8.3745
14.1959,8.39
14.1959,8.40646
14.1959,8.42317
14.1959,8.43989
14.1959,8.45684
14.1959,8.47396
14.1959,8.48958
14.1959,8.50675
14.1959,8.52471
14.1959,8.54174
14.1959,8.55667
14.1877,8.57397
14.1877,8.58962
14.1877,8.60845
14.1877,8.62413
14.1877,8.64025
14.1877,8.6578
14.1877,8.67465
14.1877,8.69009
14.1877,8.70848
14.1877,8.72405
14.1877,8.74117
14.1877,8.75756
14.1877,8.77293
14.1877,8.79127
14.1877,8.80654
14.1877,8.82348
14.1877,8.83993
14.1877,8.85768
14.1877,8.87435
14.1877,8.88972
14.1877,8.90642
14.1877,8.92357
14.1877,8.94135
14.1877,8.95792
14.1877,8.97373
14.1877,8.99074
14.1877,9.00649
14.1877,9.02406
14.1877,9.0405
14.1877,9.05623
14.1877,9.07464
14.1877,9.08962
14.1877,9.10685
14.1877,9.12323
14.1877,9.14101
14.1877,9.15764
14.1877,9.17319
14.1877,9.19016
14.1877,9.20677
14.1877,9.22445
14.1877,9.24083
14.1877,9.25655
14.1877,9.27479
14.1877,9.29041
14.1877,9.30685
14.1877,9.32517
14.1877,9.33992
14.1877,9.35659
14.1877,9.37375
14.1877,9.39067
14.1877,9.40636
14.1877,9.42366
14.1877,9.43955
14.1877,9.45633
14.1877,9.47358
14.1877,9.49124
14.1877,9.50682
14.1877,9.52338
14.1877,9.54142
14.1877,9.55719
14.1877,9.57487
14.1877,9.59148
14.1877,9.60691
14.1877,9.62276
14.1877,9.64142
14.1877,9.65643
14.1877,9.67316
14.1877,9.68964
14.1877,9.7065
14.1877,9.72427
14.1877,9.74117
14.1877,9.75633
14.1877,9.7732
14.1877,9.79211
14.1877,9.80741
14.1877,9.82314
14.1877,9.84108
14.1877,9.85658
14.1877,9.8733
14.1877,9.89095
14.1877,9.90725
14.1877,9.92294
14.1877,9.94032
14.1877,9.95657
14.1877,9.97292
14.1746,9.99113
14.1746,10.0064
14.1746,10.0237
14.1746,10.0402
14.1746,10.0585
14.1746,10.0752
14.1746,10.0905
14.1746,10.1065
14.1746,10.1248
14.1746,10.1405
14.1746,10.1571
14.1746,10.1748
14.1746,10.1909
14.1746,10.2063
14.1746,10.224
14.1746,10.2405
14.1746,10.2562
14.1746,10.2747
14.1746,10.2895
14.1746,10.3068
14.1746,10.3233
14.1746,10.3414
14.1746,10.3581
14.1746,10.3732
14.1746,10.3902
14.1746,10.4075
14.1746,10.423
14.1746,10.4395
14.1746,10.4572
14.1746,10.474
14.1746,10.4896
14.1746,10.5068
14.1746,10.5234
14.1746,10.5399
14.1746,10.557
14.1746,10.574
14.1746,10.5914
14.1746,10.6066
14.1746,10.6232
14.1746,10.6404
14.1746,10.6569
14.1746,10.6743
14.1746,10.6912
14.1746,10.7068
14.1746,10.7233
14.1746,10.7413
14.1746,10.757
14.1746,10.7748
14.1746,10.7917
14.1746,10.8072
14.1746,10.8239
14.1746,10.8412
14.1746,10.8562
14.1746,10.873
14.1746,10.8897
14.1746,10.9064
14.1746,10.9244
14.1746,10.9413
14.1746,10.9562
14.1746,10.9737
14.1746,10.9897
14.1746,11.0075
14.1746,11.0235
14.1746,11.0406
14.1746,11.0562
14.1746,11.0748
14.1746,11.0902
14.1746,11.1067
14.1746,11.1241
14.1746,11.1418
14.1746,11.1563
14.1746,11.1728
14.1746,11.1897
14.1746,11.2076
14.1746,11.2231
14.1746,11.2405
14.1746,11.2575
14.1746,11.2731
14.1746,11.2896
14.1746,11.308
14.1746,11.3241
14.1746,11.3397
14.1746,11.3567
14.1746,11.3741
14.1421,11.3898
14.1421,11.4063
14.1421,11.4236
14.1421,11.4405
14.1421,11.4563
14.1421,11.4736
14.1421,11.4915
14.1421,11.5067
14.1421,11.524
14.1421,11.541
14.1421,11.5566
14.1421,11.5732
14.1421,11.5911
14.1421,11.6068
14.1421,11.6244
14.1421,11.6412
14.1421,11.6566
14.1421,11.6755
14.1421,11.6908
14.1421,11.7082
14.1421,11.7248
14.1421,11.7398
14.1421,11.7563
14.1421,11.774
14.1421,11.791
14.1421,11.8076
14.1421,11.8232
14.1421,11.8399
14.1421,11.8572
14.1421,11.8733
14.1421,11.8917
14.1421,11.9073
14.1421,11.9241
14.1421,11.9397
14.1421,11.9577
14.1421,11.9734
14.1421,11.9906
14.1421,12.0069
14.1421,12.0234
14.1421,12.04
14.1421,12.0572
14.1421,12.0744
14.1421,12.0895
14.1421,12.1068
14.1421,12.1236
14.1421,12.1404
14.1421,12.158
14.1421,12.1732
14.1421,12.191
14.1421,12.2074
14.1421,12.2229
14.1421,12.2398
14.1421,12.2574
14.1421,12.2735
14.1421,12.2915
14.1421,12.3068
14.1421,12.3237
14.1421,12.3413
14.1421,12.3581
14.1421,12.3729
14.1421,12.3901
14.1421,12.4069
14.1421,12.4236
14.1421,12.441
14.1421,12.4577
14.1421,12.4734
14.1421,12.4901
14.1421,12.508
14.1421,12.5242
14.1421,12.5397
14.1421,12.5587
14.1421,12.5738
14.1421,12.5905
14.1421,12.6081
14.1421,12.6232
14.1421,12.6402
14.1421,12.6562
14.1421,12.6731
14.1421,12.6904
14.1421,12.7073
14.1421,12.7236
14.1421,12.7395
14.1421,12.7586
14.1421,12.7737
14.1421,12.7898
14.1855,12.807
14.1855,12.8246
14.1855,12.8414
14.1855,12.8568
14.1855,12.8729
14.1855,12.8906
14.1855,12.9066
14.1855,12.9243
14.1855,12.9401
14.1855,12.9576
14.1855,12.9733
14.1855,12.99
14.1855,13.0063
14.1855,13.0236
14.1855,13.0404
14.1855,13.0575
14.1855,13.0734
14.1855,13.091
14.1855,13.108
14.1855,13.1232
14.1855,13.1399
14.1855,13.1569
14.1855,13.1747
14.1855,13.1914
14.1855,13.2069
14.1855,13.2232
14.1855,13.2408
14.1855,13.2574
14.1855,13.2753
14.1855,13.29
14.1855,13.3071
14.1855,13.3242
14.1855,13.3415
14.1855,13.3563
14.1855,13.3731
14.1855,13.3902
14.1855,13.4068
14.1855,13.4241
14.1855,13.4396
14.1855,13.4573
14.1855,13.4738
14.1855,13.4914
14.1855,13.507
14.1855,13.5247
14.1855,13.5415
14.1855,13.5568
14.1855,13.573
14.1855,13.5905
14.1855,13.6079
14.1855,13.6239
14.1855,13.6397
14.1855,13.6563
14.1855,13.6735
14.1855,13.6908
14.1855,13.707
14.1855,13.723
14.1855,13.7421
14.1855,13.7574
14.1855,13.7739
14.1855,13.7906
14.1855,13.8086
14.1855,13.8229
14.1855,13.8402
14.1855,13.8573
14.1855,13.8751
14.1855,13.8903
14.1855,13.9066
14.1855,13.9232
14.1855,13.9399
14.1855,13.9571
14.1855,13.9739
14.1855,13.9899
14.1855,14.0067
14.1855,14.0239
14.1855,14.0407
14.1855,14.0565
14.1855,14.0741
14.1855,14.0908
14.1855,14.1062
14.1855,14.1243
14.1855,14.1415
14.1855,14.1571
14.1855,14.1737
14.1855,14.1911
14.2665,14.2068
14.2665,14.2246
14.2665,14.2411
14.2665,14.2564
14.2665,14.2752
14.2665,14.2907
14.2665,14.3064
14.2665,14.3231
14.2665,14.3396
14.2665,14.3567
14.2665,14.3738
14.2665,14.3909
14.2665,14.4067
14.2665,14.4247
14.2665,14.4418
14.2665,14.4571
14.2665,14.473
14.2665,14.4898
14.2665,14.5072
14.2665,14.5238
14.2665,14.5411
14.2665,14.5567
14.2665,14.5743
14.2665,14.5911
14.2665,14.6079
14.2665,14.6238
14.2665,14.6415
14.2665,14.6569
14.2665,14.6729
14.2665,14.6901
14.2665,14.7066
14.2665,14.724
14.2665,14.7407
14.2665,14.7562
14.2665,14.7734
14.2665,14.791
14.2665,14.808
14.2665,14.8237
14.2665,14.8397
14.2665,14.8566
14.2665,14.8738
14.2665,14.8896
14.2665,14.9066
14.2665,14.9242
14.2665,14.9409
14.2665,14.9582
14.2665,14.9748
14.2665,14.9902
14.2665,15.0063
14.2665,15.0237
14.2665,15.0413
14.2665,15.0568
14.2665,15.0741
14.2665,15.09
14.2665,15.1067
14.2665,15.1233
14.2665,15.1407
14.2665,15.1573
14.2665,15.173
14.2665,15.19
14.2665,15.2078
14.2665,15.2253
14.2665,15.2395
14.2665,15.2568
14.2665,15.273
14.2665,15.2908
14.2665,15.3063
14.2665,15.3241
14.2665,15.3397
14.2665,15.3566
14.2665,15.3734
14.2665,15.3918
14.2665,15.4073
14.2665,15.4234
14.2665,15.4409
14.2665,15.4587
14.2665,15.4742
14.2665,15.4918
14.2665,15.5074
14.2665,15.5235
14.2665,15.5399
14.2665,15.5573
14.2665,15.5738
14.2665,15.5895
14.3696,15.6062
14.3696,15.624
14.3696,15.6412
14.3696,15.6568
14.3696,15.673
14.3696,15.6921
14.3696,15.7074
14.3696,15.723
14.3696,15.7399
14.3696,15.7576
14.3696,15.7743
14.3696,15.7913
14.3696,15.8071
14.3696,15.8247
14.3696,15.8414
14.3696,15.8585
14.3696,15.8744
14.3696,15.89
14.3696,15.9074
14.3696,15.9232
14.3696,15.9402
14.3696,15.9565
14.3696,15.974
14.3696,15.9905
14.3696,16.0063
14.3696,16.0234
14.3696,16.0404
14.3696,16.0572
14.3696,16.0735
14.3696,16.0907
14.3696,16.1075
14.3696,16.1237
14.3696,16.1403
14.3696,16.1573
14.3696,16.173
14.3696,16.1895
14.3696,16.2068
14.3696,16.223
14.3696,16.2406
14.3696,16.2574
14.3696,16.2746
14.3696,16.2904
14.3696,16.3082
14.3696,16.3234
14.3696,16.342
14.3696,16.3566
14.3696,16.373
14.3696,16.3905
14.3696,16.407
14.3696,16.4228
14.3696,16.4404
14.3696,16.4574
14.3696,16.4743
14.3696,16.4896
14.3696,16.5071
14.3696,16.5237
14.3696,16.54
14.3696,16.5566
14.3696,16.574
14.3696,16.5906
14.3696,16.6065
14.3696,16.6234
14.3696,16.6396
14.3696,16.6573
14.3696,16.6737
14.3696,16.6905
14.3696,16.7067
14.3696,16.7243
14.3696,16.7396
14.3696,16.7578
14.3696,16.7738
14.3696,16.7911
14.3696,16.8063
14.3696,16.8245
14.3696,16.8397
14.3696,16.8587
14.3696,16.8735
14.3696,16.8904
14.3696,16.9065
14.3696,16.9233
14.3696,16.9402
14.3696,16.9563
14.3696,16.9731
14.4162,16.9903
14.4162,17.0064
14.4162,17.0243
14.4162,17.0398
14.4162,17.0566
14.4162,17.0742
14.4162,17.0909
14.4162,17.108
14.4162,17.1238
14.4162,17.1396
14.4162,17.1581
14.4162,17.173
14.4162,17.1911
14.4162,17.2066
14.4162,17.2244
14.4162,17.2404
14.4162,17.2562
14.4162,17.2748
14.4162,17.2898
14.4162,17.307
14.4162,17.3232
14.4162,17.3403
14.4162,17.3572
14.4162,17.3734
14.4162,17.39
14.4162,17.4067
14.4162,17.423
14.4162,17.441
14.4162,17.4565
14.4162,17.4732
14.4162,17.4908
14.4162,17.5074
14.4162,17.5244
14.4162,17.5398
14.4162,17.5575
14.4162,17.5743
14.4162,17.591
14.4162,17.6075
14.4162,17.6229
14.4162,17.6405
14.4162,17.6567
14.4162,17.673
14.4162,17.6898
14.4162,17.7071
14.4162,17.7238
14.4162,17.7397
14.4162,17.7587
14.4162,17.7734
14.4162,17.7901
14.4162,17.8065
14.4162,17.8238
14.4162,17.8408
14.4162,17.857
14.4162,17.8732
14.4162,17.8898
14.4162,17.9087
14.4162,17.9241
14.4162,17.9398
14.4162,17.9565
14.4162,17.9744
14.4162,17.991
14.4162,18.0084
14.4162,18.0237
14.4162,18.0413
14.4162,18.0582
14.4162,18.073
14.4162,18.0907
14.4162,18.1085
14.4162,18.1237
14.4162,18.1401
14.4162,18.1566
14.4162,18.1752
14.4162,18.1903
14.4162,18.2069
14.4162,18.2231
14.4162,18.2422
14.4162,18.2573
14.4162,18.2739
14.4162,18.29
14.4162,18.3069
14.4162,18.3237
14.4162,18.3404
14.4162,18.3571
14.4523,18.3741
14.4523,18.3896
14.4523,18.4064
14.4523,18.4235
14.4523,18.4411
14.4523,18.4566
14.4523,18.4733
14.4523,18.4898
14.4523,18.5075
14.4523,18.523
14.4523,18.5418
14.4523,18.5567
14.4523,18.574
14.4523,18.5897
14.4523,18.6074
14.4523,18.6231
14.4523,18.6397
14.4523,18.6579
14.4523,18.6729
14.4523,18.6898
14.4523,18.707
14.4523,18.7231
14.4523,18.7401
14.4523,18.7564
14.4523,18.773
14.4523,18.7904
14.4523,18.8064
14.4523,18.8244
14.4523,18.84
14.4523,18.8573
14.4523,18.8749
14.4523,18.8916
14.4523,18.9066
14.4523,18.9249
14.4523,18.9402
14.4523,18.9566
14.4523,18.9737
14.4523,18.9911
14.4523,19.0066
14.4523,19.0241
14.4523,19.0397
14.4523,19.0565
14.4523,19.0733
14.4523,19.0906
14.4523,19.1071
14.4523,19.1231
14.4523,19.14
14.4523,19.1572
14.4523,19.1742
14.4523,19.1898
14.4523,19.2077
14.4523,19.2245
14.4523,19.2397
14.4523,19.2575
14.4523,19.2747
14.4523,19.2905
14.4523,19.3075
14.4523,19.3247
14.4523,19.3404
14.4523,19.3562
14.4523,19.3748
14.4523,19.3897
14.4523,19.4074
14.4523,19.4253
14.4523,19.4407
14.4523,19.4563
14.4523,19.4734
14.4523,19.4896
14.4523,19.5068
14.4523,19.5233
14.4523,19.5398
14.4523,19.5582
14.4523,19.573
14.4523,19.5897
14.4523,19.6066
14.4523,19.6229
14.4523,19.64
14.4523,19.6568
14.4523,19.6729
14.4523,19.69
14.4523,19.7067
14.4523,19.7242
14.4523,19.7397
14.4425,19.7567
14.4425,19.7747
14.4425,19.7912
14.4425,19.8085
14.4425,19.8239
14.4425,19.8397
14.4425,19.8568
14.4425,19.8736
14.4425,19.8918
14.4425,19.9071
14.4425,19.9246
14.4425,19.9404
14.4425,19.9566
14.4425,19.9735
14.4425,19.9908
14.4425,20.0075
14.4425,20.023
14.4425,20.0404
14.4425,20.0575
14.4425,20.0742
14.4425,20.0895
14.4425,20.1072
14.4425,20.1239
14.4425,20.1404
14.4425,20.157
14.4425,20.174
14.4425,20.1905
14.4425,20.2082
14.4425,20.2231
14.4425,20.2409
14.4425,20.2565
14.4425,20.2734
14.4425,20.2903
14.4425,20.3071
14.4425,20.3249
14.4425,20.3404
14.4425,20.3564
14.4425,20.373
14.4425,20.3898
14.4425,20.4074
14.4425,20.4241
14.4425,20.4396
14.4425,20.4568
14.4425,20.4739
14.4425,20.4906
14.4425,20.5072
14.4425,20.5236
14.4425,20.5404
14.4425,20.5568
14.4425,20.5734
14.4425,20.5905
14.4425,20.6066
14.4425,20.6245
14.4425,20.6397
14.4425,20.6577
14.4425,20.6734
14.4425,20.6903
14.4425,20.707
14.4425,20.723
14.4425,20.7406
14.4425,20.7566
14.4425,20.7741
14.4425,20.7916
14.4425,20.8072
14.4425,20.8249
14.4425,20.8407
14.4425,20.8563
14.4425,20.8744
14.4425,20.8915
14.4425,20.9085
14.4425,20.9236
14.4425,20.9397
14.4425,20.9565
14.4425,20.9732
14.4425,20.9897
14.4425,21.0064
14.4425,21.0233
14.4425,21.0406
14.4425,21.0563
14.4425,21.0731
14.4425,21.0909
14.4425,21.1074
14.4425,21.1244
14.4362,21.1401
14.4362,21.1576
14.4362,21.1744
14.4362,21.191
14.4362,21.2071
14.4362,21.2248
14.4362,21.24
14.4362,21.2585
14.4362,21.2729
14.4362,21.2915
14.4362,21.3074
14.4362,21.3239
14.4362,21.3396
14.4362,21.3562
14.4362,21.3739
14.4362,21.3909
14.4362,21.4064
14.4362,21.4244
14.4362,21.4413
14.4362,21.4568
14.4362,21.4746
14.4362,21.4919
14.4362,21.5074
14.4362,21.524
14.4362,21.541
14.4362,21.5582
14.4362,21.5737
14.4362,21.5903
14.4362,21.6069
14.4362,21.6245
14.4362,21.6403
14.4362,21.6569
14.4362,21.6738
14.4362,21.692
14.4362,21.7075
14.4362,21.7252
14.4362,21.7407
14.4362,21.7568
14.4362,21.7735
14.4362,21.7905
14.4362,21.8074
14.4362,21.8231
14.4362,21.8402
14.4362,21.8572
14.4362,21.8741
14.4362,21.8896
14.4362,21.9079
14.4362,21.9248
14.4362,21.9401
14.4362,21.9578
14.4362,21.9735
14.4362,21.9911
14.4362,22.0078
14.4362,22.0249
14.4362,22.0401
14.4362,22.058
14.4362,22.0744
14.4362,22.0914
14.4362,22.1072
14.4362,22.1248
14.4362,22.1402
14.4362,22.1585
14.4362,22.1731
14.4362,22.1898
14.4362,22.2072
14.4362,22.2238
14.4362,22.2399
14.4362,22.2567
14.4362,22.2738
14.4362,22.2905
14.4362,22.3072
14.4362,22.324
14.4362,22.3409
14.4362,22.3577
14.4362,22.3739
14.4362,22.391
14.4362,22.4065
14.4362,22.4233
14.4362,22.4404
14.4362,22.4579
14.4362,22.4737
14.4362,22.4905
14.4362,22.5074
14.4348,22.5233
14.4348,22.5408
14.4348,22.5569
14.4348,22.5743
14.4348,22.5919
14.4348,22.6072
14.4348,22.6246
14.4348,22.6406
14.4348,22.6567
14.4348,22.6734
14.4348,22.6905
14.4348,22.7069
14.4348,22.7232
14.4348,22.7401
14.4348,22.7574
14.4348,22.7741
14.4348,22.7898
14.4348,22.8074
14.4348,22.824
14.4348,22.8405
14.4348,22.8571
14.4348,22.8744
14.4348,22.8901
14.4348,22.9068
14.4348,22.924
14.4348,22.9399
14.4348,22.9576
14.4348,22.9743
14.4348,22.9911
14.4348,23.007
14.4348,23.0245
14.4348,23.0401
14.4348,23.0587
14.4348,23.0733
14.4348,23.0919
14.4348,23.107
14.4348,23.1235
14.4348,23.1397
14.4348,23.1567
14.4348,23.1741
14.4348,23.1909
14.4348,23.2067
14.4348,23.2244
14.4348,23.2412
14.4348,23.2566
14.4348,23.2742
14.4348,23.2912
14.4348,23.307
14.4348,23.3237
14.4348,23.3409
14.4348,23.3563
14.4348,23.374
14.4348,23.3904
14.4348,23.4072
14.4348,23.4233
14.4348,23.441
14.4348,23.4574
14.4348,23.4747
14.4348,23.4896
14.4348,23.5081
14.4348,23.5232
14.4348,23.5397
14.4348,23.5564
14.4348,23.5747
14.4348,23.59
14.4348,23.607
14.4348,23.6232
14.4348,23.6405
14.4348,23.6571
14.4348,23.6735
14.4348,23.6899
14.4348,23.7063
14.4348,23.7253
14.4348,23.7404
14.4348,23.7565
14.4348,23.773
14.4348,23.7907
14.4348,23.8073
14.4348,23.8245
14.4348,23.8399
14.4348,23.8576
14.4348,23.8745
14.4348,23.8917
14.4511,23.9074
14.4511,23.9232
14.4511,23.9407
14.4511,23.9564
14.4511,23.9734
14.4511,23.99
14.4511,24.0076
14.4511,24.0242
14.4511,24.0396
14.4511,24.0565
14.4511,24.0745
14.4511,24.0913
14.4511,24.1069
14.4511,24.1247
14.4511,24.142
14.4511,24.157
14.4511,24.1731
14.4511,24.1902
14.4511,24.2077
14.4511,24.2243
14.4511,24.2414
14.4511,24.2566
14.4511,24.2744
14.4511,24.291
14.4511,24.3084
14.4511,24.3237
14.4511,24.3415
14.4511,24.3565
14.4511,24.3747
14.4511,24.3903
14.4511,24.4079
14.4511,24.4232
14.4511,24.4398
14.4511,24.4564
14.4511,24.4747
14.4511,24.4916
14.4511,24.5086
14.4511,24.523
14.4511,24.5405
14.4511,24.5587
14.4511,24.5735
14.4511,24.5906
14.4511,24.6063
14.4511,24.6252
14.4511,24.6404
14.4511,24.6579
14.4511,24.6731
14.4511,24.6911
14.4511,24.7077
14.4511,24.7249
14.4511,24.7406
14.4511,24.7585
14.4511,24.7754
14.4511,24.79
14.4511,24.8076
14.4511,24.8231
14.4511,24.8405
14.4511,24.8567
14.4511,24.8736
14.4511,24.8897
14.4511,24.9069
14.4511,24.9236
14.4511,24.9398
14.4511,24.9568
14.4511,24.974
14.4511,24.9906
14.4511,25.0067
14.4511,25.0238
14.4511,25.0407
14.4511,25.0571
14.4511,25.0734
14.4511,25.0904
14.4511,25.1066
14.4511,25.1244
14.4511,25.1399
14.4511,25.1568
14.4511,25.1746
14.4511,25.1913
14.4511,25.2087
14.4511,25.2253
14.4511,25.2407
14.4511,25.2566
14.4511,25.274
14.4519,25.2913
14.4519,25.3073
14.4519,25.3245
14.4519,25.3403
14.4519,25.3567
14.4519,25.3734
14.4519,25.3905
14.4519,25.4073
14.4519,25.4232
14.4519,25.4421
14.4519,25.457
14.4519,25.474
14.4519,25.4899
14.4519,25.5066
14.4519,25.5234
14.4519,25.5403
14.4519,25.5576
14.4519,25.5752
14.4519,25.5921
14.4519,25.6072
14.4519,25.6244
14.4519,25.6419
14.4519,25.6574
14.4519,25.6737
14.4519,25.6906
14.4519,25.708
14.4519,25.7235
14.4519,25.7404
14.4519,25.7571
14.4519,25.7741
14.4519,25.7898
14.4519,25.8072
14.4519,25.8254
14.4519,25.8407
14.4519,25.8581
14.4519,25.8735
14.4519,25.8903
14.4519,25.9064
14.4519,25.9255
14.4519,25.9404
14.4519,25.9571
14.4519,25.9734
14.4519,25.99
14.4519,26.0067
14.4519,26.023
14.4519,26.0406
14.4519,26.0566
14.4519,26.0738
14.4519,26.091
14.4519,26.1064
14.4519,26.1235
14.4519,26.1413
14.4519,26.158
14.4519,26.1753
14.4519,26.1908
14.4519,26.2066
14.4519,26.2236
14.4519,26.2402
14.4519,26.258
14.4519,26.2734
14.4519,26.2907
14.4519,26.3067
14.4519,26.3233
14.4519,26.3399
14.4519,26.3572
14.4519,26.3736
14.4519,26.3898
14.4519,26.4083
14.4519,26.4233
14.4519,26.44
14.4519,26.4565
14.4519,26.4733
14.4519,26.4899
14.4519,26.5063
14.4519,26.5239
14.4519,26.5398
14.4519,26.5567
14.4519,26.5739
14.4519,26.5913
14.4519,26.6085
14.4519,26.6241
14.4519,26.6408
14.4519,26.6577
14.4968,26.673
14.4968,26.6908
14.4968,26.7073
14.4968,26.7241
14.4968,26.7398
14.4968,26.7575
14.4968,26.7734
14.4968,26.7905
14.4968,26.8086
14.4968,26.8239
14.4968,26.8415
14.4968,26.8571
14.4968,26.8731
14.4968,26.8899
14.4968,26.9071
14.4968,26.9237
14.4968,26.9398
14.4968,26.9583
14.4968,26.9735
14.4968,26.9901
14.4968,27.0064
14.4968,27.0232
14.4968,27.0401
14.4968,27.0566
14.4968,27.073
14.4968,27.0902
14.4968,27.1066
14.4968,27.1248
14.4968,27.1401
14.4968,27.1571
14.4968,27.1754
14.4968,27.1919
14.4968,27.2067
14.4968,27.2241
14.4968,27.2419
14.4968,27.2589
14.4968,27.2733
14.4968,27.291
14.4968,27.3069
14.4968,27.324
14.4968,27.3396
14.4968,27.3566
14.4968,27.3732
14.4968,27.3908
14.4968,27.4071
14.4968,27.4231
14.4968,27.442
14.4968,27.4569
14.4968,27.4737
14.4968,27.4902
14.4968,27.5074
14.4968,27.5253
14.4968,27.5399
14.4968,27.5572
14.4968,27.5734
14.4968,27.5896
14.4968,27.6077
14.4968,27.625
14.4968,27.64
14.4968,27.6577
14.4968,27.6743
14.4968,27.6908
14.4968,27.7063
14.4968,27.7244
14.4968,27.7408
14.4968,27.7572
14.4968,27.7733
14.4968,27.7909
14.4968,27.8064
14.4968,27.8243
14.4968,27.8421
14.4968,27.8576
14.4968,27.875
14.4968,27.8902
14.4968,27.9068
14.4968,27.923
14.4968,27.9407
14.4968,27.957
14.4968,27.973
14.4968,27.9914
14.4968,28.0065
14.4968,28.025
14.4968,28.0397
14.5351,28.0566
14.5351,28.0746
14.5351,28.0914
14.5351,28.1063
14.5351,28.1244
14.5351,28.1414
14.5351,28.1566
14.5351,28.1739
14.5351,28.1906
14.5351,28.2072
14.5351,28.2232
14.5351,28.2405
14.5351,28.2575
14.5351,28.2731
14.5351,28.2915
14.5351,28.308
14.5351,28.3234
14.5351,28.3412
14.5351,28.3579
14.5351,28.3742
14.5351,28.3897
14.5351,28.4073
14.5351,28.4233
14.5351,28.4403
14.5351,28.4579
14.5351,28.4734
14.5351,28.4908
14.5351,28.5086
14.5351,28.5235
14.5351,28.5412
14.5351,28.5564
14.5351,28.5737
14.5351,28.59
14.5351,28.6069
14.5351,28.6242
14.5351,28.6408
14.5351,28.6564
14.5351,28.6756
14.5351,28.6905
14.5351,28.7071
14.5351,28.7233
14.5351,28.741
14.5351,28.7566
14.5351,28.7753
14.5351,28.7899
14.5351,28.8077
14.5351,28.8246
14.5351,28.84
14.5351,28.8571
14.5351,28.8744
14.5351,28.8902
14.5351,28.9067
14.5351,28.9234
14.5351,28.9412
14.5351,28.9568
14.5351,28.9735
14.5351,28.992
14.5351,29.0071
14.5351,29.0247
14.5351,29.0413
14.5351,29.0572
14.5351,29.0749
14.5351,29.0906
14.5351,29.1068
14.5351,29.1237
14.5351,29.1415
14.5351,29.157
14.5351,29.1745
14.5351,29.1897
14.5351,29.2067
14.5351,29.2235
14.5351,29.2409
14.5351,29.2574
14.5351,29.2732
14.5351,29.2914
14.5351,29.3066
14.5351,29.3253
14.5351,29.3399
14.5351,29.3567
14.5351,29.3745
14.5351,29.3909
14.5351,29.4064
14.6187,29.4235
14.6187,29.4403
14.6187,29.4569
14.6187,29.4735
14.6187,29.491
14.6187,29.5079
14.6187,29.524
14.6187,29.5398
14.6187,29.557
14.6187,29.5733
14.6187,29.5914
14.6187,29.6082
14.6187,29.6232
14.6187,29.6412
14.6187,29.6576
14.6187,29.6741
14.6187,29.6914
14.6187,29.7071
14.6187,29.7238
14.6187,29.7397
14.6187,29.7575
14.6187,29.7753
14.6187,29.792
14.6187,29.8078
14.6187,29.8234
14.6187,29.8411
14.6187,29.8566
14.6187,29.8743
14.6187,29.8923
14.6187,29.9077
14.6187,29.9253
14.6187,29.9402
14.6187,29.9567
14.6187,29.9734
14.6187,29.9908
14.6187,30.0073
14.6187,30.023
14.6187,30.042
14.6187,30.0569
14.6187,30.0734
14.6187,30.0898
14.6187,30.107
14.6187,30.1248
14.6187,30.1414
14.6187,30.1569
14.6187,30.1734
14.6187,30.1902
14.6187,30.2087
14.6187,30.2232
14.6187,30.2411
14.6187,30.258
14.6187,30.2731
14.6187,30.2899
14.6187,30.307
14.6187,30.3231
14.6187,30.341
14.6187,30.3579
14.6187,30.3748
14.6187,30.3904
14.6187,30.4071
14.6187,30.4234
14.6187,30.4414
14.6187,30.457
14.6187,30.4734
14.6187,30.4917
14.6187,30.5067
14.6187,30.5243
14.6187,30.5408
14.6187,30.557
14.6187,30.5743
14.6187,30.59
14.6187,30.6087
14.6187,30.6249
14.6187,30.6405
14.6187,30.6579
14.6187,30.6735
14.6187,30.6912
14.6187,30.7088
14.6187,30.7242
14.6187,30.7415
14.6187,30.7565
14.6912,30.7732
14.6912,30.7915
14.6912,30.8069
14.6912,30.8231
14.6912,30.8402
14.6912,30.857
14.6912,30.8745
14.6912,30.8908
14.6912,30.9063
14.6912,30.9247
14.6912,30.9396
14.6912,30.9586
14.6912,30.973
14.6912,30.9905
14.6912,31.0083
14.6912,31.0247
14.6912,31.0403
14.6912,31.0577
14.6912,31.0746
14.6912,31.0898
14.6912,31.1064
14.6912,31.1233
14.6912,31.1422
14.6912,31.1573
14.6912,31.1739
14.6912,31.191
14.6912,31.2066
14.6912,31.2235
14.6912,31.2404
14.6912,31.2571
14.6912,31.2748
14.6912,31.2912
14.6912,31.3077
14.6912,31.3231
14.6912,31.3408
14.6912,31.3576
14.6912,31.3737
14.6912,31.3916
14.6912,31.4071
14.6912,31.4233
14.6912,31.4402
14.6912,31.4575
14.6912,31.4731
14.6912,31.4905
14.6912,31.5082
14.6912,31.5234
14.6912,31.5409
14.6912,31.5582
14.6912,31.5732
14.6912,31.5897
14.6912,31.608
14.6912,31.6235
14.6912,31.64
14.6912,31.6569
14.6912,31.6735
14.6912,31.6908
14.6912,31.7071
14.6912,31.7231
14.6912,31.7413
14.6912,31.7565
14.6912,31.775
14.6912,31.7898
14.6912,31.8069
14.6912,31.8245
14.6912,31.8413
14.6912,31.8567
14.6912,31.8737
14.6912,31.8904
14.6912,31.9063
14.6912,31.9234
14.6912,31.9412
14.6912,31.9582
14.6912,31.9734
14.6912,31.9899
14.6912,32.0066
14.6912,32.0234
14.6912,32.0409
14.6912,32.0577
14.6912,32.0746
14.6912,32.0903
14.6912,32.1067
14.6912,32.1238
14.7115,32.14
14.7115,32.1576
14.7115,32.1741
14.7115,32.1904
14.7115,32.208
14.7115,32.2238
14.7115,32.2403
14.7115,32.2564
14.7115,32.2739
14.7115,32.2916
14.7115,32.3086
14.7115,32.3244
14.7115,32.3402
14.7115,32.358
14.7115,32.3732
14.7115,32.3909
14.7115,32.4081
14.7115,32.4236
14.7115,32.441
14.7115,32.4565
14.7115,32.4731
14.7115,32.4898
14.7115,32.5072
14.7115,32.5235
14.7115,32.5398
14.7115,32.5583
14.7115,32.5735
14.7115,32.59
14.7115,32.6065
14.7115,32.6242
14.7115,32.6398
14.7115,32.6583
14.7115,32.6733
14.7115,32.6906
14.7115,32.7073
14.7115,32.7234
14.7115,32.7403
14.7115,32.7586
14.7115,32.7756
14.7115,32.7908
14.7115,32.8075
14.7115,32.8246
14.7115,32.8402
14.7115,32.8567
14.7115,32.8739
14.7115,32.8905
14.7115,32.9082
14.7115,32.9248
14.7115,32.9412
14.7115,32.9567
14.7115,32.9747
14.7115,32.9911
14.7115,33.0073
14.7115,33.025
14.7115,33.0407
14.7115,33.0568
14.7115,33.0735
14.7115,33.091
14.7115,33.1064
14.7115,33.1238
14.7115,33.1416
14.7115,33.1589
14.7115,33.1746
14.7115,33.192
14.7115,33.2072
14.7115,33.2233
14.7115,33.24
14.7115,33.2576
14.7115,33.2739
14.7115,33.2899
14.7115,33.309
14.7115,33.324
14.7115,33.3404
14.7115,33.3564
14.7115,33.3736
14.7115,33.3916
14.7115,33.408
14.7115,33.4235
14.7115,33.4405
14.7115,33.4573
14.7115,33.4735
14.7115,33.4904
14.6654,33.5082
14.6654,33.5248
14.6654,33.5402
14.6654,33.5575
14.6654,33.5748
14.6654,33.5904
14.6654,33.6068
14.6654,33.6231
14.6654,33.6404
14.6654,33.6584
14.6654,33.6749
14.6654,33.6912
14.6654,33.7066
14.6654,33.7244
14.6654,33.7408
14.6654,33.7569
14.6654,33.7746
14.6654,33.7901
14.6654,33.8066
14.6654,33.825
14.6654,33.8406
14.6654,33.8581
14.6654,33.8734
14.6654,33.8912
14.6654,33.9088
14.6654,33.9244
14.6654,33.942
14.6654,33.9569
14.6654,33.9735
14.6654,33.9901
14.6654,34.0076
14.6654,34.0238
14.6654,34.0398
14.6654,34.059
14.6654,34.074
14.6654,34.0907
14.6654,34.1066
14.6654,34.1236
14.6654,34.1414
14.6654,34.1579
14.6654,34.1734
14.6654,34.1905
14.6654,34.2074
14.6654,34.2235
14.6654,34.2406
14.6654,34.2583
14.6654,34.2754
14.6654,34.2906
14.6654,34.3075
14.6654,34.3246
14.6654,34.3401
14.6654,34.3568
14.6654,34.3734
14.6654,34.3907
14.6654,34.4083
14.6654,34.4248
14.6654,34.441
14.6654,34.4566
14.6654,34.4745
14.6654,34.491
14.6654,34.5073
14.6654,34.5246
14.6654,34.5402
14.6654,34.5566
14.6654,34.5735
14.6654,34.5907
14.6654,34.6082
14.6654,34.6235
14.6654,34.6416
14.6654,34.6589
14.6654,34.6745
14.6654,34.692
14.6654,34.7069
14.6654,34.7233
14.6654,34.7398
14.6654,34.7573
14.6654,34.7734
14.6654,34.7902
14.6654,34.8068
14.6654,34.824
14.6654,34.8407
14.6654,34.8565
14.683,34.8741
14.683,34.8912
14.683,34.9076
14.683,34.923
14.683,34.9421
14.683,34.957
14.683,34.9739
14.683,34.99
14.683,35.0077
14.683,35.0232
14.683,35.042
14.683,35.0566
14.683,35.0744
14.683,35.0913
14.683,35.1075
14.683,35.1231
14.683,35.142
14.683,35.159
14.683,35.1741
14.683,35.1909
14.683,35.208
14.683,35.2236
14.683,35.24
14.683,35.2564
14.683,35.274
14.683,35.2916
14.683,35.3087
14.683,35.3249
14.683,35.3404
14.683,35.3581
14.683,35.3748
14.683,35.3907
14.683,35.4081
14.683,35.4237
14.683,35.4398
14.683,35.4565
14.683,35.4744
14.683,35.49
14.683,35.5074
14.683,35.5253
14.683,35.54
14.683,35.5565
14.683,35.5739
14.683,35.5902
14.683,35.6069
14.683,35.6236
14.683,35.6412
14.683,35.6574
14.683,35.6732
14.683,35.6916
14.683,35.7066
14.683,35.7234
14.683,35.7399
14.683,35.7571
14.683,35.7753
14.683,35.792
14.683,35.8064
14.683,35.8241
14.683,35.8409
14.683,35.8569
14.683,35.8741
14.683,35.8901
14.683,35.9068
14.683,35.9241
14.683,35.9407
14.683,35.9578
14.683,35.9738
14.683,35.9901
14.683,36.0066
14.683,36.0238
14.683,36.0414
14.683,36.0581
14.683,36.0747
14.683,36.0905
14.683,36.1081
14.683,36.1248
14.683,36.1407
14.683,36.1581
14.683,36.1737
14.683,36.1903
14.683,36.2065
14.6771,36.2245
14.6771,36.2399
14.6771,36.2574
14.6771,36.275
14.6771,36.2904
14.6771,36.3082
14.6771,36.3236
14.6771,36.34
14.6771,36.357
14.6771,36.3738
14.6771,36.391
14.6771,36.4075
14.6771,36.4232
14.6771,36.4417
14.6771,36.457
14.6771,36.4737
14.6771,36.4898
14.6771,36.5071
14.6771,36.5249
14.6771,36.5415
14.6771,36.557
14.6771,36.5733
14.6771,36.5901
14.6771,36.6088
14.6771,36.6235
14.6771,36.6414
14.6771,36.6584
14.6771,36.6737
14.6771,36.6904
14.6771,36.7077
14.6771,36.7234
14.6771,36.7401
14.6771,36.7566
14.6771,36.7742
14.6771,36.7899
14.6771,36.8087
14.6771,36.8251
14.6771,36.8401
14.6771,36.8577
14.6771,36.8746
14.6771,36.8908
14.6771,36.9065
14.6771,36.9243
14.6771,36.9403
14.6771,36.9572
14.6771,36.9748
14.6771,36.9905
14.6771,37.0081
14.6771,37.0235
14.6771,37.0408
14.6771,37.0584
14.6771,37.0738
14.6771,37.0903
14.6771,37.1064
14.6771,37.1244
14.6771,37.1415
14.6771,37.1582
14.6771,37.173
14.6771,37.1902
14.6771,37.2074
14.6771,37.2238
14.6771,37.2399
14.6771,37.2566
14.6771,37.2734
14.6771,37.2898
14.6771,37.3071
14.6771,37.325
14.6771,37.342
14.6771,37.3571
14.6771,37.3738
14.6771,37.3909
14.6771,37.4065
14.6771,37.4233
14.6771,37.4401
14.6771,37.4569
14.6771,37.4749
14.6771,37.4913
14.6771,37.5077
14.6771,37.524
14.6771,37.5417
14.6771,37.5583
14.6771,37.5744
14.6501,37.592
14.6501,37.6076
14.6501,37.6233
14.6501,37.6403
14.6501,37.6575
14.6501,37.6731
14.6501,37.6905
14.6501,37.7081
14.6501,37.7256
14.6501,37.7412
14.6501,37.7566
14.6501,37.7738
14.6501,37.79
14.6501,37.8069
14.6501,37.8243
14.6501,37.8407
14.6501,37.8565
14.6501,37.8747
14.6501,37.8917
14.6501,37.9083
14.6501,37.9233
14.6501,37.9406
14.6501,37.9576
14.6501,37.9743
14.6501,37.9897
14.6501,38.0079
14.6501,38.0233
14.6501,38.0423
14.6501,38.0567
14.6501,38.075
14.6501,38.092
14.6501,38.107
14.6501,38.1234
14.6501,38.1402
14.6501,38.1571
14.6501,38.1744
14.6501,38.191
14.6501,38.2083
14.6501,38.2239
14.6501,38.2406
14.6501,38.2571
14.6501,38.275
14.6501,38.2908
14.6501,38.3072
14.6501,38.3231
14.6501,38.3411
14.6501,38.3566
14.6501,38.3754
14.6501,38.3913
14.6501,38.4069
14.6501,38.4249
14.6501,38.4401
14.6501,38.4578
14.6501,38.4747
14.6501,38.4903
14.6501,38.5078
14.6501,38.5254
14.6501,38.5425
14.6501,38.558
14.6501,38.5734
14.6501,38.5906
14.6501,38.6067
14.6501,38.6234
14.6501,38.6409
14.6501,38.6571
14.6501,38.6736
14.6501,38.6903
14.6501,38.7076
14.6501,38.7241
14.6501,38.7399
14.6501,38.7586
14.6501,38.7735
14.6501,38.7901
14.6501,38.8066
14.6501,38.8231
14.6501,38.8407
14.6501,38.8572
14.6501,38.8734
14.6501,38.8899
14.6501,38.9065
14.6501,38.9253
14.6501,38.94
14.7124,38.9575
14.7124,38.9744
14.7124,38.9902
14.7124,39.0072
14.7124,39.0248
14.7124,39.0414
14.7124,39.0565
14.7124,39.0733
14.7124,39.0901
14.7124,39.109
14.7124,39.1243
14.7124,39.1408
14.7124,39.1578
14.7124,39.1732
14.7124,39.192
14.7124,39.2065
14.7124,39.2254
14.7124,39.2408
14.7124,39.2574
14.7124,39.2736
14.7124,39.291
14.7124,39.3069
14.7124,39.3232
14.7124,39.3416
14.7124,39.3571
14.7124,39.3747
14.7124,39.3912
14.7124,39.4075
14.7124,39.4232
14.7124,39.4407
14.7124,39.4569
14.7124,39.4738
14.7124,39.4907
14.7124,39.5084
14.7124,39.5234
14.7124,39.541
14.7124,39.5586
14.7124,39.574
14.7124,39.5915
14.7124,39.6066
14.7124,39.6233
14.7124,39.6421
14.7124,39.6571
14.7124,39.6734
14.7124,39.6903
14.7124,39.7069
14.7124,39.724
14.7124,39.7402
14.7124,39.7565
14.7124,39.7748
14.7124,39.7898
14.7124,39.8085
14.7124,39.8232
14.7124,39.8422
14.7124,39.8571
14.7124,39.8735
14.7124,39.8898
14.7124,39.9067
14.7124,39.9243
14.7124,39.9407
14.7124,39.9567
14.7124,39.9743
14.7124,39.9917
14.7124,40.0082
14.7124,40.0234
14.7124,40.0407
14.7124,40.0575
14.7124,40.0733
14.7124,40.0903
14.7124,40.1084
14.7124,40.1253
14.7124,40.1404
14.7124,40.1567
14.7124,40.1735
14.7124,40.1923
14.7124,40.2075
14.7124,40.2241
14.7124,40.2412
14.7124,40.2567
14.7124,40.2732
14.7124,40.2901
14.7618,40.308
14.7618,40.3235
14.7618,40.3399
14.7618,40.358
14.7618,40.375
14.7618,40.3905
14.7618,40.4068
14.7618,40.4253
14.7618,40.4403
14.7618,40.4581
14.7618,40.4745
14.7618,40.4905
14.7618,40.5078
14.7618,40.5233
14.7618,40.5422
14.7618,40.5578
14.7618,40.5737
14.7618,40.5914
14.7618,40.6073
14.7618,40.624
14.7618,40.6414
14.7618,40.657
14.7618,40.6743
14.7618,40.6916
14.7618,40.7092
14.7618,40.7245
14.7618,40.742
14.7618,40.7569
14.7618,40.7732
14.7618,40.7898
14.7618,40.8072
14.7618,40.8233
14.7618,40.8402
14.7618,40.8569
14.7618,40.8742
14.7618,40.8904
14.7618,40.9068
14.7618,40.9235
14.7618,40.9406
14.7618,40.9569
14.7618,40.9735
14.7618,40.9902
14.7618,41.0072
14.7618,41.0235
14.7618,41.0403
14.7618,41.0568
14.7618,41.074
14.7618,41.0903
14.7618,41.107
14.7618,41.1237
14.7618,41.1409
14.7618,41.1569
14.7618,41.1736
14.7618,41.19
14.7618,41.2071
14.7618,41.2237
14.7618,41.2404
14.7618,41.2569
14.7618,41.2742
14.7618,41.2905
14.7618,41.3065
14.7618,41.3247
14.7618,41.342
14.7618,41.3583
14.7618,41.3734
14.7618,41.3922
14.7618,41.4072
14.7618,41.4236
14.7618,41.4399
14.7618,41.4567
14.7618,41.4743
14.7618,41.4906
14.7618,41.5065
14.7618,41.5234
14.7618,41.5411
14.7618,41.5573
14.7618,41.5732
14.7618,41.5904
14.7618,41.6081
14.7618,41.6245
14.7618,41.6397
14.8782,41.6565
14.8782,41.6754
14.8782,41.6915
14.8782,41.7067
14.8782,41.7234
14.8782,41.7417
14.8782,41.758
14.8782,41.7732
14.8782,41.79
14.8782,41.8066
14.8782,41.8249
14.8782,41.84
14.8782,41.8567
14.8782,41.8732
14.8782,41.8918
14.8782,41.9073
14.8782,41.9241
14.8782,41.9404
14.8782,41.957
14.8782,41.9736
14.8782,41.9914
14.8782,42.0079
14.8782,42.0235
14.8782,42.04
14.8782,42.0576
14.8782,42.0741
14.8782,42.0898
14.8782,42.1068
14.8782,42.1244
14.8782,42.1408
14.8782,42.1568
14.8782,42.1736
14.8782,42.1915
14.8782,42.2086
14.8782,42.2236
14.8782,42.2407
14.8782,42.2588
14.8782,42.2754
14.8782,42.2907
14.8782,42.3072
14.8782,42.324
14.8782,42.3398
14.8782,42.3578
14.8782,42.3738
14.8782,42.3909
14.8782,42.4067
14.8782,42.4245
14.8782,42.4404
14.8782,42.457
14.8782,42.4732
14.8782,42.4908
14.8782,42.507
14.8782,42.524
14.8782,42.5399
14.8782,42.558
14.8782,42.5741
14.8782,42.5908
14.8782,42.6068
14.8782,42.6246
14.8782,42.6406
14.8782,42.6574
14.8782,42.6733
14.8782,42.6913
14.8782,42.7074
14.8782,42.7246
14.8782,42.7401
14.8782,42.7587
14.8782,42.7745
14.8782,42.7913
14.8782,42.8067
14.8782,42.8254
14.8782,42.8413
14.8782,42.8583
14.8782,42.8736
14.8782,42.8899
14.8782,42.9079
14.8782,42.9247
14.8782,42.9399
14.8782,42.9588
14.8782,42.9747
14.9597,42.9914
14.9597,43.0068
14.9597,43.025
14.9597,43.041
14.9597,43.0581
14.9597,43.0736
14.9597,43.0902
14.9597,43.1068
14.9597,43.1249
14.9597,43.1403
14.9597,43.1588
14.9597,43.175
14.9597,43.1914
14.9597,43.2071
14.9597,43.2234
14.9597,43.2418
14.9597,43.2566
14.9597,43.2742
14.9597,43.2908
14.9597,43.3068
14.9597,43.3238
14.9597,43.3414
14.9597,43.3576
14.9597,43.3736
14.9597,43.391
14.9597,43.4088
14.9597,43.4232
14.9597,43.441
14.9597,43.4584
14.9597,43.4737
14.9597,43.4899
14.9597,43.508
14.9597,43.5232
14.9597,43.5408
14.9597,43.5574
14.9597,43.5755
14.9597,43.591
14.9597,43.6087
14.9597,43.625
14.9597,43.6406
14.9597,43.6577
14.9597,43.6732
14.9597,43.6916
14.9597,43.7072
14.9597,43.7249
14.9597,43.7405
14.9597,43.757
14.9597,43.7744
14.9597,43.79
14.9597,43.8077
14.9597,43.8236
14.9597,43.8402
14.9597,43.8576
14.9597,43.8754
14.9597,43.8903
14.9597,43.9073
14.9597,43.9246
14.9597,43.94
14.9597,43.9573
14.9597,43.9747
14.9597,43.9922
14.9597,44.0075
14.9597,44.0244
14.9597,44.0415
14.9597,44.0579
14.9597,44.0735
14.9597,44.091
14.9597,44.1081
14.9597,44.1254
14.9597,44.1406
14.9597,44.1577
14.9597,44.1747
14.9597,44.1915
14.9597,44.2071
14.9597,44.2244
14.9597,44.242
14.9597,44.2589
14.9597,44.2741
14.9597,44.2914
14.9597,44.3087
14.9216,44.3256
14.9216,44.3408
14.9216,44.3583
14.9216,44.3736
14.9216,44.3904
14.9216,44.4077
14.9216,44.425
14.9216,44.4423
14.9216,44.457
14.9216,44.4744
14.9216,44.492
14.9216,44.5067
14.9216,44.5257
14.9216,44.5412
14.9216,44.5584
14.9216,44.5732
14.9216,44.5924
14.9216,44.6077
14.9216,44.6249
14.9216,44.6422
14.9216,44.6589
14.9216,44.674
14.9216,44.6911
14.9216,44.7083
14.9216,44.7231
14.9216,44.7405
14.9216,44.7579
14.9216,44.7751
14.9216,44.7905
14.9216,44.8078
14.9216,44.8232
14.9216,44.8403
14.9216,44.8567
14.9216,44.8751
14.9216,44.8901
14.9216,44.9067
14.9216,44.9234
14.9216,44.9417
14.9216,44.957
14.9216,44.9739
14.9216,44.9901
14.9216,45.0087
14.9216,45.0236
14.9216,45.0409
14.9216,45.0568
14.9216,45.0754
14.9216,45.0904
14.9216,45.1072
14.9216,45.1233
14.9216,45.1416
14.9216,45.1569
14.9216,45.1732
14.9216,45.1902
14.9216,45.2068
14.9216,45.2238
14.9216,45.2409
14.9216,45.2571
14.9216,45.2732
14.9216,45.2904
14.9216,45.3065
14.9216,45.3233
14.9216,45.3401
14.9216,45.3573
14.9216,45.3734
14.9216,45.3901
14.9216,45.4065
14.9216,45.424
14.9216,45.44
14.9216,45.4568
14.9216,45.4732
14.9216,45.4903
14.9216,45.5071
14.9216,45.5241
14.9216,45.5414
14.9216,45.5566
14.9216,45.5734
14.9216,45.5899
14.9216,45.6083
14.9216,45.6233
14.9216,45.6403
14.994,45.6572
14.994,45.6746
14.994,45.6922
14.994,45.7068
14.994,45.7233
14.994,45.7418
14.994,45.7567
14.994,45.7735
14.994,45.7908
14.994,45.8082
14.994,45.8237
14.994,45.84
14.994,45.8567
14.994,45.8735
14.994,45.8908
14.994,45.9068
14.994,45.9233
14.994,45.9418
14.994,45.9571
14.994,45.9732
14.994,45.9902
14.994,46.0084
14.994,46.0233
14.994,46.0404
14.994,46.0576
14.994,46.075
14.994,46.0901
14.994,46.1069
14.994,46.1234
14.994,46.14
14.994,46.1571
14.994,46.1733
14.994,46.1902
14.994,46.2067
14.994,46.2242
14.994,46.2405
14.994,46.2571
14.994,46.2734
14.994,46.2908
14.994,46.3071
14.994,46.3235
14.994,46.34
14.994,46.3572
14.994,46.3733
14.994,46.3904
14.994,46.4068
14.994,46.424
14.994,46.4399
14.994,46.457
14.994,46.4735
14.994,46.4906
14.994,46.5066
14.994,46.5232
14.994,46.5416
14.994,46.5589
14.994,46.5735
14.994,46.5905
14.994,46.6079
14.994,46.6255
14.994,46.6399
14.994,46.6571
14.994,46.6748
14.994,46.6901
14.994,46.707
14.994,46.7232
14.994,46.7413
14.994,46.7584
14.994,46.7756
14.994,46.7902
14.994,46.8077
14.994,46.8255
14.994,46.8402
14.994,46.8575
14.994,46.875
14.994,46.8901
14.994,46.9067
14.994,46.9237
14.994,46.9409
14.994,46.9584
14.994,46.9733
14.9981,46.9905
14.9981,47.0081
14.9981,47.0254
14.9981,47.04
14.9981,47.059
14.9981,47.0745
14.9981,47.0916
14.9981,47.1089
14.9981,47.1256
14.9981,47.1411
14.9981,47.1588
14.9981,47.1735
14.9981,47.19
14.9981,47.2084
14.9981,47.2233
14.9981,47.2405
14.9981,47.2573
14.9981,47.2735
14.9981,47.2909
14.9981,47.307
14.9981,47.3233
14.9981,47.34
14.9981,47.3573
14.9981,47.3734
14.9981,47.3903
14.9981,47.4066
14.9981,47.4238
14.9981,47.4405
14.9981,47.4569
14.9981,47.4754
14.9981,47.4906
14.9981,47.5067
14.9981,47.5238
14.9981,47.5402
14.9981,47.557
14.9981,47.5744
14.9981,47.5904
14.9981,47.6085
14.9981,47.6239
14.9981,47.6401
14.9981,47.6567
14.9981,47.6734
14.9981,47.6906
14.9981,47.7067
14.9981,47.7233
14.9981,47.7421
14.9981,47.7573
14.9981,47.7733
14.9981,47.7901
14.9981,47.8069
14.9981,47.824
14.9981,47.84
14.9981,47.8565
14.9981,47.8732
14.9981,47.8906
14.9981,47.9067
14.9981,47.9235
14.9981,47.9399
14.9981,47.9571
14.9981,47.9743
14.9981,47.9901
14.9981,48.0067
14.9981,48.0236
14.9981,48.0399
14.9981,48.0568
14.9981,48.0751
14.9981,48.0903
14.9981,48.1071
14.9981,48.1232
14.9981,48.1416
14.9981,48.1568
14.9981,48.1737
14.9981,48.1909
14.9981,48.2085
14.9981,48.2234
14.9981,48.2401
14.9981,48.2577
14.9981,48.2749
14.9981,48.2904
14.9981,48.3076
14.9963,48.3234
14.9963,48.3418
14.9963,48.3567
14.9963,48.3736
14.9963,48.3899
14.9963,48.408
14.9963,48.4252
14.9963,48.4399
14.9963,48.457
14.9963,48.4744
14.9963,48.4918
14.9963,48.5065
14.9963,48.5256
14.9963,48.541
14.9963,48.5582
14.9963,48.5734
14.9963,48.5904
14.9963,48.6078
14.9963,48.625
14.9963,48.6401
14.9963,48.6593
14.9963,48.6745
14.9963,48.6921
14.9963,48.7067
14.9963,48.7236
14.9963,48.741
14.9963,48.7582
14.9963,48.7755
14.9963,48.7924
14.9963,48.8077
14.9963,48.8251
14.9963,48.8404
14.9963,48.8592
14.9963,48.8747
14.9963,48.8918
14.9963,48.9065
14.9963,48.9234
14.9963,48.9407
14.9963,48.9582
14.9963,48.9734
14.9963,48.9924
14.9963,49.0077
14.9963,49.0248
14.9963,49.0422
14.9963,49.0591
14.9963,49.0746
14.9963,49.09
14.9963,49.1068
14.9963,49.1242
14.9963,49.1415
14.9963,49.1567
14.9963,49.1736
14.9963,49.19
14.9963,49.2066
14.9963,49.224
14.9963,49.2402
14.9963,49.2571
14.9963,49.2734
14.9963,49.2908
14.9963,49.3069
14.9963,49.3234
14.9963,49.3402
14.9963,49.3572
14.9963,49.3734
14.9963,49.3903
14.9963,49.4066
14.9963,49.4239
14.9963,49.4399
14.9963,49.4569
14.9963,49.4733
14.9963,49.4907
14.9963,49.5067
14.9963,49.5234
14.9963,49.5402
14.9963,49.5573
14.9963,49.5735
14.9963,49.5904
14.9963,49.6068
14.9963,49.6242
14.9963,49.6405
14.9963,49.657
14.9879,49.6735
14.9879,49.6906
14.9879,49.7068
14.9879,49.7232
14.9879,49.7418
14.9879,49.7567
14.9879,49.7737
14.9879,49.7899
14.9879,49.8068
14.9879,49.8238
14.9879,49.84
14.9879,49.8572
14.9879,49.8733
14.9879,49.8908
14.9879,49.907
14.9879,49.9238
14.9879,49.9403
14.9879,49.9575
14.9879,49.9736
14.9879,49.9902
14.9879,50.0067
14.9879,50.024
14.9879,50.04
14.9879,50.057
14.9879,50.0735
14.9879,50.0908
14.9879,50.1068
14.9879,50.1235
14.9879,50.14
14.9879,50.1573
14.9879,50.1735
14.9879,50.1902
14.9879,50.2065
14.9879,50.2237
14.9879,50.2406
14.9879,50.2575
14.9879,50.2754
14.9879,50.2909
14.9879,50.3072
14.9879,50.3236
14.9879,50.3405
14.9879,50.3577
14.9879,50.3738
14.9879,50.3904
14.9879,50.4069
14.9879,50.4238
14.9879,50.4401
14.9879,50.457
14.9879,50.4736
14.9879,50.4908
14.9879,50.5067
14.9879,50.5235
14.9879,50.5399
14.9879,50.5572
14.9879,50.5734
14.9879,50.5903
14.9879,50.6067
14.9879,50.6239
14.9879,50.64
14.9879,50.657
14.9879,50.6734
14.9879,50.6908
14.9879,50.7068
14.9879,50.7237
14.9879,50.7417
14.9879,50.7568
14.9879,50.7737
14.9879,50.7899
14.9879,50.8067
14.9879,50.8239
14.9879,50.84
14.9879,50.8566
14.9879,50.8733
14.9879,50.8908
14.9879,50.9068
14.9879,50.9235
14.9879,50.94
14.9879,50.9573
14.9879,50.9735
15.0064,50.99
15.0064,51.0066
15.0064,51.0241
15.0064,51.0402
15.0064,51.0569
15.0064,51.0735
15.0064,51.091
15.0064,51.1069
15.0064,51.1237
15.0064,51.1401
15.0064,51.1575
15.0064,51.1736
15.0064,51.1902
15.0064,51.2067
15.0064,51.2241
15.0064,51.2402
15.0064,51.2569
15.0064,51.2737
15.0064,51.2912
15.0064,51.3074
15.0064,51.3236
15.0064,51.3405
15.0064,51.3578
15.0064,51.3738
15.0064,51.3902
15.0064,51.4067
15.0064,51.424
15.0064,51.4401
15.0064,51.4568
15.0064,51.4735
15.0064,51.4908
15.0064,51.5067
15.0064,51.5233
15.0064,51.54
15.0064,51.5573
15.0064,51.5734
15.0064,51.5902
15.0064,51.6082
15.0064,51.6235
15.0064,51.6404
15.0064,51.6573
15.0064,51.675
15.0064,51.6901
15.0064,51.7069
15.0064,51.7259
15.0064,51.7412
15.0064,51.7584
15.0064,51.7756
15.0064,51.7927
15.0064,51.808
15.0064,51.8233
15.0064,51.8401
15.0064,51.857
15.0064,51.8746
15.0064,51.8922
15.0064,51.9066
15.0064,51.926
15.0064,51.9412
15.0064,51.9585
15.0064,51.9738
15.0064,51.9904
15.0064,52.0079
15.0064,52.0255
15.0064,52.04
15.0064,52.0572
15.0064,52.0749
15.0064,52.09
15.0064,52.1065
15.0064,52.1251
15.0064,52.1403
15.0064,52.1576
15.0064,52.1748
15.0064,52.1911
15.0064,52.2068
15.0064,52.2239
15.0064,52.241
15.0064,52.2575
15.0064,52.2749
15.0064,52.2902
15.0064,52.3077
15.0284,52.3244
15.0284,52.34
15.0284,52.3572
15.0284,52.3745
15.0284,52.3911
15.0284,52.4088
15.0284,52.424
15.0284,52.4409
15.0284,52.4579
15.0284,52.4733
15.0284,52.4905
15.0284,52.5075
15.0284,52.5239
15.0284,52.5414
15.0284,52.5568
15.0284,52.5737
15.0284,52.5904
15.0284,52.6078
15.0284,52.6235
15.0284,52.6401
15.0284,52.6571
15.0284,52.6745
15.0284,52.6903
15.0284,52.7067
15.0284,52.7252
15.0284,52.7408
15.0284,52.7566
15.0284,52.7749
15.0284,52.7922
15.0284,52.8074
15.0284,52.8233
15.0284,52.8399
15.0284,52.8583
15.0284,52.8737
15.0284,52.8919
15.0284,52.9073
15.0284,52.9246
15.0284,52.9422
15.0284,52.9588
15.0284,52.9739
15.0284,52.9916
15.0284,53.0069
15.0284,53.0251
15.0284,53.0405
15.0284,53.058
15.0284,53.0732
15.0284,53.0921
15.0284,53.1072
15.0284,53.1246
15.0284,53.1422
15.0284,53.1584
15.0284,53.1737
15.0284,53.191
15.0284,53.2088
15.0284,53.2254
15.0284,53.2409
15.0284,53.258
15.0284,53.2733
15.0284,53.2917
15.0284,53.307
15.0284,53.3245
15.0284,53.3418
15.0284,53.3585
15.0284,53.3738
15.0284,53.3918
15.0284,53.4073
15.0284,53.4236
15.0284,53.4409
15.0284,53.4579
15.0284,53.4755
15.0284,53.4919
15.0284,53.5072
15.0284,53.5243
15.0284,53.5419
15.0284,53.5581
15.0284,53.5735
15.0284,53.5909
15.0284,53.6082
15.0284,53.6245
15.0284,53.64
15.0276,53.6573
15.0276,53.6748
15.0276,53.691
15.0276,53.709
15.0276,53.7233
15.0276,53.7406
15.0276,53.757
15.0276,53.7747
15.0276,53.7922
15.0276,53.8074
15.0276,53.8237
15.0276,53.8415
15.0276,53.8568
15.0276,53.8743
15.0276,53.8907
15.0276,53.9083
15.0276,53.9236
15.0276,53.9411
15.0276,53.9576
15.0276,53.9757
15.0276,53.9904
15.0276,54.008
15.0276,54.0244
15.0276,54.0399
15.0276,54.0574
15.0276,54.0749
15.0276,54.0911
15.0276,54.1069
15.0276,54.1241
15.0276,54.1416
15.0276,54.1583
15.0276,54.1737
15.0276,54.1905
15.0276,54.2083
15.0276,54.2245
15.0276,54.2399
15.0276,54.2572
15.0276,54.2746
15.0276,54.291
15.0276,54.3067
15.0276,54.3241
15.0276,54.3416
15.0276,54.358
15.0276,54.3735
15.0276,54.3906
15.0276,54.4082
15.0276,54.4245
15.0276,54.4403
15.0276,54.4576
15.0276,54.4751
15.0276,54.4914
15.0276,54.5066
15.0276,54.5238
15.0276,54.5414
15.0276,54.5578
15.0276,54.5736
15.0276,54.5909
15.0276,54.6082
15.0276,54.6242
15.0276,54.6419
15.0276,54.6588
15.0276,54.6739
15.0276,54.6901
15.0276,54.7076
15.0276,54.7243
15.0276,54.7419
15.0276,54.7579
15.0276,54.7733
15.0276,54.7907
15.0276,54.8081
15.0276,54.8246
15.0276,54.8405
15.0276,54.8568
15.0276,54.8745
15.0276,54.8904
15.0276,54.9084
15.0276,54.9235
15.0276,54.9408
15.0276,54.9571
15.0276,54.9751
15.0339,54.9919
15.0339,55.0072
15.0339,55.0252
15.0339,55.0406
15.0339,55.0568
15.0339,55.0756
15.0339,55.0905
15.0339,55.107
15.0339,55.1243
15.0339,55.1408
15.0339,55.1572
15.0339,55.1735
15.0339,55.19
15.0339,55.2088
15.0339,55.225
15.0339,55.24
15.0339,55.2573
15.0339,55.2747
15.0339,55.291
15.0339,55.3069
15.0339,55.3233
15.0339,55.3409
15.0339,55.3569
15.0339,55.3734
15.0339,55.3922
15.0339,55.407
15.0339,55.4252
15.0339,55.4404
15.0339,55.4571
15.0339,55.4743
15.0339,55.4904
15.0339,55.5066
15.0339,55.5252
15.0339,55.5403
15.0339,55.5567
15.0339,55.5743
15.0339,55.5916
15.0339,55.6068
15.0339,55.6233
15.0339,55.6422
15.0339,55.6573
15.0339,55.6746
15.0339,55.6912
15.0339,55.7083
15.0339,55.7236
15.0339,55.7409
15.0339,55.7577
15.0339,55.7739
15.0339,55.7914
15.0339,55.8071
15.0339,55.8248
15.0339,55.8415
15.0339,55.8571
15.0339,55.8732
15.0339,55.8908
15.0339,55.908
15.0339,55.9234
15.0339,55.9416
15.0339,55.9566
15.0339,55.9742
15.0339,55.9918
15.0339,56.0082
15.0339,56.0233
15.0339,56.0401
15.0339,56.0578
15.0339,56.0742
15.0339,56.0915
15.0339,56.1081
15.0339,56.1237
15.0339,56.1401
15.0339,56.1575
15.0339,56.1748
15.0339,56.1904
15.0339,56.2068
15.0339,56.2241
15.0339,56.2409
15.0339,56.2585
15.0339,56.2752
15.0339,56.2906
15.1733,56.3079
15.1733,56.3236
15.1733,56.3419
15.1733,56.3571
15.1733,56.3741
15.1733,56.3916
15.1733,56.4081
15.1733,56.4233
15.1733,56.44
15.1733,56.4577
15.1733,56.4738
15.1733,56.4912
15.1733,56.5081
15.1733,56.5234
15.1733,56.5419
15.1733,56.5567
15.1733,56.5751
15.1733,56.5913
15.1733,56.6067
15.1733,56.6234
15.1733,56.6406
15.1733,56.657
15.1733,56.6756
15.1733,56.69
15.1733,56.7073
15.1733,56.7252
15.1733,56.7412
15.1733,56.7566
15.1733,56.7738
15.1733,56.7907
15.1733,56.8066
15.1733,56.8234
15.1733,56.8417
15.1733,56.8566
15.1733,56.8748
15.1733,56.8902
15.1733,56.9069
15.1733,56.9243
15.1733,56.94
15.1733,56.9573
15.1733,56.9747
15.1733,56.9901
15.1733,57.0091
15.1733,57.0248
15.1733,57.0403
15.1733,57.0575
15.1733,57.0744
15.1733,57.0907
15.1733,57.1082
15.1733,57.1234
15.1733,57.1402
15.1733,57.1583
15.1733,57.1738
15.1733,57.1924
15.1733,57.207
15.1733,57.2241
15.1733,57.2417
15.1733,57.2576
15.1733,57.2746
15.1733,57.2914
15.1733,57.307
15.1733,57.3234
15.1733,57.3407
15.1733,57.3578
15.1733,57.3733
15.1733,57.3915
15.1733,57.4067
15.1733,57.4252
15.1733,57.4407
15.1733,57.457
15.1733,57.4738
15.1733,57.4903
15.1733,57.5091
15.1733,57.5242
15.1733,57.5404
15.1733,57.558
15.1733,57.5744
15.1733,57.5901
15.1733,57.6068
15.254,57.6234
15.254,57.6401
15.254,57.6583
15.254,57.6734
15.254,57.6903
15.254,57.7079
15.254,57.7238
15.254,57.7402
15.254,57.7589
15.254,57.7736
15.254,57.7919
15.254,57.807
15.254,57.8239
15.254,57.8407
15.254,57.8567
15.254,57.8733
15.254,57.8918
15.254,57.9069
15.254,57.9257
15.254,57.9412
15.254,57.9589
15.254,57.974
15.254,57.991
15.254,58.0075
15.254,58.025
15.254,58.0402
15.254,58.0569
15.254,58.0749
15.254,58.0902
15.254,58.1088
15.254,58.1237
15.254,58.1411
15.254,58.1566
15.254,58.1752
15.254,58.1901
15.254,58.2069
15.254,58.2243
15.254,58.2407
15.254,58.258
15.254,58.2748
15.254,58.2904
15.254,58.3067
15.254,58.3241
15.254,58.3404
15.254,58.358
15.254,58.3742
15.254,58.391
15.254,58.4074
15.254,58.4236
15.254,58.4406
15.254,58.4566
15.254,58.4744
15.254,58.4908
15.254,58.5069
15.254,58.5233
15.254,58.5406
15.254,58.5583
15.254,58.5744
15.254,58.5899
15.254,58.6092
15.254,58.6238
15.254,58.6419
15.254,58.6572
15.254,58.6738
15.254,58.6909
15.254,58.7067
15.254,58.7238
15.254,58.7414
15.254,58.7587
15.254,58.7757
15.254,58.7924
15.254,58.8077
15.254,58.8249
15.254,58.8415
15.254,58.8572
15.254,58.8748
15.254,58.89
15.254,58.9069
15.285,58.9234
15.285,58.9409
15.285,58.9566
15.285,58.9742
15.285,58.9912
15.285,59.0086
15.285,59.0251
15.285,59.04
15.285,59.0568
15.285,59.0745
15.285,59.0906
15.285,59.1077
15.285,59.1241
15.285,59.1416
15.285,59.158
15.285,59.1751
15.285,59.1916
15.285,59.2071
15.285,59.2253
15.285,59.2401
15.285,59.2568
15.285,59.2755
15.285,59.2907
15.285,59.3068
15.285,59.3248
15.285,59.3411
15.285,59.3569
15.285,59.3734
15.285,59.3902
15.285,59.4078
15.285,59.4238
15.285,59.4401
15.285,59.4586
15.285,59.4733
15.285,59.4916
15.285,59.5069
15.285,59.5234
15.285,59.5406
15.285,59.5568
15.285,59.5761
15.285,59.5913
15.285,59.6089
15.285,59.6257
15.285,59.6417
15.285,59.6573
15.285,59.6749
15.285,59.6917
15.285,59.7082
15.285,59.7235
15.285,59.7408
15.285,59.7575
15.285,59.7752
15.285,59.7907
15.285,59.8091
15.285,59.824
15.285,59.8408
15.285,59.8583
15.285,59.8744
15.285,59.8916
15.285,59.9081
15.285,59.9237
15.285,59.9423
15.285,59.9573
15.285,59.974
15.285,59.9916
15.285,60.0076
15.285,60.0246
15.285,60.0414
15.285,60.0567
15.285,60.075
15.285,60.0902
15.285,60.1067
15.285,60.1257
15.285,60.1405
15.285,60.1569
15.285,60.1741
15.285,60.1904
15.285,60.2088
15.285,60.2234
15.2919,60.2408
15.2919,60.2585
15.2919,60.2745
15.2919,60.2902
15.2919,60.3085
15.2919,60.3237
15.2919,60.3418
15.2919,60.357
15.2919,60.3736
15.2919,60.3906
15.2919,60.4069
15.2919,60.4253
15.2919,60.4408
15.2919,60.458
15.2919,60.4747
15.2919,60.4907
15.2919,60.5085
15.2919,60.5236
15.2919,60.5405
15.2919,60.5583
15.2919,60.5738
15.2919,60.5906
15.2919,60.6073
15.2919,60.6243
15.2919,60.6417
15.2919,60.6578
15.2919,60.6748
15.2919,60.6917
15.2919,60.7074
15.2919,60.7235
15.2919,60.7409
15.2919,60.7566
15.2919,60.774
15.2919,60.7902
15.2919,60.8074
15.2919,60.8237
15.2919,60.8415
15.2919,60.8578
15.2919,60.875
15.2919,60.8918
15.2919,60.9074
15.2919,60.9235
15.2919,60.9404
15.2919,60.9574
15.2919,60.974
15.2919,60.9913
15.2919,61.0077
15.2919,61.0251
15.2919,61.0418
15.2919,61.0567
15.2919,61.0735
15.2919,61.0907
15.2919,61.1073
15.2919,61.1258
15.2919,61.14
15.2919,61.1568
15.2919,61.1744
15.2919,61.1905
15.2919,61.2068
15.2919,61.2237
15.2919,61.2405
15.2919,61.2585
15.2919,61.2738
15.2919,61.2903
15.2919,61.3078
15.2919,61.3236
15.2919,61.3428
15.2919,61.3579
15.2919,61.3751
15.2919,61.3916
15.2919,61.4076
15.2919,61.4249
15.2919,61.44
15.2919,61.4568
15.2919,61.4747
15.2919,61.4903
15.2919,61.5085
15.2919,61.5233
15.3035,61.5402
15.3035,61.5577
15.3035,61.574
15.3035,61.5911
15.3035,61.6078
15.3035,61.6234
15.3035,61.6418
15.3035,61.657
15.3035,61.674
15.3035,61.6915
15.3035,61.7079
15.3035,61.7238
15.3035,61.7417
15.3035,61.7571
15.3035,61.7753
15.3035,61.7902
15.3035,61.8067
15.3035,61.8258
15.3035,61.8408
15.3035,61.8568
15.3035,61.8741
15.3035,61.8905
15.3035,61.909
15.3035,61.9235
15.3035,61.9403
15.3035,61.9579
15.3035,61.9741
15.3035,61.99
15.3035,62.0092
15.3035,62.024
15.3035,62.0401
15.3035,62.0572
15.3035,62.0737
15.3035,62.0905
15.3035,62.1074
15.3035,62.1244
15.3035,62.1418
15.3035,62.1569
15.3035,62.1738
15.3035,62.1919
15.3035,62.2072
15.3035,62.2247
15.3035,62.2418
15.3035,62.2581
15.3035,62.2737
15.3035,62.2912
15.3035,62.308
15.3035,62.3237
15.3035,62.3411
15.3035,62.3566
15.3035,62.374
15.3035,62.3909
15.3035,62.4085
15.3035,62.425
15.3035,62.4423
15.3035,62.4569
15.3035,62.4744
15.3035,62.4907
15.3035,62.5079
15.3035,62.5246
15.3035,62.5401
15.3035,62.5586
15.3035,62.5737
15.3035,62.5906
15.3035,62.6082
15.3035,62.6243
15.3035,62.6414
15.3035,62.658
15.3035,62.6736
15.3035,62.6917
15.3035,62.7069
15.3035,62.7235
15.3035,62.7423
15.3035,62.7572
15.3035,62.7741
15.3035,62.7908
15.3035,62.807
15.3035,62.8253
15.3035,62.84
15.2786,62.8572
15.2786,62.8741
15.2786,62.8901
15.2786,62.9069
15.2786,62.9249
15.2786,62.9417
15.2786,62.9577
15.2786,62.9735
15.2786,62.9905
15.2786,63.0076
15.2786,63.0237
15.2786,63.0425
15.2786,63.0577
15.2786,63.0751
15.2786,63.092
15.2786,63.108
15.2786,63.1235
15.2786,63.1406
15.2786,63.1573
15.2786,63.1738
15.2786,63.1913
15.2786,63.2068
15.2786,63.2236
15.2786,63.2403
15.2786,63.2577
15.2786,63.274
15.2786,63.2908
15.2786,63.3076
15.2786,63.3252
15.2786,63.3415
15.2786,63.3587
15.2786,63.3737
15.2786,63.3912
15.2786,63.4075
15.2786,63.4247
15.2786,63.4412
15.2786,63.4568
15.2786,63.4752
15.2786,63.4904
15.2786,63.5069
15.2786,63.5245
15.2786,63.5405
15.2786,63.5573
15.2786,63.5738
15.2786,63.5924
15.2786,63.6075
15.2786,63.6238
15.2786,63.6417
15.2786,63.6582
15.2786,63.6734
15.2786,63.6901
15.2786,63.707
15.2786,63.7238
15.2786,63.7419
15.2786,63.7567
15.2786,63.776
15.2786,63.7905
15.2786,63.8086
15.2786,63.8235
15.2786,63.8415
15.2786,63.8585
15.2786,63.8746
15.2786,63.8903
15.2786,63.9067
15.2786,63.9238
15.2786,63.9406
15.2786,63.9585
15.2786,63.9737
15.2786,63.9915
15.2786,64.008
15.2786,64.0239
15.2786,64.0413
15.2786,64.0568
15.2786,64.0742
15.2786,64.091
15.2786,64.1086
15.2786,64.125
15.2786,64.1425
15.2892,64.1573
15.2892,64.175
15.2892,64.1913
15.2892,64.2088
15.2892,64.2248
15.2892,64.2405
15.2892,64.2589
15.2892,64.2739
15.2892,64.2906
15.2892,64.3081
15.2892,64.3245
15.2892,64.3417
15.2892,64.3581
15.2892,64.3735
15.2892,64.3919
15.2892,64.4068
15.2892,64.4256
15.2892,64.442
15.2892,64.4569
15.2892,64.4735
15.2892,64.4904
15.2892,64.5068
15.2892,64.525
15.2892,64.5401
15.2892,64.5576
15.2892,64.5742
15.2892,64.5902
15.2892,64.6071
15.2892,64.6236
15.2892,64.6403
15.2892,64.6567
15.2892,64.6752
15.2892,64.6908
15.2892,64.7082
15.2892,64.7246
15.2892,64.7402
15.2892,64.7576
15.2892,64.7736
15.2892,64.7904
15.2892,64.8071
15.2892,64.8248
15.2892,64.8407
15.2892,64.858
15.2892,64.8743
15.2892,64.8917
15.2892,64.9079
15.2892,64.9247
15.2892,64.9413
15.2892,64.9569
15.2892,64.975
15.2892,64.9902
15.2892,65.0069
15.2892,65.0253
15.2892,65.0403
15.2892,65.0568
15.2892,65.0737
15.2892,65.0904
15.2892,65.1085
15.2892,65.1235
15.2892,65.1426
15.2892,65.1572
15.2892,65.1753
15.2892,65.1904
15.2892,65.2073
15.2892,65.2244
15.2892,65.2402
15.2892,65.2593
15.2892,65.2746
15.2892,65.2916
15.2892,65.3082
15.2892,65.3248
15.2892,65.3402
15.2892,65.3571
15.2892,65.3737
15.2892,65.3916
15.2892,65.407
15.2892,65.4253
15.2892,65.4404
15.3928,65.4589
15.3928,65.4743
15.3928,65.4904
15.3928,65.5072
15.3928,65.5235
15.3928,65.5412
15.3928,65.557
15.3928,65.574
15.3928,65.5911
15.3928,65.6068
15.3928,65.625
15.3928,65.6404
15.3928,65.6579
15.3928,65.6744
15.3928,65.6903
15.3928,65.7067
15.3928,65.7244
15.3928,65.742
15.3928,65.7578
15.3928,65.7735
15.3928,65.7925
15.3928,65.8071
15.3928,65.8254
15.3928,65.8404
15.3928,65.857
15.3928,65.8741
15.3928,65.89
15.3928,65.9083
15.3928,65.924
15.3928,65.9409
15.3928,65.9575
15.3928,65.9753
15.3928,65.9913
15.3928,66.0067
15.3928,66.0236
15.3928,66.0402
15.3928,66.0578
15.3928,66.0739
15.3928,66.0911
15.3928,66.1076
15.3928,66.1253
15.3928,66.1411
15.3928,66.1579
15.3928,66.1741
15.3928,66.1904
15.3928,66.2077
15.3928,66.2236
15.3928,66.2416
15.3928,66.2581
15.3928,66.2738
15.3928,66.2903
15.3928,66.3069
15.3928,66.3238
15.3928,66.3418
15.3928,66.3567
15.3928,66.3739
15.3928,66.3905
15.3928,66.4086
15.3928,66.4239
15.3928,66.4402
15.3928,66.4571
15.3928,66.4733
15.3928,66.4907
15.3928,66.508
15.3928,66.5254
15.3928,66.5419
15.3928,66.5574
15.3928,66.5748
15.3928,66.5903
15.3928,66.6072
15.3928,66.6239
