miranda,time
0,0.000185246
0,0.00205188
0,0.0156172
0,0.0320842
0,0.049366
0,0.0668242
0,0.0832955
0,0.0989216
0,0.116858
0,0.131937
0,0.149221
0,0.16695
0,0.18321
0,0.199826
0,0.215772
0,0.232844
0,0.249085
0,0.265465
0,0.282142
0,0.298338
0,0.316125
0,0.331701
0,0.350668
0,0.366111
0,0.381911
0,0.398279
0,0.416943
0,0.431812
0,0.448583
0,0.465273
0,0.48406
0,0.499551
0,0.514991
0,0.532977
0,0.549462
0,0.566315
0,0.584613
0,0.600162
0,0.615198
0,0.63215
0,0.649248
0,0.665525
0,0.683432
0,0.698371
0,0.716237
0,0.733075
0,0.749009
0,0.766755
0,0.782351
0,0.799053
0,0.815434
0,0.833181
0,0.848288
0,0.865046
0,0.882721
0,0.898629
0,0.916711
0,0.932482
0,0.950694
0,0.965747
0,0.982304
0,0.999806
0,1.01648
0,1.03217
0,1.04924
0,1.06779
0,1.0817
0,1.09836
0,1.11568
0,1.13215
0,1.14923
0,1.16523
0,1.18275
0,1.19838
14.5201,1.21644
14.5201,1.23228
14.5201,1.2493
14.5201,1.26552
14.5201,1.28194
14.5201,1.29836
14.5201,1.31595
14.5201,1.33189
14.5201,1.34912
14.5201,1.36628
14.5201,1.38233
14.5201,1.39859
14.5201,1.41696
14.5201,1.43226
14.5201,1.45009
14.5201,1.46535
14.5201,1.48344
14.5201,1.49995
14.5201,1.51557
14.5201,1.53272
14.5201,1.54897
14.5201,1.56532
14.5201,1.58366
14.5201,1.5995
14.5201,1.61513
14.5201,1.63252
14.5201,1.64954
14.5201,1.66591
14.5201,1.68338
14.5201,1.70055
14.5201,1.71566
14.5201,1.732
14.5201,1.7484
14.5201,1.76608
14.5201,1.78278
14.5201,1.8002
14.5201,1.81775
14.5201,1.83328
14.5201,1.84836
14.5201,1.86498
14.5201,1.88221
14.5201,1.89943
14.5201,1.9179
14.5201,1.93276
14.5201,1.94965
14.5201,1.96777
14.5201,1.98182
14.5201,1.99911
14.5201,2.01506
14.5201,2.03356
14.5201,2.04909
14.5201,2.06618
14.5201,2.0828
14.5201,2.09903
14.5201,2.11581
14.5201,2.13308
14.5201,2.14979
14.5201,2.16671
14.5201,2.18191
14.5201,2.19842
14.5201,2.21566
14.5201,2.2327
14.5201,2.2499
14.5201,2.26746
14.5201,2.28198
14.5201,2.29859
14.5201,2.31519
17.8649,2.33308
17.8649,2.3503
17.8649,2.36754
17.8649,2.38179
17.8649,2.39846
17.8649,2.41698
17.8649,2.43185
17.8649,2.4489
17.8649,2.46585
17.8649,2.48251
17.8649,2.50114
17.8649,2.51562
17.8649,2.53205
17.8649,2.54846
17.8649,2.56786
17.8649,2.58323
17.8649,2.59872
17.8649,2.61772
17.8649,2.63197
17.8649,2.64912
17.8649,2.66603
17.8649,2.68257
17.8649,2.69912
17.8649,2.71674
17.8649,2.73176
17.8649,2.75008
17.8649,2.76575
17.8649,2.78296
17.8649,2.7984
17.8649,2.81569
17.8649,2.83241
17.8649,2.84934
17.8649,2.86622
17.8649,2.88291
17.8649,2.89989
17.8649,2.91584
17.8649,2.93179
17.8649,2.94979
17.8649,2.96524
17.8649,2.98204
17.8649,2.99838
17.8649,3.01645
17.8649,3.03266
17.8649,3.04992
17.8649,3.06681
17.8649,3.08361
17.8649,3.10111
17.8649,3.11554
17.8649,3.1336
17.8649,3.14848
17.8649,3.16661
17.8649,3.18192
17.8649,3.19828
17.8649,3.21768
17.8649,3.23287
17.8649,3.24893
17.8649,3.26629
17.8649,3.28316
17.8649,3.29993
17.8649,3.31642
17.8649,3.3335
17.8649,3.34872
17.8649,3.36674
17.8649,3.38351
17.8649,3.39933
17.8649,3.41508
18.4095,3.43358
18.4095,3.44891
18.4095,3.4652
18.4095,3.48191
18.4095,3.50006
18.4095,3.5164
18.4095,3.53181
18.4095,3.55122
18.4095,3.56765
18.4095,3.58237
18.4095,3.60132
18.4095,3.61635
18.4095,3.63302
18.4095,3.6496
18.4095,3.66514
18.4095,3.6824
18.4095,3.70032
18.4095,3.71557
18.4095,3.73183
18.4095,3.74889
18.4095,3.76637
18.4095,3.78241
18.4095,3.79899
18.4095,3.81524
18.4095,3.83315
18.4095,3.84888
18.4095,3.86529
18.4095,3.88349
18.4095,3.89966
18.4095,3.91541
18.4095,3.9332
18.4095,3.95011
18.4095,3.96667
18.4095,3.98246
18.4095,3.99836
18.4095,4.0168
18.4095,4.03262
18.4095,4.04838
18.4095,4.06615
18.4095,4.08311
18.4095,4.09865
18.4095,4.11625
18.4095,4.13358
18.4095,4.14923
18.4095,4.16697
18.4095,4.18357
18.4095,4.20009
18.4095,4.21515
18.4095,4.23319
18.4095,4.24846
18.4095,4.26638
18.4095,4.28214
18.4095,4.30006
18.4095,4.31701
18.4095,4.33362
18.4095,4.34903
18.4095,4.36581
18.4095,4.38265
18.4095,4.3998
18.4095,4.41532
18.4095,4.43328
18.4095,4.44993
18.4095,4.4654
19.0016,4.48391
19.0016,4.4985
19.0016,4.51541
19.0016,4.5325
19.0016,4.54984
19.0016,4.56518
19.0016,4.58236
19.0016,4.59884
19.0016,4.61547
19.0016,4.63457
19.0016,4.64974
19.0016,4.66576
19.0016,4.68236
19.0016,4.70039
19.0016,4.71569
19.0016,4.7319
19.0016,4.74997
19.0016,4.76522
19.0016,4.783
19.0016,4.79931
19.0016,4.8151
19.0016,4.83244
19.0016,4.8493
19.0016,4.86588
19.0016,4.88368
19.0016,4.89997
19.0016,4.91678
19.0016,4.93168
19.0016,4.94956
19.0016,4.96611
19.0016,4.98185
19.0016,5.00033
19.0016,5.01796
19.0016,5.03228
19.0016,5.0485
19.0016,5.06811
19.0016,5.08187
19.0016,5.10009
19.0016,5.11647
19.0016,5.13228
19.0016,5.14877
19.0016,5.1652
19.0016,5.18204
19.0016,5.20117
19.0016,5.2164
19.0016,5.23188
19.0016,5.24964
19.0016,5.26551
19.0016,5.28239
19.0016,5.3003
19.0016,5.31659
19.0016,5.33172
19.0016,5.34859
19.0016,5.36555
19.0016,5.38218
19.0016,5.40119
19.0016,5.4163
19.0016,5.43184
19.0016,5.44974
19.0016,5.46543
19.0016,5.48178
19.6646,5.50109
19.6646,5.51625
19.6646,5.53192
19.6646,5.54883
19.6646,5.56508
19.6646,5.582
19.6646,5.59953
19.6646,5.61531
19.6646,5.63172
19.6646,5.64867
19.6646,5.66671
19.6646,5.68184
19.6646,5.69873
19.6646,5.71697
19.6646,5.7323
19.6646,5.7486
19.6646,5.76777
19.6646,5.78176
19.6646,5.79975
19.6646,5.81577
19.6646,5.83187
19.6646,5.85123
19.6646,5.86526
19.6646,5.88237
19.6646,5.89935
19.6646,5.91548
19.6646,5.9324
19.6646,5.94914
19.6646,5.96535
19.6646,5.98321
19.6646,5.99938
19.6646,6.01647
19.6646,6.0323
19.6646,6.0488
19.6646,6.0658
19.6646,6.08315
19.6646,6.09845
19.6646,6.11561
19.6646,6.13294
19.6646,6.14949
19.6646,6.16569
19.6646,6.18269
19.6646,6.19917
19.6646,6.21521
19.6646,6.23357
19.6646,6.24872
19.6646,6.26514
19.6646,6.28292
19.6646,6.30035
19.6646,6.31508
19.6646,6.33251
19.6646,6.34841
19.6646,6.36527
19.6646,6.38248
19.6646,6.40002
19.6646,6.41519
19.6646,6.43343
19.6646,6.44866
19.6646,6.46501
20.4138,6.48205
20.4138,6.4987
20.4138,6.51554
20.4138,6.53179
20.4138,6.55002
20.4138,6.56705
20.4138,6.58347
20.4138,6.59897
20.4138,6.61579
20.4138,6.63216
20.4138,6.6492
20.4138,6.66678
20.4138,6.68372
20.4138,6.69857
20.4138,6.71518
20.4138,6.73258
20.4138,6.74907
20.4138,6.76678
20.4138,6.78185
20.4138,6.79892
20.4138,6.81683
20.4138,6.83307
20.4138,6.84859
20.4138,6.8653
20.4138,6.88418
20.4138,6.89902
20.4138,6.91783
20.4138,6.93207
20.4138,6.94983
20.4138,6.96672
20.4138,6.98249
20.4138,6.99852
20.4138,7.01718
20.4138,7.03173
20.4138,7.04978
20.4138,7.06682
20.4138,7.08187
20.4138,7.10092
20.4138,7.1163
20.4138,7.13344
20.4138,7.14972
20.4138,7.16582
20.4138,7.18348
20.4138,7.19982
20.4138,7.2168
20.4138,7.23348
20.4138,7.25021
20.4138,7.26532
20.4138,7.28366
20.4138,7.30031
20.4138,7.31571
20.4138,7.33212
20.4138,7.34937
20.4138,7.36641
20.4138,7.3845
20.4138,7.39956
21.186,7.41575
21.186,7.43447
21.186,7.44907
21.186,7.46631
21.186,7.48278
21.186,7.4986
21.186,7.51548
21.186,7.53232
21.186,7.549
21.186,7.56772
21.186,7.58288
21.186,7.59917
21.186,7.61775
21.186,7.63256
21.186,7.64974
21.186,7.6654
21.186,7.68177
21.186,7.70125
21.186,7.71793
21.186,7.73165
21.186,7.74909
21.186,7.76609
21.186,7.78483
21.186,7.80013
21.186,7.81532
21.186,7.83315
21.186,7.84897
21.186,7.8651
21.186,7.88486
21.186,7.89846
21.186,7.91512
21.186,7.93375
21.186,7.9485
21.186,7.96647
21.186,7.98191
21.186,7.99894
21.186,8.01566
21.186,8.03179
21.186,8.04884
21.186,8.06532
21.186,8.08191
21.186,8.09845
21.186,8.11681
21.186,8.13318
21.186,8.1503
21.186,8.16603
21.186,8.18245
21.186,8.19934
21.186,8.21594
21.186,8.23222
21.186,8.2487
21.186,8.26802
21.186,8.28183
21.186,8.29937
21.186,8.31543
21.7947,8.33347
21.7947,8.34877
21.7947,8.3662
21.7947,8.38374
21.7947,8.39945
21.7947,8.41574
21.7947,8.43295
21.7947,8.44918
21.7947,8.46565
21.7947,8.48308
21.7947,8.49859
21.7947,8.51513
21.7947,8.53315
21.7947,8.54846
21.7947,8.56626
21.7947,8.582
21.7947,8.5986
21.7947,8.61627
21.7947,8.63216
21.7947,8.64935
21.7947,8.66608
21.7947,8.68241
21.7947,8.69916
21.7947,8.71542
21.7947,8.73336
21.7947,8.74846
21.7947,8.76508
21.7947,8.78195
21.7947,8.80058
21.7947,8.81512
21.7947,8.83301
21.7947,8.84908
21.7947,8.86661
21.7947,8.88226
21.7947,8.89839
21.7947,8.91576
21.7947,8.93284
21.7947,8.94996
21.7947,8.96512
21.7947,8.98205
21.7947,9.00107
21.7947,9.01653
21.7947,9.03234
21.7947,9.04875
21.7947,9.06542
21.7947,9.08334
21.7947,9.099
21.7947,9.11575
21.7947,9.13376
21.7947,9.14913
21.7947,9.16688
21.7947,9.18455
21.7947,9.19858
22.8301,9.2166
22.8301,9.23215
22.8301,9.25038
22.8301,9.26521
22.8301,9.28243
22.8301,9.29853
22.8301,9.31774
22.8301,9.33197
22.8301,9.35128
22.8301,9.36574
22.8301,9.38273
22.8301,9.39847
22.8301,9.41538
22.8301,9.43306
22.8301,9.44844
22.8301,9.46649
22.8301,9.48239
22.8301,9.49843
22.8301,9.51526
22.8301,9.53231
22.8301,9.54865
22.8301,9.56584
22.8301,9.58189
22.8301,9.59901
22.8301,9.61542
22.8301,9.63233
22.8301,9.64992
22.8301,9.66576
22.8301,9.68461
22.8301,9.69843
22.8301,9.7167
22.8301,9.73422
22.8301,9.74845
22.8301,9.76517
22.8301,9.78201
22.8301,9.79969
22.8301,9.81666
22.8301,9.83181
22.8301,9.84863
22.8301,9.86511
22.8301,9.88326
22.8301,9.90036
22.8301,9.9154
22.8301,9.93336
22.8301,9.94925
22.8301,9.9656
22.8301,9.98256
22.8301,9.99856
22.8301,10.0161
22.8301,10.0335
23.9017,10.0513
23.9017,10.0654
23.9017,10.0824
23.9017,10.0989
23.9017,10.1162
23.9017,10.1326
23.9017,10.1491
23.9017,10.1669
23.9017,10.1835
23.9017,10.1987
23.9017,10.2151
23.9017,10.2323
23.9017,10.2493
23.9017,10.266
23.9017,10.282
23.9017,10.2997
23.9017,10.3156
23.9017,10.3337
23.9017,10.3503
23.9017,10.3652
23.9017,10.3824
23.9017,10.3987
23.9017,10.4154
23.9017,10.4318
23.9017,10.4499
23.9017,10.4661
23.9017,10.482
23.9017,10.4987
23.9017,10.5158
23.9017,10.5333
23.9017,10.5495
23.9017,10.5656
23.9017,10.5823
23.9017,10.5984
23.9017,10.6152
23.9017,10.6327
23.9017,10.6493
23.9017,10.6654
23.9017,10.6818
23.9017,10.6991
23.9017,10.7158
23.9017,10.7335
23.9017,10.7511
23.9017,10.7684
23.9017,10.7819
23.9017,10.799
23.9017,10.816
23.9017,10.8326
25.0046,10.85
25.0046,10.8676
25.0046,10.8831
25.0046,10.8995
25.0046,10.9151
25.0046,10.9332
25.0046,10.9491
25.0046,10.9658
25.0046,10.9823
25.0046,11.0003
25.0046,11.0154
25.0046,11.032
25.0046,11.0496
25.0046,11.0651
25.0046,11.0831
25.0046,11.0994
25.0046,11.1168
25.0046,11.132
25.0046,11.1492
25.0046,11.1659
25.0046,11.1822
25.0046,11.1996
25.0046,11.2158
25.0046,11.2327
25.0046,11.2501
25.0046,11.267
25.0046,11.283
25.0046,11.2986
25.0046,11.3166
25.0046,11.3333
25.0046,11.3502
25.0046,11.3656
25.0046,11.382
25.0046,11.3993
25.0046,11.4158
25.0046,11.4319
25.0046,11.4485
25.0046,11.4667
25.0046,11.4832
25.0046,11.4987
25.0046,11.5162
25.0046,11.5329
25.0046,11.5486
25.0046,11.5651
25.0046,11.5821
25.0046,11.5991
26.1558,11.6152
26.1558,11.6327
26.1558,11.6485
26.1558,11.6658
26.1558,11.683
26.1558,11.6987
26.1558,11.7157
26.1558,11.733
26.1558,11.7488
26.1558,11.7661
26.1558,11.782
26.1558,11.7993
26.1558,11.8173
26.1558,11.8338
26.1558,11.8513
26.1558,11.8668
26.1558,11.8821
26.1558,11.8984
26.1558,11.9162
26.1558,11.9321
26.1558,11.949
26.1558,11.9651
26.1558,11.9827
26.1558,11.9995
26.1558,12.016
26.1558,12.033
26.1558,12.0486
26.1558,12.0665
26.1558,12.0818
26.1558,12.1003
26.1558,12.1158
26.1558,12.1333
26.1558,12.1496
26.1558,12.1659
26.1558,12.1823
26.1558,12.1989
26.1558,12.2156
26.1558,12.2327
26.1558,12.25
26.1558,12.2657
26.1558,12.2837
26.1558,12.2984
26.1558,12.316
26.1558,12.3321
27.3112,12.3494
27.3112,12.3653
27.3112,12.3819
27.3112,12.3986
27.3112,12.4156
27.3112,12.4322
27.3112,12.4512
27.3112,12.4682
27.3112,12.4819
27.3112,12.5012
27.3112,12.5151
27.3112,12.534
27.3112,12.5486
27.3112,12.5663
27.3112,12.5821
27.3112,12.5989
27.3112,12.6153
27.3112,12.6332
27.3112,12.6497
27.3112,12.6683
27.3112,12.6847
27.3112,12.6997
27.3112,12.7156
27.3112,12.7318
27.3112,12.7494
27.3112,12.7652
27.3112,12.7824
27.3112,12.7984
27.3112,12.8153
27.3112,12.832
27.3112,12.8494
27.3112,12.8651
27.3112,12.8851
27.3112,12.8997
27.3112,12.9158
27.3112,12.9334
27.3112,12.9487
27.3112,12.9663
27.3112,12.9826
27.3112,12.9986
27.3112,13.0152
27.3112,13.0349
27.3112,13.0486
28.0905,13.0663
28.0905,13.0818
28.0905,13.1001
28.0905,13.1155
28.0905,13.1334
28.0905,13.1498
28.0905,13.1667
28.0905,13.1819
28.0905,13.2003
28.0905,13.2157
28.0905,13.2322
28.0905,13.2484
28.0905,13.2679
28.0905,13.2827
28.0905,13.3003
28.0905,13.3157
28.0905,13.3338
28.0905,13.3493
28.0905,13.3666
28.0905,13.3826
28.0905,13.3987
28.0905,13.4157
28.0905,13.4321
28.0905,13.4512
28.0905,13.4666
28.0905,13.4845
28.0905,13.5005
28.0905,13.5154
28.0905,13.5319
28.0905,13.5492
28.0905,13.5668
28.0905,13.5821
28.0905,13.5998
28.0905,13.6152
28.0905,13.6323
28.0905,13.6494
28.0905,13.6658
28.0905,13.6846
28.0905,13.699
28.0905,13.7172
28.0905,13.7321
29.1746,13.7489
29.1746,13.7653
29.1746,13.7839
29.1746,13.799
29.1746,13.8152
29.1746,13.8324
29.1746,13.8485
29.1746,13.8651
29.1746,13.8824
29.1746,13.8987
29.1746,13.9167
29.1746,13.9326
29.1746,13.9504
29.1746,13.9665
29.1746,13.9824
29.1746,14
29.1746,14.0158
29.1746,14.0343
29.1746,14.05
29.1746,14.0664
29.1746,14.0818
29.1746,14.1003
29.1746,14.1151
29.1746,14.1336
29.1746,14.1491
29.1746,14.1679
29.1746,14.1819
29.1746,14.1995
29.1746,14.2154
29.1746,14.2327
29.1746,14.2489
29.1746,14.2662
29.1746,14.2821
29.1746,14.3017
29.1746,14.3154
29.1746,14.3325
29.1746,14.3486
29.1746,14.3656
29.1746,14.3829
29.1746,14.3989
29.1746,14.4167
28.9015,14.4326
28.9015,14.4504
28.9015,14.467
28.9015,14.4827
28.9015,14.5015
28.9015,14.5159
28.9015,14.5344
28.9015,14.5491
28.9015,14.5654
28.9015,14.5991
28.9015,14.617
28.9015,14.634
28.9015,14.6498
28.9015,14.667
28.9015,14.6825
28.9015,14.6991
28.9015,14.716
28.9015,14.7324
28.9015,14.7496
28.9015,14.7667
28.9015,14.7829
28.9015,14.8004
28.9015,14.816
28.9015,14.8336
28.9015,14.8504
28.9015,14.8671
28.9015,14.8819
28.9015,14.8989
28.9015,14.9152
28.9015,14.9319
28.9015,14.9498
28.9015,14.9652
28.9015,14.9822
28.9015,15.0018
28.9015,15.0154
28.9015,15.0333
28.9015,15.0491
28.9015,15.0658
28.9015,15.0823
30.3283,15.0998
30.3283,15.1157
30.3283,15.1328
30.3283,15.1485
30.3283,15.1672
30.3283,15.1819
30.3283,15.1997
30.3283,15.2156
30.3283,15.2326
30.3283,15.2495
30.3283,15.2654
30.3283,15.2819
30.3283,15.2993
30.3283,15.3153
30.3283,15.3321
30.3283,15.3512
30.3283,15.3656
30.3283,15.3831
30.3283,15.3987
30.3283,15.4162
30.3283,15.4326
30.3283,15.4498
30.3283,15.4676
30.3283,15.483
30.3283,15.4996
30.3283,15.5156
30.3283,15.5334
30.3283,15.5488
30.3283,15.5653
30.3283,15.582
30.3283,15.5993
30.3283,15.6157
30.3283,15.6325
30.3283,15.649
30.3283,15.6658
30.3283,15.6826
30.3283,15.6993
32.2392,15.7154
32.2392,15.7328
32.2392,15.7489
32.2392,15.7652
32.2392,15.7831
32.2392,15.7992
32.2392,15.8159
32.2392,15.8333
32.2392,15.8487
32.2392,15.8661
32.2392,15.8821
32.2392,15.8994
32.2392,15.915
32.2392,15.9342
32.2392,15.9485
32.2392,15.9655
32.2392,15.9839
32.2392,15.9988
32.2392,16.0161
32.2392,16.032
32.2392,16.0502
32.2392,16.0651
32.2392,16.0819
32.2392,16.0985
32.2392,16.134
32.2392,16.1406
32.2392,16.149
32.2392,16.1666
32.2392,16.182
32.2392,16.1998
32.2392,16.2151
32.2392,16.2341
32.2392,16.2486
32.2392,16.2678
32.2392,16.2819
32.2392,16.2984
33.0542,16.3177
33.0542,16.3328
33.0542,16.3499
33.0542,16.3657
33.0542,16.3828
33.0542,16.3986
33.0542,16.4174
33.0542,16.4322
33.0542,16.4491
33.0542,16.4658
33.0542,16.4819
33.0542,16.5012
33.0542,16.5153
33.0542,16.5344
33.0542,16.5486
33.0542,16.566
33.0542,16.5838
33.0542,16.5988
33.0542,16.6153
33.0542,16.6321
33.0542,16.649
33.0542,16.6651
33.0542,16.6824
33.0542,16.6988
33.0542,16.7163
33.0542,16.7334
33.0542,16.7495
33.0542,16.7657
33.0542,16.7818
33.0542,16.8007
33.0542,16.8152
33.0542,16.8321
33.0542,16.8507
33.0542,16.8654
33.0542,16.8828
33.0542,16.899
33.6317,16.9161
33.6317,16.9322
33.6317,16.9495
33.6317,16.9651
33.6317,16.9817
33.6317,16.9999
33.6317,17.0152
33.6317,17.0319
33.6317,17.0488
33.6317,17.0655
33.6317,17.0818
33.6317,17.0986
33.6317,17.1167
33.6317,17.1327
33.6317,17.1498
33.6317,17.1659
33.6317,17.1833
33.6317,17.1986
33.6317,17.2153
33.6317,17.2333
33.6317,17.2486
33.6317,17.2653
33.6317,17.2819
33.6317,17.2986
33.6317,17.3152
33.6317,17.3334
33.6317,17.3492
33.6317,17.3652
33.6317,17.3819
33.6317,17.3988
33.6317,17.4156
33.6317,17.4318
33.6317,17.4504
33.6317,17.4661
33.6317,17.4821
34.2471,17.4993
34.2471,17.5153
34.2471,17.5321
34.2471,17.5486
34.2471,17.567
34.2471,17.5826
34.2471,17.5986
34.2471,17.6155
34.2471,17.6321
34.2471,17.6493
34.2471,17.6652
34.2471,17.6823
34.2471,17.7003
34.2471,17.7153
34.2471,17.7342
34.2471,17.7485
34.2471,17.7672
34.2471,17.7821
34.2471,17.7989
34.2471,17.8157
34.2471,17.832
34.2471,17.8488
34.2471,17.8652
34.2471,17.8835
34.2471,17.9001
34.2471,17.9157
34.2471,17.9341
34.2471,17.9484
34.2471,17.9668
34.2471,17.9823
34.2471,17.9988
34.2471,18.017
34.2471,18.032
34.2471,18.0496
34.2471,18.0653
34.7332,18.0833
34.7332,18.1006
34.7332,18.1155
34.7332,18.1318
34.7332,18.1485
34.7332,18.1662
34.7332,18.1824
34.7332,18.1991
34.7332,18.2152
34.7332,18.2321
34.7332,18.249
34.7332,18.2653
34.7332,18.2824
34.7332,18.2989
34.7332,18.315
34.7332,18.3318
34.7332,18.3486
34.7332,18.3658
34.7332,18.3834
34.7332,18.3994
34.7332,18.4156
34.7332,18.432
34.7332,18.4486
34.7332,18.4657
34.7332,18.4822
34.7332,18.4989
34.7332,18.5151
34.7332,18.532
34.7332,18.5491
34.7332,18.5656
34.7332,18.5827
34.7332,18.5987
34.7332,18.617
35.473,18.6323
35.473,18.6488
35.473,18.6674
35.473,18.6818
35.473,18.6994
35.473,18.7152
35.473,18.7319
35.473,18.7486
35.473,18.7654
35.473,18.7838
35.473,18.7988
35.473,18.8157
35.473,18.8318
35.473,18.8486
35.473,18.8662
35.473,18.8818
35.473,18.8995
35.473,18.9152
35.473,18.9319
35.473,18.9488
35.473,18.9666
35.473,18.9824
35.473,18.9992
35.473,19.0154
35.473,19.0324
35.473,19.0506
35.473,19.0654
35.473,19.0829
35.473,19.0988
35.473,19.116
35.473,19.1328
35.473,19.1488
35.473,19.166
35.473,19.1824
35.8756,19.199
35.8756,19.2152
35.8756,19.2321
35.8756,19.2493
35.8756,19.2658
35.8756,19.2833
35.8756,19.2988
35.8756,19.3152
35.8756,19.3348
35.8756,19.3488
35.8756,19.366
35.8756,19.3818
35.8756,19.3999
35.8756,19.4155
35.8756,19.432
35.8756,19.4485
35.8756,19.4654
35.8756,19.482
35.8756,19.499
35.8756,19.5153
35.8756,19.5336
35.8756,19.5485
35.8756,19.5667
35.8756,19.5819
35.8756,19.5985
35.8756,19.6168
35.8756,19.6319
35.8756,19.6485
35.8756,19.6652
35.8756,19.6824
35.8756,19.6989
35.8756,19.7156
35.8756,19.732
35.7776,19.7493
35.7776,19.7661
35.7776,19.783
35.7776,19.7984
35.7776,19.8159
35.7776,19.8326
35.7776,19.8494
35.7776,19.8655
35.7776,19.882
35.7776,19.8995
35.7776,19.9158
35.7776,19.932
35.7776,19.9509
35.7776,19.9652
35.7776,19.9829
35.7776,20.0001
35.7776,20.0155
35.7776,20.032
35.7776,20.0486
35.7776,20.0659
35.7776,20.0843
35.7776,20.0987
35.7776,20.1163
35.7776,20.1331
35.7776,20.1487
35.7776,20.1655
35.7776,20.1823
35.7776,20.1989
35.7776,20.2161
35.7776,20.2321
35.7776,20.2488
35.7776,20.2662
35.7776,20.2825
36.9471,20.2992
36.9471,20.3152
36.9471,20.333
36.9471,20.349
36.9471,20.3653
36.9471,20.382
36.9471,20.3989
36.9471,20.4156
36.9471,20.4323
36.9471,20.4485
36.9471,20.4653
36.9471,20.4832
36.9471,20.4987
36.9471,20.5154
36.9471,20.5326
36.9471,20.5493
36.9471,20.5653
36.9471,20.5821
36.9471,20.5987
36.9471,20.6164
36.9471,20.6319
36.9471,20.6487
36.9471,20.6651
36.9471,20.6822
36.9471,20.6995
36.9471,20.7156
36.9471,20.7323
36.9471,20.749
36.9471,20.7655
36.9471,20.783
36.9471,20.8004
36.9471,20.8152
37.6876,20.8319
37.6876,20.8498
37.6876,20.8658
37.6876,20.8828
37.6876,20.899
37.6876,20.9154
37.6876,20.9336
37.6876,20.9486
37.6876,20.9654
37.6876,20.9823
37.6876,20.9985
37.6876,21.0164
37.6876,21.034
37.6876,21.049
37.6876,21.066
37.6876,21.0846
37.6876,21.0989
37.6876,21.1165
37.6876,21.132
37.6876,21.1486
37.6876,21.1655
37.6876,21.182
37.6876,21.1987
37.6876,21.2162
37.6876,21.2318
37.6876,21.2486
37.6876,21.267
37.6876,21.282
37.6876,21.2989
37.6876,21.3167
37.6876,21.332
38.6204,21.3497
38.6204,21.3675
38.6204,21.382
38.6204,21.4001
38.6204,21.4157
38.6204,21.4324
38.6204,21.4498
38.6204,21.4658
38.6204,21.4825
38.6204,21.4997
38.6204,21.5152
38.6204,21.5325
38.6204,21.551
38.6204,21.5652
38.6204,21.5828
38.6204,21.6007
38.6204,21.6153
38.6204,21.6323
38.6204,21.6496
38.6204,21.6652
38.6204,21.6829
38.6204,21.6992
38.6204,21.7155
38.6204,21.732
38.6204,21.7489
38.6204,21.7653
38.6204,21.7823
38.6204,21.8005
38.6204,21.8152
38.6204,21.833
39.4162,21.8496
39.4162,21.8655
39.4162,21.882
39.4162,21.8985
39.4162,21.9158
39.4162,21.9318
39.4162,21.9505
39.4162,21.9653
39.4162,21.9818
39.4162,21.9992
39.4162,22.0155
39.4162,22.0329
39.4162,22.0496
39.4162,22.0652
39.4162,22.0831
39.4162,22.0991
39.4162,22.1151
39.4162,22.1321
39.4162,22.1513
39.4162,22.1654
39.4162,22.1825
39.4162,22.1992
39.4162,22.2153
39.4162,22.2324
39.4162,22.2512
39.4162,22.2653
39.4162,22.282
39.4162,22.2985
39.4162,22.3156
39.4162,22.3322
39.4162,22.3486
39.3333,22.3667
39.3333,22.3832
39.3333,22.3991
39.3333,22.4162
39.3333,22.4326
39.3333,22.4487
39.3333,22.4664
39.3333,22.483
39.3333,22.4987
39.3333,22.5166
39.3333,22.5321
39.3333,22.5493
39.3333,22.5654
39.3333,22.5825
39.3333,22.5994
39.3333,22.6165
39.3333,22.6321
39.3333,22.6494
39.3333,22.6661
39.3333,22.6822
39.3333,22.6999
39.3333,22.7165
39.3333,22.732
39.3333,22.7504
39.3333,22.7658
39.3333,22.7819
39.3333,22.7998
39.3333,22.818
39.3333,22.8323
39.3333,22.8497
39.1329,22.8662
39.1329,22.8822
39.1329,22.8994
39.1329,22.9163
39.1329,22.9324
39.1329,22.9498
39.1329,22.9652
39.1329,22.982
39.1329,22.9996
39.1329,23.0153
39.1329,23.0327
39.1329,23.0497
39.1329,23.0653
39.1329,23.0819
39.1329,23.0992
39.1329,23.1178
39.1329,23.132
39.1329,23.1502
39.1329,23.1661
39.1329,23.1819
39.1329,23.2001
39.1329,23.2166
39.1329,23.2323
39.1329,23.2499
39.1329,23.266
39.1329,23.2819
39.1329,23.2988
39.1329,23.3158
39.1329,23.3319
39.1329,23.3501
40.2026,23.3668
40.2026,23.3824
40.2026,23.3989
40.2026,23.4154
40.2026,23.4318
40.2026,23.4487
40.2026,23.4675
40.2026,23.4825
40.2026,23.4989
40.2026,23.5153
40.2026,23.5333
40.2026,23.5486
40.2026,23.5659
40.2026,23.5819
40.2026,23.5987
40.2026,23.6152
40.2026,23.6336
40.2026,23.6486
40.2026,23.6656
40.2026,23.6826
40.2026,23.7004
40.2026,23.7156
40.2026,23.7322
40.2026,23.7497
40.2026,23.7652
40.2026,23.7819
40.2026,23.7998
40.2026,23.8156
40.2026,23.8325
41.8849,23.8496
41.8849,23.8677
41.8849,23.8823
41.8849,23.8985
41.8849,23.9158
41.8849,23.9318
41.8849,23.9485
41.8849,23.9663
41.8849,23.9818
41.8849,23.9986
41.8849,24.0154
41.8849,24.0336
41.8849,24.049
41.8849,24.0662
41.8849,24.0839
41.8849,24.0986
41.8849,24.1152
41.8849,24.1327
41.8849,24.1513
41.8849,24.1652
41.8849,24.1826
41.8849,24.1988
41.8849,24.2153
41.8849,24.232
41.8849,24.2489
41.8849,24.2675
41.8849,24.282
41.8849,24.2989
42.4391,24.3156
42.4391,24.332
42.4391,24.3485
42.4391,24.3653
42.4391,24.383
42.4391,24.3987
42.4391,24.4154
42.4391,24.4325
42.4391,24.4487
42.4391,24.4653
42.4391,24.4827
42.4391,24.4987
42.4391,24.5154
42.4391,24.5324
42.4391,24.5486
42.4391,24.5653
42.4391,24.5824
42.4391,24.5995
42.4391,24.618
42.4391,24.632
42.4391,24.6492
42.4391,24.6665
42.4391,24.682
42.4391,24.6992
42.4391,24.7168
42.4391,24.7335
42.4391,24.7485
42.4391,24.7652
42.9197,24.7824
42.9197,24.7987
42.9197,24.8152
42.9197,24.833
42.9197,24.8493
42.9197,24.8651
42.9197,24.8821
42.9197,24.8995
42.9197,24.918
42.9197,24.932
42.9197,24.9486
42.9197,24.9652
42.9197,24.9818
42.9197,24.9989
42.9197,25.0161
42.9197,25.0343
42.9197,25.0486
42.9197,25.0656
42.9197,25.084
42.9197,25.0986
42.9197,25.1152
42.9197,25.1334
42.9197,25.1498
42.9197,25.1652
42.9197,25.1826
42.9197,25.2001
42.9197,25.2177
42.9197,25.232
43.442,25.2491
43.442,25.2664
43.442,25.2825
43.442,25.2987
43.442,25.3158
43.442,25.3337
43.442,25.3489
43.442,25.3652
43.442,25.3835
43.442,25.4014
43.442,25.4153
43.442,25.432
43.442,25.4509
43.442,25.4654
43.442,25.4819
43.442,25.5
43.442,25.5167
43.442,25.5319
43.442,25.5491
43.442,25.5657
43.442,25.5838
43.442,25.599
43.442,25.6156
43.442,25.6328
43.442,25.6513
43.442,25.6654
43.442,25.6825
43.7922,25.6987
43.7922,25.7153
43.7922,25.7321
43.7922,25.7496
43.7922,25.7652
43.7922,25.7821
43.7922,25.7993
43.7922,25.8167
43.7922,25.8332
43.7922,25.8488
43.7922,25.8653
43.7922,25.8828
43.7922,25.8995
43.7922,25.9153
43.7922,25.9323
43.7922,25.9505
43.7922,25.9653
43.7922,25.9821
43.7922,25.9995
43.7922,26.0162
43.7922,26.0319
43.7922,26.0491
43.7922,26.0662
43.7922,26.0819
43.7922,26.0986
43.7922,26.1159
43.7922,26.1326
44.2388,26.151
44.2388,26.1654
44.2388,26.1822
44.2388,26.1994
44.2388,26.2155
44.2388,26.232
44.2388,26.2492
44.2388,26.2671
44.2388,26.2825
44.2388,26.2986
44.2388,26.3154
44.2388,26.3333
44.2388,26.3494
44.2388,26.3652
44.2388,26.3825
44.2388,26.3989
44.2388,26.4156
44.2388,26.432
44.2388,26.4486
44.2388,26.4662
44.2388,26.4825
44.2388,26.4992
44.2388,26.5155
44.2388,26.5319
44.2388,26.5492
44.2388,26.5653
44.2388,26.5819
44.8191,26.6002
44.8191,26.6159
44.8191,26.6325
44.8191,26.6489
44.8191,26.6668
44.8191,26.6826
44.8191,26.6992
44.8191,26.7163
44.8191,26.7324
44.8191,26.7506
44.8191,26.7653
44.8191,26.7828
44.8191,26.7995
44.8191,26.8178
44.8191,26.8323
44.8191,26.8487
44.8191,26.8668
44.8191,26.885
44.8191,26.8986
44.8191,26.9152
44.8191,26.9333
44.8191,26.9511
44.8191,26.9654
44.8191,26.9823
44.8191,26.9997
44.8191,27.0179
44.8191,27.0319
45.212,27.0486
45.212,27.0655
45.212,27.0823
45.212,27.0987
45.212,27.1154
45.212,27.1327
45.212,27.1493
45.212,27.1653
45.212,27.1819
45.212,27.1992
45.212,27.2152
45.212,27.2329
45.212,27.2487
45.212,27.2657
45.212,27.2832
45.212,27.3012
45.212,27.3153
45.212,27.3324
45.212,27.349
45.212,27.3655
45.212,27.382
45.212,27.3986
45.212,27.4163
45.212,27.4335
45.212,27.4515
45.212,27.4652
45.9751,27.4821
45.9751,27.4989
45.9751,27.5165
45.9751,27.5319
45.9751,27.5492
45.9751,27.5662
45.9751,27.5829
45.9751,27.5988
45.9751,27.6154
45.9751,27.6319
45.9751,27.649
45.9751,27.667
45.9751,27.6819
45.9751,27.6987
45.9751,27.7154
45.9751,27.7328
45.9751,27.749
45.9751,27.7654
45.9751,27.782
45.9751,27.7996
45.9751,27.8158
45.9751,27.8321
45.9751,27.8487
45.9751,27.8658
45.9751,27.8832
46.9625,27.9004
46.9625,27.9155
46.9625,27.9323
46.9625,27.9495
46.9625,27.9669
46.9625,27.982
46.9625,27.9988
46.9625,28.0161
46.9625,28.0334
46.9625,28.0495
46.9625,28.0653
46.9625,28.082
46.9625,28.0994
46.9625,28.1166
46.9625,28.1346
46.9625,28.1488
46.9625,28.1657
46.9625,28.1831
46.9625,28.1991
46.9625,28.2154
46.9625,28.2319
46.9625,28.2491
46.9625,28.2667
46.9625,28.2831
46.9625,28.2993
46.9625,28.3154
47.1748,28.3325
47.1748,28.3496
47.1748,28.367
47.1748,28.382
47.1748,28.3989
47.1748,28.4154
47.1748,28.4336
47.1748,28.4514
47.1748,28.4654
47.1748,28.4825
47.1748,28.4988
47.1748,28.5173
47.1748,28.5321
47.1748,28.5487
47.1748,28.5657
47.1748,28.5822
47.1748,28.5986
47.1748,28.6156
47.1748,28.6319
47.1748,28.6491
47.1748,28.6661
47.1748,28.6822
47.1748,28.6989
47.1748,28.7152
47.1748,28.7323
47.6684,28.7491
47.6684,28.7663
47.6684,28.7821
47.6684,28.7987
47.6684,28.8156
47.6684,28.8328
47.6684,28.8488
47.6684,28.8654
47.6684,28.882
47.6684,28.899
47.6684,28.9155
47.6684,28.9341
47.6684,28.9489
47.6684,28.9653
47.6684,28.982
47.6684,28.9987
47.6684,29.0166
47.6684,29.0322
47.6684,29.0487
47.6684,29.0654
47.6684,29.083
47.6684,29.0993
47.6684,29.1162
47.6684,29.1322
47.6684,29.1488
47.7875,29.1666
47.7875,29.1845
47.7875,29.1987
47.7875,29.2158
47.7875,29.2321
47.7875,29.2492
47.7875,29.2656
47.7875,29.2822
47.7875,29.2991
47.7875,29.316
47.7875,29.3333
47.7875,29.3487
47.7875,29.3659
47.7875,29.3826
47.7875,29.3996
47.7875,29.4153
47.7875,29.4321
47.7875,29.449
47.7875,29.4654
47.7875,29.4827
47.7875,29.5001
47.7875,29.5156
47.7875,29.5326
47.7875,29.5495
47.7875,29.5672
47.7875,29.5826
47.1006,29.5988
47.1006,29.616
47.1006,29.6329
47.1006,29.6503
47.1006,29.6655
47.1006,29.6824
47.1006,29.6991
47.1006,29.7152
47.1006,29.732
47.1006,29.7486
47.1006,29.7659
47.1006,29.7822
47.1006,29.8006
47.1006,29.8154
47.1006,29.8323
47.1006,29.8493
47.1006,29.8671
47.1006,29.8827
47.1006,29.8986
47.1006,29.9157
47.1006,29.9323
47.1006,29.95
47.1006,29.9662
47.1006,29.9821
47.1006,29.9992
47.0076,30.0155
47.0076,30.0334
47.0076,30.0487
47.0076,30.0653
47.0076,30.0819
47.0076,30.0992
47.0076,30.1157
47.0076,30.1328
47.0076,30.1486
47.0076,30.1654
47.0076,30.1824
47.0076,30.1989
47.0076,30.2159
47.0076,30.2322
47.0076,30.2487
47.0076,30.2656
47.0076,30.283
47.0076,30.2993
47.0076,30.3167
47.0076,30.3322
47.0076,30.349
47.0076,30.3659
47.0076,30.3819
47.0076,30.3991
47.0076,30.4153
48.8696,30.4321
48.8696,30.4488
48.8696,30.4653
48.8696,30.4827
48.8696,30.5003
48.8696,30.5161
48.8696,30.532
48.8696,30.5487
48.8696,30.5659
48.8696,30.5819
48.8696,30.5988
48.8696,30.6174
48.8696,30.6319
48.8696,30.6492
48.8696,30.6664
48.8696,30.6825
48.8696,30.6992
48.8696,30.7152
48.8696,30.7325
48.8696,30.7488
48.8696,30.7666
48.8696,30.784
48.8696,30.7986
48.8696,30.8155
49.4433,30.8329
49.4433,30.8497
49.4433,30.8653
49.4433,30.8825
49.4433,30.8994
49.4433,30.9175
49.4433,30.9338
49.4433,30.9488
49.4433,30.9665
49.4433,30.9835
49.4433,30.9987
49.4433,31.0154
49.4433,31.032
49.4433,31.0501
49.4433,31.0663
49.4433,31.0832
49.4433,31.099
49.4433,31.1162
49.4433,31.1324
49.4433,31.1502
49.4433,31.1659
49.4433,31.1828
49.4433,31.199
49.4433,31.2166
49.4433,31.2337
49.4433,31.2493
46.2243,31.2654
46.2243,31.2831
46.2243,31.3004
46.2243,31.3164
46.2243,31.3327
46.2243,31.3496
46.2243,31.3656
46.2243,31.3843
46.2243,31.3998
46.2243,31.4157
46.2243,31.4331
46.2243,31.4501
46.2243,31.4671
46.2243,31.4849
46.2243,31.4988
46.2243,31.5161
46.2243,31.5328
46.2243,31.5503
46.2243,31.5658
46.2243,31.5837
46.2243,31.5988
46.2243,31.6156
46.2243,31.6322
46.2243,31.6506
48.916,31.668
48.916,31.6823
48.916,31.6993
48.916,31.7164
48.916,31.7333
48.916,31.7491
48.916,31.7657
48.916,31.7822
48.916,31.7988
48.916,31.8157
48.916,31.8328
48.916,31.8496
48.916,31.8665
48.916,31.882
48.916,31.8996
48.916,31.9167
48.916,31.9335
48.916,31.9508
48.916,31.9653
48.916,31.9825
48.916,31.9998
48.916,32.0167
48.916,32.032
48.916,32.0501
48.916,32.0654
49.0611,32.0828
49.0611,32.0993
49.0611,32.117
49.0611,32.1345
49.0611,32.1489
49.0611,32.1654
49.0611,32.182
49.0611,32.1995
49.0611,32.2175
49.0611,32.2323
49.0611,32.2486
49.0611,32.2663
49.0611,32.282
49.0611,32.2993
49.0611,32.3168
49.0611,32.332
49.0611,32.3489
49.0611,32.3654
49.0611,32.3842
49.0611,32.4013
49.0611,32.4154
49.0611,32.4324
49.0611,32.4497
49.0611,32.4655
49.2076,32.4824
49.2076,32.4989
49.2076,32.516
49.2076,32.5322
49.2076,32.5499
49.2076,32.5653
49.2076,32.5822
49.2076,32.6007
49.2076,32.6159
49.2076,32.6321
49.2076,32.6487
49.2076,32.6671
49.2076,32.6843
49.2076,32.7003
49.2076,32.7153
49.2076,32.7323
49.2076,32.75
49.2076,32.7654
49.2076,32.7829
49.2076,32.7999
49.2076,32.8159
49.2076,32.8329
49.2076,32.8489
49.2076,32.8661
49.856,32.8823
49.856,32.9003
49.856,32.916
49.856,32.933
49.856,32.9499
49.856,32.967
49.856,32.9832
49.856,32.9996
49.856,33.0156
49.856,33.0331
49.856,33.0498
49.856,33.0656
49.856,33.0821
49.856,33.0991
49.856,33.1161
49.856,33.1319
49.856,33.15
49.856,33.1673
49.856,33.1827
49.856,33.1989
49.856,33.2163
49.856,33.2324
49.856,33.2489
49.856,33.2653
49.856,33.282
48.8446,33.2996
48.8446,33.3165
48.8446,33.3335
48.8446,33.3509
48.8446,33.3654
48.8446,33.382
48.8446,33.3987
48.8446,33.4155
48.8446,33.4338
48.8446,33.4506
48.8446,33.4655
48.8446,33.4821
48.8446,33.4995
48.8446,33.5166
48.8446,33.5337
48.8446,33.5509
48.8446,33.5667
48.8446,33.5826
48.8446,33.5994
48.8446,33.6154
48.8446,33.6332
48.8446,33.6506
48.8446,33.6675
48.8446,33.6827
50.3706,33.6987
50.3706,33.7164
50.3706,33.7327
50.3706,33.7503
50.3706,33.7671
50.3706,33.7821
50.3706,33.7998
50.3706,33.8154
50.3706,33.8332
50.3706,33.8504
50.3706,33.8663
50.3706,33.8833
50.3706,33.8988
50.3706,33.9171
50.3706,33.9325
50.3706,33.9496
50.3706,33.9664
50.3706,33.9836
50.3706,33.9988
50.3706,34.0158
50.3706,34.0333
50.3706,34.0508
50.3706,34.0682
50.3706,34.0828
49.8345,34.099
49.8345,34.1157
49.8345,34.1338
49.8345,34.1497
49.8345,34.166
49.8345,34.1821
49.8345,34.1988
49.8345,34.2166
49.8345,34.2321
49.8345,34.2505
49.8345,34.2653
49.8345,34.2831
49.8345,34.2989
49.8345,34.3154
49.8345,34.332
49.8345,34.3492
49.8345,34.3656
49.8345,34.3833
49.8345,34.4001
49.8345,34.4166
49.8345,34.432
49.8345,34.4488
49.8345,34.4659
49.8345,34.4853
48.8154,34.5005
48.8154,34.5153
48.8154,34.5323
48.8154,34.5495
48.8154,34.5655
48.8154,34.5838
48.8154,34.6004
48.8154,34.6159
48.8154,34.6328
48.8154,34.6494
48.8154,34.6658
48.8154,34.6834
48.8154,34.6987
48.8154,34.7164
48.8154,34.7331
48.8154,34.7504
48.8154,34.7679
48.8154,34.782
48.8154,34.7996
48.8154,34.8154
48.8154,34.8336
48.8154,34.849
48.8154,34.8678
48.8154,34.8826
48.8154,34.8992
49.0482,34.9161
49.0482,34.9321
49.0482,34.9501
49.0482,34.9662
49.0482,34.9823
49.0482,34.9987
49.0482,35.0162
49.0482,35.0331
49.0482,35.0488
49.0482,35.0668
49.0482,35.0839
49.0482,35.0993
49.0482,35.1157
49.0482,35.1328
49.0482,35.1498
49.0482,35.1654
49.0482,35.1826
49.0482,35.1987
49.0482,35.216
49.0482,35.2321
49.0482,35.2496
49.0482,35.2654
49.0482,35.2821
50.815,35.3001
50.815,35.3154
50.815,35.3327
50.815,35.3494
50.815,35.3664
50.815,35.3836
50.815,35.4008
50.815,35.4155
50.815,35.4327
50.815,35.4486
50.815,35.4663
50.815,35.4821
50.815,35.4999
50.815,35.5174
50.815,35.5321
50.815,35.5487
50.815,35.5656
50.815,35.5834
50.815,35.6003
50.815,35.6176
50.815,35.6332
50.815,35.649
50.815,35.6657
50.815,35.6831
50.9611,35.7001
50.9611,35.7172
50.9611,35.7325
50.9611,35.7493
50.9611,35.7653
50.9611,35.7834
50.9611,35.8004
50.9611,35.8174
50.9611,35.8336
50.9611,35.8487
50.9611,35.8653
50.9611,35.8832
50.9611,35.9
50.9611,35.9174
50.9611,35.9331
50.9611,35.9493
50.9611,35.9654
50.9611,35.9823
50.9611,35.9992
50.9611,36.0153
50.9611,36.034
50.9611,36.05
50.9611,36.0653
50.9611,36.0821
50.2129,36.0995
50.2129,36.1169
50.2129,36.1336
50.2129,36.1487
50.2129,36.1666
50.2129,36.1827
50.2129,36.1988
50.2129,36.2158
50.2129,36.2325
50.2129,36.2489
50.2129,36.268
50.2129,36.2827
50.2129,36.2997
50.2129,36.3162
50.2129,36.3321
50.2129,36.3495
50.2129,36.3673
50.2129,36.3825
50.2129,36.3988
50.2129,36.4153
50.2129,36.432
50.2129,36.4497
50.2129,36.4659
51.3047,36.4839
51.3047,36.5006
51.3047,36.5154
51.3047,36.5328
51.3047,36.5495
51.3047,36.5654
51.3047,36.5821
51.3047,36.6004
51.3047,36.6165
51.3047,36.6335
51.3047,36.6487
51.3047,36.6654
51.3047,36.682
51.3047,36.6992
51.3047,36.7171
51.3047,36.734
51.3047,36.749
51.3047,36.766
51.3047,36.7823
51.3047,36.7995
51.3047,36.8157
51.3047,36.8337
51.3047,36.8492
51.8375,36.868
51.8375,36.8834
51.8375,36.8993
51.8375,36.9155
51.8375,36.9323
51.8375,36.9491
51.8375,36.9668
51.8375,36.9823
51.8375,37.0003
51.8375,37.016
51.8375,37.032
51.8375,37.0493
51.8375,37.0653
51.8375,37.0836
51.8375,37.1006
51.8375,37.1172
51.8375,37.132
51.8375,37.1489
51.8375,37.1662
51.8375,37.183
51.8375,37.1999
51.8375,37.2166
51.8375,37.2331
51.9408,37.2501
51.9408,37.2654
51.9408,37.2822
51.9408,37.2986
51.9408,37.3155
51.9408,37.3321
51.9408,37.3499
51.9408,37.3678
51.9408,37.3821
51.9408,37.3988
51.9408,37.4153
51.9408,37.4328
51.9408,37.4486
51.9408,37.4655
51.9408,37.4824
51.9408,37.5012
51.9408,37.5159
51.9408,37.5327
51.9408,37.5486
51.9408,37.5664
51.9408,37.583
51.9408,37.5998
51.9408,37.6177
52.2079,37.6334
52.2079,37.6488
52.2079,37.6654
52.2079,37.682
52.2079,37.6989
52.2079,37.7166
52.2079,37.7334
52.2079,37.751
52.2079,37.7659
52.2079,37.7823
52.2079,37.7987
52.2079,37.8162
52.2079,37.8332
52.2079,37.8488
52.2079,37.8655
52.2079,37.8844
52.2079,37.8987
52.2079,37.9153
52.2079,37.9322
52.2079,37.9492
52.2079,37.9668
52.2079,37.9831
52.2079,38.0011
52.2006,38.0167
52.2006,38.0327
52.2006,38.0493
52.2006,38.0654
52.2006,38.0833
52.2006,38.0999
52.2006,38.1158
52.2006,38.1335
52.2006,38.1487
52.2006,38.1655
52.2006,38.1831
52.2006,38.1991
52.2006,38.2155
52.2006,38.2322
52.2006,38.2508
52.2006,38.2655
52.2006,38.2827
52.2006,38.2987
52.2006,38.3162
52.2006,38.333
52.2006,38.35
52.2006,38.3673
52.2006,38.3836
52.0534,38.4005
52.0534,38.416
52.0534,38.4321
52.0534,38.4486
52.0534,38.4659
52.0534,38.4835
52.0534,38.5008
52.0534,38.5171
52.0534,38.5328
52.0534,38.5488
52.0534,38.5656
52.0534,38.583
52.0534,38.5998
52.0534,38.6166
52.0534,38.6334
52.0534,38.6511
52.0534,38.6666
52.0534,38.6821
52.0534,38.6993
52.0534,38.7163
52.0534,38.7333
52.0534,38.7501
52.0534,38.7671
52.6213,38.7836
52.6213,38.8007
52.6213,38.8154
52.6213,38.8326
52.6213,38.8488
52.6213,38.8663
52.6213,38.8836
52.6213,38.9003
52.6213,38.9169
52.6213,38.9346
52.6213,38.9494
52.6213,38.9653
52.6213,38.9821
52.6213,38.999
52.6213,39.0165
52.6213,39.0332
52.6213,39.049
52.6213,39.0667
52.6213,39.0823
52.6213,39.0988
52.6213,39.1156
52.6213,39.1331
52.6213,39.15
52.2523,39.1656
52.2523,39.1838
52.2523,39.1995
52.2523,39.2154
52.2523,39.2328
52.2523,39.2498
52.2523,39.2666
52.2523,39.2833
52.2523,39.2988
52.2523,39.316
52.2523,39.3327
52.2523,39.3492
52.2523,39.3654
52.2523,39.382
52.2523,39.3999
52.2523,39.4167
52.2523,39.4321
52.2523,39.4506
52.2523,39.4655
52.2523,39.4827
52.2523,39.499
52.2523,39.5162
52.2523,39.533
52.7188,39.5502
52.7188,39.5669
52.7188,39.5825
52.7188,39.6009
52.7188,39.6154
52.7188,39.632
52.7188,39.6495
52.7188,39.6662
52.7188,39.6831
52.7188,39.6997
52.7188,39.7156
52.7188,39.7338
52.7188,39.7488
52.7188,39.766
52.7188,39.7826
52.7188,39.7995
52.7188,39.8163
52.7188,39.8332
52.7188,39.8505
52.7188,39.867
52.7188,39.8835
52.7188,39.9001
52.7188,39.9157
52.9348,39.9322
52.9348,39.9495
52.9348,39.9664
52.9348,39.9822
52.9348,39.9991
52.9348,40.0176
52.9348,40.0323
52.9348,40.0504
52.9348,40.0654
52.9348,40.082
52.9348,40.0997
52.9348,40.1165
52.9348,40.1325
52.9348,40.1488
52.9348,40.1658
52.9348,40.1825
52.9348,40.2008
52.9348,40.216
52.9348,40.2321
52.9348,40.2497
52.9348,40.2666
52.9348,40.283
53.34,40.3001
53.34,40.3165
53.34,40.3337
53.34,40.3489
53.34,40.3661
53.34,40.383
53.34,40.3999
53.34,40.4156
53.34,40.4326
53.34,40.4509
53.34,40.4662
53.34,40.4836
53.34,40.4989
53.34,40.5154
53.34,40.532
53.34,40.5497
53.34,40.5666
53.34,40.5821
53.34,40.6004
53.34,40.6179
53.34,40.6336
53.34,40.6493
53.34,40.6657
52.97,40.6829
52.97,40.6996
52.97,40.7154
52.97,40.7326
52.97,40.7503
52.97,40.7665
52.97,40.7834
52.97,40.7989
52.97,40.8159
52.97,40.8327
52.97,40.8497
52.97,40.8662
52.97,40.8828
52.97,40.8991
52.97,40.9172
52.97,40.9323
52.97,40.9493
52.97,40.9654
52.97,40.9827
52.97,40.9996
52.97,41.0164
52.97,41.0331
53.6164,41.0506
53.6164,41.0668
53.6164,41.0845
53.6164,41.0988
53.6164,41.1158
53.6164,41.1328
53.6164,41.149
53.6164,41.1664
53.6164,41.1824
53.6164,41.2002
53.6164,41.2167
53.6164,41.2338
53.6164,41.2502
53.6164,41.2656
53.6164,41.2824
53.6164,41.2988
53.6164,41.3161
53.6164,41.3329
53.6164,41.3503
53.6164,41.3656
53.6164,41.3839
53.6164,41.3989
53.6164,41.4154
53.5638,41.4328
53.5638,41.4488
53.5638,41.4654
53.5638,41.4832
53.5638,41.5001
53.5638,41.5166
53.5638,41.5322
53.5638,41.55
53.5638,41.5672
53.5638,41.5822
53.5638,41.5988
53.5638,41.6156
53.5638,41.6323
53.5638,41.6496
53.5638,41.6667
53.5638,41.6821
53.5638,41.7003
53.5638,41.7167
53.5638,41.7337
53.5638,41.749
53.5638,41.7664
53.5638,41.7824
53.8522,41.7987
53.8522,41.8164
53.8522,41.8339
53.8522,41.8492
53.8522,41.8671
53.8522,41.882
53.8522,41.8994
53.8522,41.916
53.8522,41.9324
53.8522,41.9495
53.8522,41.9665
53.8522,41.9832
53.8522,41.9992
53.8522,42.0154
53.8522,42.0337
53.8522,42.0504
53.8522,42.0654
53.8522,42.0828
53.8522,42.0994
53.8522,42.1162
53.8522,42.1333
53.8522,42.1488
53.7972,42.1672
53.7972,42.1828
53.7972,42.1994
53.7972,42.2155
53.7972,42.232
53.7972,42.2492
53.7972,42.2666
53.7972,42.2821
53.7972,42.2988
53.7972,42.3158
53.7972,42.334
53.7972,42.3488
53.7972,42.3655
53.7972,42.383
53.7972,42.3993
53.7972,42.4169
53.7972,42.4346
53.7972,42.4496
53.7972,42.4655
53.7972,42.4827
53.7972,42.4995
53.7972,42.5163
53.7972,42.5331
52.5051,42.5488
52.5051,42.5672
52.5051,42.5824
52.5051,42.6004
52.5051,42.6156
52.5051,42.6321
52.5051,42.6494
52.5051,42.6665
52.5051,42.6832
52.5051,42.6988
52.5051,42.7167
52.5051,42.7322
52.5051,42.7504
52.5051,42.7673
52.5051,42.7828
52.5051,42.7994
52.5051,42.8159
52.5051,42.8323
52.5051,42.8488
52.5051,42.8656
52.5051,42.8822
52.5051,42.9004
53.8576,42.9175
53.8576,42.933
53.8576,42.9489
53.8576,42.9664
53.8576,42.982
53.8576,42.9997
53.8576,43.0164
53.8576,43.0331
53.8576,43.0498
53.8576,43.0674
53.8576,43.0832
53.8576,43.1005
53.8576,43.116
53.8576,43.1321
53.8576,43.1487
53.8576,43.1662
53.8576,43.1831
53.8576,43.2003
53.8576,43.217
53.8576,43.2323
53.8576,43.25
53.8576,43.2668
54.2444,43.2839
54.2444,43.2987
54.2444,43.3161
54.2444,43.3329
54.2444,43.3495
54.2444,43.3664
54.2444,43.3829
54.2444,43.4002
54.2444,43.4155
54.2444,43.4336
54.2444,43.45
54.2444,43.4661
54.2444,43.4827
54.2444,43.4991
54.2444,43.5155
54.2444,43.532
54.2444,43.5501
54.2444,43.5656
54.2444,43.5837
54.2444,43.5987
54.2444,43.6155
54.2444,43.6336
54.5158,43.6507
54.5158,43.666
54.5158,43.6822
54.5158,43.6987
54.5158,43.7158
54.5158,43.7331
54.5158,43.7503
54.5158,43.7666
54.5158,43.7837
54.5158,43.7988
54.5158,43.8154
54.5158,43.8327
54.5158,43.849
54.5158,43.8655
54.5158,43.8827
54.5158,43.8987
54.5158,43.9154
54.5158,43.9332
54.5158,43.9489
54.5158,43.9673
54.5158,43.9836
54.5158,44
54.607,44.0168
54.607,44.0328
54.607,44.0489
54.607,44.0657
54.607,44.082
54.607,44.0998
54.607,44.1165
54.607,44.1324
54.607,44.1508
54.607,44.1672
54.607,44.1839
54.607,44.1988
54.607,44.2155
54.607,44.2323
54.607,44.2496
54.607,44.2663
54.607,44.2826
54.607,44.2989
54.607,44.3168
54.607,44.3335
54.607,44.3503
54.607,44.3659
54.607,44.3828
54.031,44.3994
54.031,44.4154
54.031,44.4323
54.031,44.4497
54.031,44.4655
54.031,44.4835
54.031,44.5
54.031,44.5171
54.031,44.5341
54.031,44.5499
54.031,44.5669
54.031,44.5821
54.031,44.599
54.031,44.6161
54.031,44.6329
54.031,44.6497
54.031,44.6666
54.031,44.6837
54.031,44.7
54.031,44.7174
54.031,44.7321
54.031,44.7493
54.6867,44.7656
54.6867,44.7828
54.6867,44.7987
54.6867,44.8162
54.6867,44.8331
54.6867,44.8487
54.6867,44.8666
54.6867,44.8825
54.6867,44.9002
54.6867,44.9174
54.6867,44.9342
54.6867,44.9498
54.6867,44.9662
54.6867,44.9832
54.6867,44.9995
54.6867,45.0159
54.6867,45.0328
54.6867,45.05
54.6867,45.0674
54.6867,45.0833
54.6867,45.1005
54.6867,45.116
54.4266,45.1321
54.4266,45.1495
54.4266,45.1659
54.4266,45.1821
54.4266,45.1997
54.4266,45.2169
54.4266,45.2336
54.4266,45.2506
54.4266,45.2666
54.4266,45.2831
54.4266,45.2989
54.4266,45.3154
54.4266,45.3322
54.4266,45.3488
54.4266,45.3665
54.4266,45.3834
54.4266,45.3995
54.4266,45.4167
54.4266,45.4337
54.4266,45.4501
54.4266,45.4668
55.0353,45.4836
55.0353,45.4988
55.0353,45.5155
55.0353,45.5322
55.0353,45.5495
55.0353,45.5657
55.0353,45.5829
55.0353,45.5988
55.0353,45.617
55.0353,45.633
55.0353,45.6498
55.0353,45.6666
55.0353,45.6837
55.0353,45.7004
55.0353,45.7162
55.0353,45.7321
55.0353,45.749
55.0353,45.7662
55.0353,45.783
55.0353,45.7999
55.0353,45.8173
55.0353,45.8322
55.1523,45.8504
55.1523,45.8676
55.1523,45.8828
55.1523,45.8993
55.1523,45.9161
55.1523,45.9322
55.1523,45.949
55.1523,45.9663
55.1523,45.9827
55.1523,46.0001
55.1523,46.017
55.1523,46.0341
55.1523,46.0499
55.1523,46.0673
55.1523,46.0835
55.1523,46.0994
55.1523,46.116
55.1523,46.1328
55.1523,46.149
55.1523,46.1657
55.1523,46.1829
55.1523,46.1988
54.9603,46.2166
54.9603,46.2322
54.9603,46.249
54.9603,46.2671
54.9603,46.2844
54.9603,46.3004
54.9603,46.3154
54.9603,46.3327
54.9603,46.3491
54.9603,46.3656
54.9603,46.3828
54.9603,46.3988
54.9603,46.4154
54.9603,46.4333
54.9603,46.4499
54.9603,46.4666
54.9603,46.4838
54.9603,46.501
54.9603,46.5171
54.9603,46.5322
54.9603,46.5494
54.9603,46.5654
55.3568,46.5827
55.3568,46.5996
55.3568,46.6164
55.3568,46.6333
55.3568,46.65
55.3568,46.6658
55.3568,46.6835
55.3568,46.7009
55.3568,46.7161
55.3568,46.7339
55.3568,46.7487
55.3568,46.7655
55.3568,46.7821
55.3568,46.7995
55.3568,46.8156
55.3568,46.8321
55.3568,46.8497
55.3568,46.866
55.3568,46.8832
55.3568,46.9006
55.3568,46.9174
55.4325,46.932
55.4325,46.9493
55.4325,46.9661
55.4325,46.9821
55.4325,46.9996
55.4325,47.0163
55.4325,47.0329
55.4325,47.0496
55.4325,47.0656
55.4325,47.0835
55.4325,47.1008
55.4325,47.1175
55.4325,47.1328
55.4325,47.1498
55.4325,47.1656
55.4325,47.1821
55.4325,47.1993
55.4325,47.2155
55.4325,47.2329
55.4325,47.2496
55.4325,47.2666
55.4325,47.2836
55.2362,47.3
55.2362,47.3161
55.2362,47.3321
55.2362,47.3493
55.2362,47.3656
55.2362,47.3824
55.2362,47.399
55.2362,47.4163
55.2362,47.433
55.2362,47.45
55.2362,47.4654
55.2362,47.4833
55.2362,47.5006
55.2362,47.5166
55.2362,47.5323
55.2362,47.55
55.2362,47.5661
55.2362,47.5821
55.2362,47.5992
55.2362,47.6161
55.2362,47.6331
55.2362,47.6499
54.6648,47.6667
54.6648,47.6832
54.6648,47.7003
54.6648,47.7174
54.6648,47.7333
54.6648,47.749
54.6648,47.766
54.6648,47.7821
54.6648,47.7991
54.6648,47.8154
54.6648,47.833
54.6648,47.8498
54.6648,47.8655
54.6648,47.883
54.6648,47.9003
54.6648,47.9156
54.6648,47.9335
54.6648,47.9503
54.6648,47.9674
54.6648,47.9836
54.6648,47.9993
54.6648,48.0155
55.467,48.0324
55.467,48.0494
55.467,48.0663
55.467,48.0829
55.467,48.099
55.467,48.1172
55.467,48.1321
55.467,48.1498
55.467,48.1665
55.467,48.1827
55.467,48.1989
55.467,48.2156
55.467,48.2321
55.467,48.249
55.467,48.2665
55.467,48.283
55.467,48.2998
55.467,48.3155
55.467,48.3338
55.467,48.349
55.467,48.3667
55.4807,48.3838
55.4807,48.4
55.4807,48.4165
55.4807,48.4337
55.4807,48.4493
55.4807,48.4658
55.4807,48.4822
55.4807,48.4988
55.4807,48.5155
55.4807,48.5332
55.4807,48.5498
55.4807,48.5669
55.4807,48.5822
55.4807,48.5999
55.4807,48.6168
55.4807,48.634
55.4807,48.6511
55.4807,48.666
55.4807,48.6827
55.4807,48.6989
55.4807,48.7154
55.4807,48.7331
55.6728,48.7496
55.6728,48.7666
55.6728,48.7832
55.6728,48.7991
55.6728,48.8171
55.6728,48.8322
55.6728,48.8493
55.6728,48.8669
55.6728,48.8834
55.6728,48.8993
55.6728,48.9155
55.6728,48.9323
55.6728,48.9489
55.6728,48.9661
55.6728,48.983
55.6728,48.9998
55.6728,49.0165
55.6728,49.0325
55.6728,49.0503
55.6728,49.0673
55.6728,49.0822
55.7778,49.0989
55.7778,49.1161
55.7778,49.1327
55.7778,49.1488
55.7778,49.1658
55.7778,49.1821
55.7778,49.1997
55.7778,49.2165
55.7778,49.2332
55.7778,49.2503
55.7778,49.2656
55.7778,49.2831
55.7778,49.3003
55.7778,49.3175
55.7778,49.3321
55.7778,49.3488
55.7778,49.3661
55.7778,49.3831
55.7778,49.3994
55.7778,49.4158
55.7778,49.4324
55.7778,49.4499
55.2851,49.4665
55.2851,49.4836
55.2851,49.5004
55.2851,49.5168
55.2851,49.5333
55.2851,49.5492
55.2851,49.5668
55.2851,49.5828
55.2851,49.599
55.2851,49.6156
55.2851,49.6322
55.2851,49.6489
55.2851,49.6664
55.2851,49.6833
55.2851,49.6998
55.2851,49.7169
55.2851,49.7331
55.2851,49.75
55.2851,49.7667
55.2851,49.7837
55.2851,49.8001
55.2851,49.8156
55.6521,49.8327
55.6521,49.8494
55.6521,49.8656
55.6521,49.8828
55.6521,49.8998
55.6521,49.9159
55.6521,49.933
55.6521,49.9496
55.6521,49.9665
55.6521,49.9826
55.6521,50.0002
55.6521,50.0167
55.6521,50.0326
55.6521,50.0501
55.6521,50.0671
55.6521,50.0822
55.6521,50.099
55.6521,50.1156
55.6521,50.1328
55.6521,50.1495
55.6521,50.1663
56.1088,50.1831
56.1088,50.2004
56.1088,50.216
56.1088,50.2336
56.1088,50.2506
56.1088,50.2669
56.1088,50.2827
56.1088,50.2988
56.1088,50.3155
56.1088,50.3329
56.1088,50.3495
56.1088,50.3663
56.1088,50.383
56.1088,50.4003
56.1088,50.4156
56.1088,50.4333
56.1088,50.4505
56.1088,50.4669
56.1088,50.4838
56.1088,50.4993
56.1088,50.5157
56.1088,50.5322
55.2436,50.5488
55.2436,50.5664
55.2436,50.5832
55.2436,50.5992
55.2436,50.6166
55.2436,50.6322
55.2436,50.6494
55.2436,50.6665
55.2436,50.6823
55.2436,50.6993
55.2436,50.7155
55.2436,50.7329
55.2436,50.749
55.2436,50.7657
55.2436,50.7828
55.2436,50.7999
55.2436,50.8159
55.2436,50.8331
55.2436,50.8501
55.2436,50.867
55.2436,50.884
55.6174,50.9006
55.6174,50.9177
55.6174,50.9322
55.6174,50.9506
55.6174,50.9661
55.6174,50.9822
55.6174,50.9989
55.6174,51.0163
55.6174,51.0322
55.6174,51.0498
55.6174,51.0657
55.6174,51.0831
55.6174,51.0988
55.6174,51.1165
55.6174,51.1336
55.6174,51.1504
55.6174,51.1654
55.6174,51.1834
55.6174,51.2011
55.6174,51.2174
55.6174,51.234
55.6174,51.2496
56.2533,51.2656
56.2533,51.2827
56.2533,51.2995
56.2533,51.3163
56.2533,51.333
56.2533,51.3497
56.2533,51.367
56.2533,51.3823
56.2533,51.4
56.2533,51.4168
56.2533,51.4332
56.2533,51.4502
56.2533,51.4663
56.2533,51.4827
56.2533,51.4994
56.2533,51.5158
56.2533,51.5331
56.2533,51.5493
56.2533,51.5663
56.2533,51.5833
56.2533,51.5998
55.7324,51.6169
55.7324,51.6336
55.7324,51.6505
55.7324,51.6671
55.7324,51.6834
55.7324,51.7002
55.7324,51.7172
55.7324,51.7328
55.7324,51.7494
55.7324,51.7661
55.7324,51.7824
55.7324,51.7991
55.7324,51.8161
55.7324,51.833
55.7324,51.8488
55.7324,51.8673
55.7324,51.8837
55.7324,51.9007
55.7324,51.9167
55.7324,51.9339
55.7324,51.9502
56.5173,51.967
56.5173,51.9822
56.5173,51.9989
56.5173,52.0156
56.5173,52.0321
56.5173,52.0493
56.5173,52.0663
56.5173,52.0833
56.5173,52.0991
56.5173,52.1165
56.5173,52.1332
56.5173,52.1505
56.5173,52.1669
56.5173,52.1829
56.5173,52.1992
56.5173,52.2166
56.5173,52.2333
56.5173,52.2499
56.5173,52.2661
56.5173,52.2828
56.5173,52.2988
56.5173,52.3161
56.3507,52.3322
56.3507,52.3497
56.3507,52.3665
56.3507,52.3831
56.3507,52.3998
56.3507,52.4162
56.3507,52.4324
56.3507,52.4489
56.3507,52.4664
56.3507,52.4834
56.3507,52.4999
56.3507,52.5163
56.3507,52.5331
56.3507,52.5491
56.3507,52.5656
56.3507,52.5828
56.3507,52.5994
56.3507,52.6162
56.3507,52.6324
56.3507,52.6496
56.3507,52.6663
56.6653,52.683
56.6653,52.6989
56.6653,52.7166
56.6653,52.7335
56.6653,52.7505
56.6653,52.7673
56.6653,52.7839
56.6653,52.8007
56.6653,52.8169
56.6653,52.8328
56.6653,52.849
56.6653,52.8655
56.6653,52.8824
56.6653,52.8989
56.6653,52.9157
56.6653,52.9328
56.6653,52.9496
56.6653,52.9658
56.6653,52.9833
56.6653,52.9999
56.6653,53.0168
56.5301,53.0338
56.5301,53.0488
56.5301,53.0666
56.5301,53.0836
56.5301,53.101
56.5301,53.1171
56.5301,53.1335
56.5301,53.1501
56.5301,53.1662
56.5301,53.1829
56.5301,53.1995
56.5301,53.2155
56.5301,53.2331
56.5301,53.2497
56.5301,53.2657
56.5301,53.2827
56.5301,53.2991
56.5301,53.317
56.5301,53.3323
56.5301,53.3492
56.5301,53.3669
56.6065,53.3829
56.6065,53.4009
56.6065,53.4177
56.6065,53.4323
56.6065,53.4489
56.6065,53.4656
56.6065,53.4822
56.6065,53.4997
56.6065,53.5165
56.6065,53.5333
56.6065,53.5497
56.6065,53.5664
56.6065,53.5839
56.6065,53.5988
56.6065,53.6165
56.6065,53.6343
56.6065,53.6489
56.6065,53.667
56.6065,53.6825
56.6065,53.6994
56.6065,53.7161
56.6065,53.7322
56.0132,53.749
56.0132,53.7662
56.0132,53.7823
56.0132,53.7988
56.0132,53.8168
56.0132,53.8337
56.0132,53.8497
56.0132,53.8657
56.0132,53.8824
56.0132,53.9004
56.0132,53.9174
56.0132,53.9337
56.0132,53.9503
56.0132,53.9661
56.0132,53.9822
56.0132,53.9995
56.0132,54.0159
56.0132,54.0323
56.0132,54.0489
56.0132,54.0662
56.0132,54.0829
56.8685,54.0988
56.8685,54.1166
56.8685,54.1333
56.8685,54.1496
56.8685,54.1663
56.8685,54.1834
56.8685,54.2001
56.8685,54.2168
56.8685,54.2334
56.8685,54.2491
56.8685,54.2657
56.8685,54.2829
56.8685,54.2991
56.8685,54.3173
56.8685,54.3328
56.8685,54.3492
56.8685,54.3656
56.8685,54.3827
56.8685,54.3989
56.8685,54.4156
56.8685,54.4323
57.1966,54.4496
57.1966,54.4663
57.1966,54.4834
57.1966,54.5001
57.1966,54.5167
57.1966,54.5338
57.1966,54.5504
57.1966,54.567
57.1966,54.5839
57.1966,54.6003
57.1966,54.6161
57.1966,54.6324
57.1966,54.6494
57.1966,54.6673
57.1966,54.6821
57.1966,54.6995
57.1966,54.7157
57.1966,54.7328
57.1966,54.7489
57.1966,54.7662
57.1966,54.7829
57.1478,54.7992
57.1478,54.8158
57.1478,54.8333
57.1478,54.8502
57.1478,54.8663
57.1478,54.8838
57.1478,54.9003
57.1478,54.9169
57.1478,54.9335
57.1478,54.9489
57.1478,54.9664
57.1478,54.9825
57.1478,54.9989
57.1478,55.0156
57.1478,55.0329
57.1478,55.0491
57.1478,55.0656
57.1478,55.0822
57.1478,55.099
57.1478,55.1157
57.1478,55.1332
56.7738,55.1497
56.7738,55.1667
56.7738,55.1831
56.7738,55.1989
56.7738,55.2167
56.7738,55.234
56.7738,55.2509
56.7738,55.2673
56.7738,55.2833
56.7738,55.2992
56.7738,55.3161
56.7738,55.3328
56.7738,55.3492
56.7738,55.3655
56.7738,55.3828
56.7738,55.3992
56.7738,55.4162
56.7738,55.4331
56.7738,55.45
56.7738,55.4668
56.7738,55.4825
56.8396,55.5003
56.8396,55.5169
56.8396,55.5342
56.8396,55.5508
56.8396,55.5676
56.8396,55.5838
56.8396,55.5994
56.8396,55.6156
56.8396,55.6341
56.8396,55.6488
56.8396,55.6658
56.8396,55.6821
56.8396,55.6989
56.8396,55.7155
56.8396,55.7331
56.8396,55.7495
56.8396,55.7662
56.8396,55.783
56.8396,55.7999
56.8396,55.8168
56.8396,55.8335
57.2995,55.8491
57.2995,55.8666
57.2995,55.8832
57.2995,55.8989
57.2995,55.9172
57.2995,55.934
57.2995,55.9506
57.2995,55.9672
57.2995,55.9839
57.2995,56.0003
57.2995,56.0155
57.2995,56.0325
57.2995,56.0503
57.2995,56.0675
57.2995,56.0822
57.2995,56.0988
57.2995,56.1156
57.2995,56.1322
57.2995,56.1489
57.2995,56.1661
57.2995,56.1822
57.7783,56.1988
57.7783,56.2164
57.7783,56.2333
57.7783,56.2496
57.7783,56.2667
57.7783,56.2829
57.7783,56.3002
57.7783,56.3159
57.7783,56.3326
57.7783,56.35
57.7783,56.3656
57.7783,56.3833
57.7783,56.4008
57.7783,56.4173
57.7783,56.4336
57.7783,56.4509
57.7783,56.4668
57.7783,56.4837
57.7783,56.4995
57.7783,56.5156
57.9591,56.5343
57.9591,56.5494
57.9591,56.5656
57.9591,56.5822
57.9591,56.5995
57.9591,56.6155
57.9591,56.6323
57.9591,56.649
57.9591,56.6657
57.9591,56.683
57.9591,56.6991
57.9591,56.7156
57.9591,56.7324
57.9591,56.7497
57.9591,56.767
57.9591,56.7839
57.9591,56.8001
57.9591,56.8168
57.9591,56.8332
57.9591,56.8499
57.9591,56.8659
57.7735,56.8823
57.7735,56.9004
57.7735,56.9171
57.7735,56.9324
57.7735,56.9496
57.7735,56.9674
57.7735,56.9822
57.7735,56.9995
57.7735,57.0155
57.7735,57.0329
57.7735,57.049
57.7735,57.0662
57.7735,57.0826
57.7735,57.0991
57.7735,57.1163
57.7735,57.133
57.7735,57.1497
57.7735,57.1663
57.7735,57.1836
57.7735,57.1988
57.7735,57.2168
57.7162,57.2336
57.7162,57.2501
57.7162,57.2671
57.7162,57.2834
57.7162,57.3
57.7162,57.3157
57.7162,57.3343
57.7162,57.3508
57.7162,57.3672
57.7162,57.3822
57.7162,57.4007
57.7162,57.4169
57.7162,57.4336
57.7162,57.4505
57.7162,57.4661
57.7162,57.4823
57.7162,57.4989
57.7162,57.5157
57.7162,57.5322
57.7162,57.5488
57.7162,57.5658
58.0482,57.5822
58.0482,57.5997
58.0482,57.6162
58.0482,57.6325
58.0482,57.6489
58.0482,57.6664
58.0482,57.6837
58.0482,57.6998
58.0482,57.7167
58.0482,57.7336
58.0482,57.7502
58.0482,57.7656
58.0482,57.7839
58.0482,57.8004
58.0482,57.8165
58.0482,57.8323
58.0482,57.8509
58.0482,57.867
58.0482,57.8825
58.0482,57.8991
58.108,57.9177
58.108,57.9337
58.108,57.949
58.108,57.9656
58.108,57.984
58.108,57.9994
58.108,58.0161
58.108,58.0328
58.108,58.0494
58.108,58.0655
58.108,58.083
58.108,58.0995
58.108,58.1156
58.108,58.133
58.108,58.149
58.108,58.1664
58.108,58.1831
58.108,58.199
58.108,58.2165
58.108,58.233
58.108,58.2499
58.1698,58.2668
58.1698,58.2829
58.1698,58.2989
58.1698,58.3169
58.1698,58.3335
58.1698,58.3499
58.1698,58.3657
58.1698,58.3843
58.1698,58.4006
58.1698,58.4166
58.1698,58.4335
58.1698,58.451
58.1698,58.4666
58.1698,58.4831
58.1698,58.4995
58.1698,58.5173
58.1698,58.5325
58.1698,58.5503
58.1698,58.5657
58.1698,58.5823
58.5638,58.6005
58.5638,58.6161
58.5638,58.6329
58.5638,58.6488
58.5638,58.6656
58.5638,58.6828
58.5638,58.6995
58.5638,58.7156
58.5638,58.7329
58.5638,58.7488
58.5638,58.7661
58.5638,58.7828
58.5638,58.7996
58.5638,58.8162
58.5638,58.833
58.5638,58.8499
58.5638,58.8665
58.5638,58.883
58.5638,58.8991
58.5638,58.9165
58.5638,58.9333
58.4283,58.9499
58.4283,58.9667
58.4283,58.9838
58.4283,59.0004
58.4283,59.0157
58.4283,59.0334
58.4283,59.0504
58.4283,59.0666
58.4283,59.0835
58.4283,59.1002
58.4283,59.1163
58.4283,59.1335
58.4283,59.1498
58.4283,59.1662
58.4283,59.1829
58.4283,59.2006
58.4283,59.2162
58.4283,59.2328
58.4283,59.2491
58.4283,59.2661
58.4283,59.283
58.062,59.299
58.062,59.3162
58.062,59.3326
58.062,59.3489
58.062,59.3658
58.062,59.3831
58.062,59.3997
58.062,59.4156
58.062,59.4333
58.062,59.4497
58.062,59.4664
58.062,59.4832
58.062,59.4997
58.062,59.5159
58.062,59.5333
58.062,59.5499
58.062,59.5664
58.062,59.5838
58.062,59.6004
58.062,59.6167
58.5868,59.6333
58.5868,59.6489
58.5868,59.6674
58.5868,59.6837
58.5868,59.7003
58.5868,59.7175
58.5868,59.7338
58.5868,59.75
58.5868,59.7676
58.5868,59.7831
58.5868,59.7996
58.5868,59.8169
58.5868,59.8323
58.5868,59.8506
58.5868,59.8668
58.5868,59.883
58.5868,59.9006
58.5868,59.9157
58.5868,59.9341
58.5868,59.9491
59.1852,59.9671
59.1852,59.9824
59.1852,59.9989
59.1852,60.0174
59.1852,60.0324
59.1852,60.0496
59.1852,60.0661
59.1852,60.0823
59.1852,60.0991
59.1852,60.1163
59.1852,60.1323
59.1852,60.1491
59.1852,60.1656
59.1852,60.1822
59.1852,60.1995
59.1852,60.2162
59.1852,60.2322
59.1852,60.2489
59.1852,60.2664
59.1852,60.2829
59.1852,60.2995
58.6492,60.3156
58.6492,60.3334
58.6492,60.3496
58.6492,60.3656
58.6492,60.3838
58.6492,60.3992
58.6492,60.4169
58.6492,60.4338
58.6492,60.4501
58.6492,60.4664
58.6492,60.4831
58.6492,60.4997
58.6492,60.5159
58.6492,60.5322
58.6492,60.5506
58.6492,60.5661
58.6492,60.5843
58.6492,60.6005
58.6492,60.6167
58.6492,60.6341
58.5481,60.65
58.5481,60.666
58.5481,60.6823
58.5481,60.6995
58.5481,60.7157
58.5481,60.7324
58.5481,60.7498
58.5481,60.7667
58.5481,60.7835
58.5481,60.8002
58.5481,60.8165
58.5481,60.8338
58.5481,60.8507
58.5481,60.8674
58.5481,60.8837
58.5481,60.8992
58.5481,60.9174
58.5481,60.9326
58.5481,60.9489
58.5481,60.9661
58.5481,60.9829
58.5481,60.9995
55.8968,61.0164
55.8968,61.0331
55.8968,61.0498
55.8968,61.0667
55.8968,61.0823
55.8968,61.1003
55.8968,61.1164
55.8968,61.1344
55.8968,61.151
55.8968,61.1661
55.8968,61.184
55.8968,61.1998
55.8968,61.2157
55.8968,61.2323
55.8968,61.2492
55.8968,61.2667
55.8968,61.283
55.8968,61.2995
55.8968,61.317
55.8968,61.3336
55.8968,61.3491
56.2363,61.3672
56.2363,61.3834
56.2363,61.4003
56.2363,61.4164
56.2363,61.4331
56.2363,61.449
56.2363,61.467
56.2363,61.4829
56.2363,61.4989
56.2363,61.5158
56.2363,61.5332
56.2363,61.5498
56.2363,61.566
56.2363,61.5834
56.2363,61.6007
56.2363,61.6169
56.2363,61.6334
56.2363,61.6501
56.2363,61.6656
56.2363,61.684
56.2363,61.7006
56.2363,61.7156
56.0827,61.7341
56.0827,61.7489
56.0827,61.7657
56.0827,61.7823
56.0827,61.7988
56.0827,61.8167
56.0827,61.8332
56.0827,61.8501
56.0827,61.8662
56.0827,61.8823
56.0827,61.9006
56.0827,61.917
56.0827,61.9333
56.0827,61.9492
56.0827,61.9656
56.0827,61.9837
56.0827,62.0009
56.0827,62.0167
56.0827,62.0328
56.0827,62.0489
56.0827,62.0656
56.8558,62.0823
56.8558,62.0999
56.8558,62.1159
56.8558,62.1325
56.8558,62.1499
56.8558,62.1673
56.8558,62.183
56.8558,62.2005
56.8558,62.2168
56.8558,62.2333
56.8558,62.249
56.8558,62.2673
56.8558,62.2829
56.8558,62.2992
56.8558,62.3156
56.8558,62.333
56.8558,62.3498
56.8558,62.3663
56.8558,62.3832
56.8558,62.3995
56.8558,62.4165
55.8328,62.4336
55.8328,62.45
55.8328,62.4656
55.8328,62.4823
55.8328,62.499
55.8328,62.5156
55.8328,62.5324
55.8328,62.5498
55.8328,62.5663
55.8328,62.5833
55.8328,62.6001
55.8328,62.6165
55.8328,62.633
55.8328,62.6504
55.8328,62.6671
55.8328,62.6838
55.8328,62.7006
55.8328,62.7157
55.8328,62.7337
55.8328,62.7495
55.8328,62.7656
55.8328,62.7826
56.0197,62.7996
56.0197,62.8156
56.0197,62.8324
56.0197,62.8497
56.0197,62.866
56.0197,62.8827
56.0197,62.8989
56.0197,62.917
56.0197,62.9332
56.0197,62.949
56.0197,62.9667
56.0197,62.9823
56.0197,63.0009
56.0197,63.0171
56.0197,63.0323
56.0197,63.0489
56.0197,63.0663
56.0197,63.0825
56.0197,63.0998
56.0197,63.1161
56.0197,63.1333
55.668,63.15
55.668,63.1656
55.668,63.1834
55.668,63.1989
55.668,63.2171
55.668,63.2344
55.668,63.249
55.668,63.2656
55.668,63.2829
55.668,63.2989
55.668,63.3163
55.668,63.3331
55.668,63.35
55.668,63.3666
55.668,63.3828
55.668,63.4003
55.668,63.4169
55.668,63.4334
55.668,63.4503
55.668,63.4663
55.668,63.4838
56.5991,63.4992
56.5991,63.5169
56.5991,63.5323
56.5991,63.5508
56.5991,63.5658
56.5991,63.583
56.5991,63.5996
56.5991,63.6164
56.5991,63.6332
56.5991,63.6489
56.5991,63.6656
56.5991,63.6836
56.5991,63.7
56.5991,63.7156
56.5991,63.7341
56.5991,63.7504
56.5991,63.7661
56.5991,63.7823
56.5991,63.8002
56.5991,63.8176
56.5991,63.8331
56.5991,63.8496
56.4892,63.8656
56.4892,63.8829
56.4892,63.8992
56.4892,63.9158
56.4892,63.9325
56.4892,63.9498
56.4892,63.9664
56.4892,63.9833
56.4892,64
56.4892,64.0167
56.4892,64.0337
56.4892,64.0513
56.4892,64.0674
56.4892,64.0822
56.4892,64.0989
56.4892,64.1157
56.4892,64.1323
56.4892,64.149
56.4892,64.1658
56.4892,64.1831
56.4892,64.2001
56.2008,64.2164
56.2008,64.2337
56.2008,64.2503
56.2008,64.2674
56.2008,64.2839
56.2008,64.3003
56.2008,64.316
56.2008,64.3328
56.2008,64.3495
56.2008,64.3655
56.2008,64.3823
56.2008,64.3997
56.2008,64.4158
56.2008,64.4333
56.2008,64.4502
56.2008,64.467
56.2008,64.4822
56.2008,64.499
56.2008,64.5175
56.2008,64.5343
56.2008,64.5505
56.1346,64.5676
56.1346,64.584
56.1346,64.5993
56.1346,64.6163
56.1346,64.6323
56.1346,64.6496
56.1346,64.6657
56.1346,64.6831
56.1346,64.6998
56.1346,64.7165
56.1346,64.7322
56.1346,64.7489
56.1346,64.7671
56.1346,64.7837
56.1346,64.8003
56.1346,64.8171
56.1346,64.8335
56.1346,64.8496
56.1346,64.8672
56.1346,64.8826
56.1346,64.899
56.1346,64.9163
56.3409,64.9323
56.3409,64.949
56.3409,64.9658
56.3409,64.9829
56.3409,64.9996
56.3409,65.0166
56.3409,65.0337
56.3409,65.0502
56.3409,65.0673
56.3409,65.0843
56.3409,65.101
56.3409,65.1162
56.3409,65.1341
56.3409,65.1498
56.3409,65.1662
56.3409,65.1822
56.3409,65.1998
56.3409,65.216
56.3409,65.2331
56.3409,65.249
56.3409,65.2669
55.7711,65.2826
55.7711,65.3
55.7711,65.3176
55.7711,65.3324
55.7711,65.3502
55.7711,65.367
55.7711,65.3829
55.7711,65.4007
55.7711,65.4163
55.7711,65.4331
55.7711,65.4497
55.7711,65.4663
55.7711,65.4831
55.7711,65.4999
55.7711,65.5164
55.7711,65.5331
55.7711,65.5499
55.7711,65.5673
55.7711,65.5839
55.7711,65.6
55.7711,65.6168
56.6101,65.6323
56.6101,65.6504
56.6101,65.6663
56.6101,65.6838
56.6101,65.699
56.6101,65.7157
56.6101,65.7328
56.6101,65.7497
56.6101,65.7665
56.6101,65.7833
56.6101,65.7996
56.6101,65.8166
56.6101,65.8332
56.6101,65.8506
56.6101,65.8671
56.6101,65.8824
56.6101,65.8992
56.6101,65.9169
56.6101,65.9337
56.6101,65.9495
56.6101,65.9671
56.6101,65.9829
56.4072,65.9991
56.4072,66.0159
56.4072,66.0328
56.4072,66.0498
56.4072,66.0658
56.4072,66.0834
56.4072,66.0989
56.4072,66.117
56.4072,66.1333
56.4072,66.1492
56.4072,66.167
56.4072,66.1831
56.4072,66.1993
56.4072,66.2157
56.4072,66.2323
56.4072,66.249
56.4072,66.2663
56.4072,66.2826
56.4072,66.3001
56.4072,66.3165
56.4072,66.3337
55.411,66.3502
55.411,66.3657
55.411,66.3832
55.411,66.3993
55.411,66.4166
55.411,66.4335
55.411,66.449
55.411,66.4659
55.411,66.483
55.411,66.4998
55.411,66.5161
55.411,66.5326
55.411,66.5503
55.411,66.5667
55.411,66.5826
55.411,66.6006
55.411,66.6172
55.411,66.6334
55.411,66.6511
