richtmyer,time
0,0.000185713
0,0.00221947
0,0.0191502
0,0.034774
0,0.0516248
0,0.0675618
0,0.0855185
0,0.10103
0,0.117554
0,0.136045
0,0.151523
0,0.168309
0,0.184473
0,0.202167
0,0.218523
0,0.236051
0,0.251966
0,0.267988
0,0.286031
0,0.300997
0,0.319622
0,0.337082
0,0.352275
0,0.36897
0,0.38585
0,0.401485
0,0.418785
0,0.435508
0,0.45137
0,0.468312
0,0.485307
0,0.501957
0,0.518485
0,0.535165
0,0.551033
0,0.567594
0,0.585205
0,0.601368
0,0.618731
0,0.635168
0,0.651465
0,0.668384
0,0.686345
0,0.702566
0,0.719216
0,0.73662
0,0.752032
0,0.768265
0,0.784697
0,0.800903
0,0.819037
0,0.835297
0,0.851538
0,0.868997
0,0.884753
0,0.900845
0,0.917591
0,0.936002
0,0.951143
17.7564,0.969407
17.7564,0.985441
17.7564,1.00363
17.7564,1.01916
17.7564,1.03533
17.7564,1.05119
17.7564,1.06868
17.7564,1.08593
17.7564,1.10202
17.7564,1.11819
17.7564,1.1354
17.7564,1.15207
17.7564,1.16843
17.7564,1.18445
17.7564,1.20123
17.7564,1.21855
17.7564,1.23587
17.7564,1.25203
17.7564,1.26895
17.7564,1.28562
17.7564,1.30223
17.7564,1.31753
17.7564,1.33616
17.7564,1.35219
17.7564,1.36816
17.7564,1.38456
17.7564,1.40272
17.7564,1.41912
17.7564,1.43535
17.7564,1.45241
17.7564,1.46838
17.7564,1.48464
17.7564,1.50115
17.7564,1.51762
17.7564,1.53495
17.7564,1.55146
17.7564,1.56765
17.7564,1.58463
17.7564,1.60104
17.7564,1.61752
17.7564,1.63596
17.7564,1.65134
17.7564,1.66773
17.7564,1.68407
17.7564,1.70381
17.7564,1.71831
17.7564,1.73481
17.7564,1.75103
17.7564,1.76817
17.7564,1.78601
17.7564,1.80216
17.7564,1.81814
17.7564,1.8348
17.7564,1.85271
22.2339,1.86904
22.2339,1.88534
22.2339,1.90241
22.2339,1.91827
22.2339,1.93474
22.2339,1.9512
22.2339,1.96799
22.2339,1.98472
22.2339,2.00394
22.2339,2.0193
22.2339,2.03691
22.2339,2.05229
22.2339,2.06844
22.2339,2.08492
22.2339,2.10182
22.2339,2.11861
22.2339,2.13465
22.2339,2.15097
22.2339,2.16762
22.2339,2.18605
22.2339,2.20242
22.2339,2.21795
22.2339,2.23549
22.2339,2.25356
22.2339,2.26867
22.2339,2.28479
22.2339,2.3015
22.2339,2.31762
22.2339,2.33581
22.2339,2.35096
22.2339,2.36866
22.2339,2.38595
22.2339,2.40167
22.2339,2.41777
22.2339,2.43481
22.2339,2.45232
22.2339,2.46904
22.2339,2.48472
22.2339,2.5012
22.2339,2.51772
22.2339,2.5348
22.2339,2.55095
22.2339,2.57026
22.2339,2.58601
22.2339,2.60271
22.2339,2.618
22.2339,2.63438
22.2339,2.6508
22.2339,2.66814
22.2339,2.68579
22.2339,2.7027
22.2339,2.7186
22.2339,2.73497
22.2339,2.75177
22.3032,2.76777
22.3032,2.78608
22.3032,2.80135
22.3032,2.81909
22.3032,2.83684
22.3032,2.85146
22.3032,2.86819
22.3032,2.88487
22.3032,2.90356
22.3032,2.9192
22.3032,2.93432
22.3032,2.95185
22.3032,2.96885
22.3032,2.98743
22.3032,3.00085
22.3032,3.01758
22.3032,3.03612
22.3032,3.0525
22.3032,3.06752
22.3032,3.08554
22.3032,3.10218
22.3032,3.11746
22.3032,3.13452
22.3032,3.15115
22.3032,3.16909
22.3032,3.18529
22.3032,3.2012
22.3032,3.21789
22.3032,3.23462
22.3032,3.25275
22.3032,3.26916
22.3032,3.28597
22.3032,3.30198
22.3032,3.3182
22.3032,3.33463
22.3032,3.35126
22.3032,3.36791
22.3032,3.38614
22.3032,3.40235
22.3032,3.41966
22.3032,3.43518
22.3032,3.45123
22.3032,3.46758
22.3032,3.48435
22.3032,3.502
22.3032,3.52026
22.3032,3.53586
22.3032,3.55118
22.3032,3.56924
22.3032,3.58552
22.3032,3.60103
22.3032,3.61759
22.3032,3.63563
22.5792,3.65146
22.5792,3.66779
22.5792,3.68496
22.5792,3.70357
22.5792,3.7193
22.5792,3.73427
22.5792,3.75231
22.5792,3.76862
22.5792,3.78584
22.5792,3.80206
22.5792,3.81829
22.5792,3.83443
22.5792,3.85197
22.5792,3.86893
22.5792,3.88521
22.5792,3.90152
22.5792,3.91779
22.5792,3.93422
22.5792,3.9512
22.5792,3.96898
22.5792,3.98558
22.5792,4.00104
22.5792,4.01795
22.5792,4.03465
22.5792,4.05273
22.5792,4.06887
22.5792,4.08454
22.5792,4.10121
22.5792,4.1178
22.5792,4.136
22.5792,4.15218
22.5792,4.16913
22.5792,4.18531
22.5792,4.20144
22.5792,4.21771
22.5792,4.23463
22.5792,4.25147
22.5792,4.27034
22.5792,4.28577
22.5792,4.30362
22.5792,4.31835
22.5792,4.33477
22.5792,4.35155
22.5792,4.36807
22.5792,4.38587
22.5792,4.40136
22.5792,4.41755
22.5792,4.43436
22.5792,4.45205
22.5792,4.4682
22.5792,4.48593
22.5792,4.50227
22.5792,4.51871
22.7077,4.53444
22.7077,4.55359
22.7077,4.56771
22.7077,4.58577
22.7077,4.60245
22.7077,4.61804
22.7077,4.63416
22.7077,4.65367
22.7077,4.66858
22.7077,4.68464
22.7077,4.70144
22.7077,4.71845
22.7077,4.73609
22.7077,4.75217
22.7077,4.76819
22.7077,4.78469
22.7077,4.80265
22.7077,4.81925
22.7077,4.83442
22.7077,4.8517
22.7077,4.86923
22.7077,4.88464
22.7077,4.90284
22.7077,4.91769
22.7077,4.93555
22.7077,4.9517
22.7077,4.96743
22.7077,4.9872
22.7077,5.0014
22.7077,5.01902
22.7077,5.03533
22.7077,5.05109
22.7077,5.06805
22.7077,5.08508
22.7077,5.1024
22.7077,5.11826
22.7077,5.1349
22.7077,5.15281
22.7077,5.16902
22.7077,5.18463
22.7077,5.20257
22.7077,5.22029
22.7077,5.2348
22.7077,5.25114
22.7077,5.26778
22.7077,5.28604
22.7077,5.30212
22.7077,5.31816
22.7077,5.33732
22.7077,5.3514
22.7077,5.36897
22.7077,5.3851
22.7077,5.40172
22.7589,5.41949
22.7589,5.43595
22.7589,5.45361
22.7589,5.46921
22.7589,5.48496
22.7589,5.5018
22.7589,5.51896
22.7589,5.53494
22.7589,5.55099
22.7589,5.56912
22.7589,5.58475
22.7589,5.60123
22.7589,5.61797
22.7589,5.63583
22.7589,5.65178
22.7589,5.66842
22.7589,5.68696
22.7589,5.70262
22.7589,5.72035
22.7589,5.73571
22.7589,5.75226
22.7589,5.768
22.7589,5.78691
22.7589,5.80144
22.7589,5.8184
22.7589,5.83518
22.7589,5.85262
22.7589,5.86894
22.7589,5.88556
22.7589,5.90143
22.7589,5.9176
22.7589,5.93547
22.7589,5.95161
22.7589,5.96765
22.7589,5.98587
22.7589,6.00201
22.7589,6.01821
22.7589,6.0347
22.7589,6.05229
22.7589,6.0679
22.7589,6.08697
22.7589,6.1022
22.7589,6.11896
22.7589,6.13491
22.7589,6.15216
22.7589,6.16814
22.7589,6.18438
22.7589,6.20241
22.7589,6.21856
22.7589,6.23483
22.7589,6.25145
22.7589,6.26885
22.9136,6.28601
22.9136,6.30207
22.9136,6.318
22.9136,6.33493
22.9136,6.35122
22.9136,6.36855
22.9136,6.38519
22.9136,6.40111
22.9136,6.41916
22.9136,6.43536
22.9136,6.45104
22.9136,6.46797
22.9136,6.48534
22.9136,6.50214
22.9136,6.51824
22.9136,6.53441
22.9136,6.5517
22.9136,6.56799
22.9136,6.5853
22.9136,6.60136
22.9136,6.61764
22.9136,6.63565
22.9136,6.65191
22.9136,6.66903
22.9136,6.68552
22.9136,6.70123
22.9136,6.71923
22.9136,6.73542
22.9136,6.75156
22.9136,6.76834
22.9136,6.78558
22.9136,6.80242
22.9136,6.81847
22.9136,6.83459
22.9136,6.85224
22.9136,6.86844
22.9136,6.88578
22.9136,6.90175
22.9136,6.91812
22.9136,6.93546
22.9136,6.95152
22.9136,6.9679
22.9136,6.98489
22.9136,7.001
22.9136,7.019
22.9136,7.03496
22.9136,7.05154
22.9136,7.06777
22.9136,7.08514
22.9136,7.10182
22.9136,7.11768
22.9136,7.13436
23.2902,7.15121
23.2902,7.1695
23.2902,7.18474
23.2902,7.20359
23.2902,7.21835
23.2902,7.23462
23.2902,7.25378
23.2902,7.26907
23.2902,7.28711
23.2902,7.30258
23.2902,7.31823
23.2902,7.33436
23.2902,7.35266
23.2902,7.36881
23.2902,7.38482
23.2902,7.40278
23.2902,7.41909
23.2902,7.43415
23.2902,7.45096
23.2902,7.46941
23.2902,7.48472
23.2902,7.50097
23.2902,7.51787
23.2902,7.53501
23.2902,7.55084
23.2902,7.56761
23.2902,7.58699
23.2902,7.60246
23.2902,7.61764
23.2902,7.63584
23.2902,7.65234
23.2902,7.66894
23.2902,7.68463
23.2902,7.70265
23.2902,7.71882
23.2902,7.73433
23.2902,7.75129
23.2902,7.76867
23.2902,7.78588
23.2902,7.80229
23.2902,7.8182
23.2902,7.83581
23.2902,7.85198
23.2902,7.86836
23.2902,7.88442
23.2902,7.90111
23.2902,7.91769
23.2902,7.93695
23.2902,7.95146
23.2902,7.96755
23.2902,7.98578
23.4094,8.00113
23.4094,8.01763
23.4094,8.03598
23.4094,8.05259
23.4094,8.06812
23.4094,8.08606
23.4094,8.10217
23.4094,8.11749
23.4094,8.13423
23.4094,8.15157
23.4094,8.16821
23.4094,8.18705
23.4094,8.20154
23.4094,8.21927
23.4094,8.23611
23.4094,8.25129
23.4094,8.26954
23.4094,8.28423
23.4094,8.30146
23.4094,8.32057
23.4094,8.33752
23.4094,8.35287
23.4094,8.3689
23.4094,8.38696
23.4094,8.40184
23.4094,8.41785
23.4094,8.43484
23.4094,8.45283
23.4094,8.46813
23.4094,8.4859
23.4094,8.50224
23.4094,8.51861
23.4094,8.5371
23.4094,8.55196
23.4094,8.56792
23.4094,8.58586
23.4094,8.60227
23.4094,8.61762
23.4094,8.63534
23.4094,8.65145
23.4094,8.66754
23.4094,8.68692
23.4094,8.70137
23.4094,8.71902
23.4094,8.73513
23.4094,8.75099
23.4094,8.77074
23.4094,8.78463
23.4094,8.80129
23.4094,8.81945
23.4094,8.83492
23.6661,8.85142
23.6661,8.86856
23.6661,8.8856
23.6661,8.90135
23.6661,8.91767
23.6661,8.93595
23.6661,8.95253
23.6661,8.96773
23.6661,8.98588
23.6661,9.00141
23.6661,9.01914
23.6661,9.03547
23.6661,9.05217
23.6661,9.06802
23.6661,9.08531
23.6661,9.1026
23.6661,9.11858
23.6661,9.1351
23.6661,9.15114
23.6661,9.16845
23.6661,9.18606
23.6661,9.20207
23.6661,9.21856
23.6661,9.2345
23.6661,9.25201
23.6661,9.26761
23.6661,9.28584
23.6661,9.30284
23.6661,9.31872
23.6661,9.33473
23.6661,9.35217
23.6661,9.36753
23.6661,9.38603
23.6661,9.4019
23.6661,9.41858
23.6661,9.43476
23.6661,9.45288
23.6661,9.4693
23.6661,9.48508
23.6661,9.50165
23.6661,9.51833
23.6661,9.53724
23.6661,9.55416
23.6661,9.56936
23.6661,9.58488
23.6661,9.6024
23.6661,9.61769
23.6661,9.6372
23.6661,9.65244
23.6661,9.66828
23.8738,9.68611
23.8738,9.70159
23.8738,9.71782
23.8738,9.73455
23.8738,9.75256
23.8738,9.76838
23.8738,9.78427
23.8738,9.80128
23.8738,9.81785
23.8738,9.83521
23.8738,9.8522
23.8738,9.86774
23.8738,9.88733
23.8738,9.90249
23.8738,9.91807
23.8738,9.93574
23.8738,9.9512
23.8738,9.96818
23.8738,9.98695
23.8738,10.002
23.8738,10.0177
23.8738,10.0348
23.8738,10.0541
23.8738,10.0692
23.8738,10.0849
23.8738,10.1025
23.8738,10.1183
23.8738,10.1345
23.8738,10.1512
23.8738,10.1687
23.8738,10.1864
23.8738,10.2016
23.8738,10.2176
23.8738,10.2343
23.8738,10.2518
23.8738,10.2684
23.8738,10.2861
23.8738,10.302
23.8738,10.318
23.8738,10.335
23.8738,10.3529
23.8738,10.3688
23.8738,10.3852
23.8738,10.401
23.8738,10.4177
23.8738,10.4356
23.8738,10.4515
23.8738,10.4678
23.8738,10.4859
23.8738,10.5012
24.1082,10.5179
24.1082,10.5356
24.1082,10.551
24.1082,10.5691
24.1082,10.5863
24.1082,10.6022
24.1082,10.6196
24.1082,10.6345
24.1082,10.6518
24.1082,10.6681
24.1082,10.6845
24.1082,10.7018
24.1082,10.719
24.1082,10.7344
24.1082,10.7536
24.1082,10.7687
24.1082,10.7853
24.1082,10.8028
24.1082,10.8183
24.1082,10.8344
24.1082,10.8526
24.1082,10.868
24.1082,10.885
24.1082,10.9027
24.1082,10.9184
24.1082,10.9343
24.1082,10.9509
24.1082,10.9678
24.1082,10.9847
24.1082,11.0014
24.1082,11.0192
24.1082,11.0358
24.1082,11.052
24.1082,11.0691
24.1082,11.0861
24.1082,11.1013
24.1082,11.1206
24.1082,11.1357
24.1082,11.1517
24.1082,11.1703
24.1082,11.1856
24.1082,11.2016
24.1082,11.2203
24.1082,11.2344
24.1082,11.2518
24.1082,11.2696
24.1082,11.2854
24.1082,11.3015
24.1082,11.3177
24.5132,11.3356
24.5132,11.3511
24.5132,11.3688
24.5132,11.3847
24.5132,11.4015
24.5132,11.4177
24.5132,11.4347
24.5132,11.4518
24.5132,11.4693
24.5132,11.4851
24.5132,11.5011
24.5132,11.5177
24.5132,11.5355
24.5132,11.5511
24.5132,11.5689
24.5132,11.5848
24.5132,11.601
24.5132,11.6182
24.5132,11.6344
24.5132,11.6518
24.5132,11.6676
24.5132,11.6844
24.5132,11.7009
24.5132,11.7181
24.5132,11.7354
24.5132,11.7512
24.5132,11.7694
24.5132,11.7854
24.5132,11.8018
24.5132,11.8176
24.5132,11.8356
24.5132,11.8514
24.5132,11.8692
24.5132,11.8849
24.5132,11.9016
24.5132,11.9184
24.5132,11.9344
24.5132,11.9524
24.5132,11.9677
24.5132,11.9864
24.5132,12.0037
24.5132,12.0185
24.5132,12.0345
24.5132,12.0513
24.5132,12.0681
24.5132,12.0849
24.5132,12.1012
24.5132,12.1186
24.7278,12.1362
24.7278,12.152
24.7278,12.1676
24.7278,12.1843
24.7278,12.2009
24.7278,12.2187
24.7278,12.2348
24.7278,12.2508
24.7278,12.2679
24.7278,12.2844
24.7278,12.3015
24.7278,12.3191
24.7278,12.3351
24.7278,12.3512
24.7278,12.3676
24.7278,12.3844
24.7278,12.402
24.7278,12.4179
24.7278,12.4361
24.7278,12.4515
24.7278,12.4697
24.7278,12.4859
24.7278,12.5011
24.7278,12.5183
24.7278,12.5369
24.7278,12.5522
24.7278,12.568
24.7278,12.5853
24.7278,12.6025
24.7278,12.6178
24.7278,12.6358
24.7278,12.6524
24.7278,12.6687
24.7278,12.6849
24.7278,12.7019
24.7278,12.7203
24.7278,12.7358
24.7278,12.7519
24.7278,12.7675
24.7278,12.7852
24.7278,12.8024
24.7278,12.8193
24.7278,12.8355
24.7278,12.8515
24.7278,12.8678
24.7278,12.8843
24.7278,12.9012
24.7278,12.9188
25,12.9362
25,12.952
25,12.9683
25,12.9848
25,13.0036
25,13.018
25,13.0346
25,13.0526
25,13.0681
25,13.0845
25,13.1013
25,13.1183
25,13.1355
25,13.1512
25,13.1705
25,13.1856
25,13.2015
25,13.2193
25,13.2347
25,13.252
25,13.2703
25,13.2861
25,13.3021
25,13.3188
25,13.3356
25,13.3537
25,13.3679
25,13.3857
25,13.4016
25,13.4208
25,13.4369
25,13.4514
25,13.4682
25,13.4858
25,13.5016
25,13.5181
25,13.5345
25,13.5518
25,13.5691
25,13.5849
25,13.6024
25,13.6195
25,13.635
25,13.6524
25,13.6695
25,13.6842
25,13.7019
25.4077,13.7186
25.4077,13.7345
25.4077,13.7517
25.4077,13.7704
25.4077,13.7848
25.4077,13.8024
25.4077,13.818
25.4077,13.8361
25.4077,13.8521
25.4077,13.8684
25.4077,13.8852
25.4077,13.9023
25.4077,13.9193
25.4077,13.9348
25.4077,13.9515
25.4077,13.9707
25.4077,13.9859
25.4077,14.0011
25.4077,14.0178
25.4077,14.0354
25.4077,14.0512
25.4077,14.0685
25.4077,14.0846
25.4077,14.1018
25.4077,14.1184
25.4077,14.1357
25.4077,14.1527
25.4077,14.1684
25.4077,14.1845
25.4077,14.2014
25.4077,14.2183
25.4077,14.2353
25.4077,14.2511
25.4077,14.2677
25.4077,14.2854
25.4077,14.3013
25.4077,14.3186
25.4077,14.3354
25.4077,14.3526
25.4077,14.3681
25.4077,14.3861
25.4077,14.402
25.4077,14.4188
25.4077,14.4351
25.4077,14.4518
25.4077,14.4688
25.4077,14.4844
25.5854,14.5036
25.5854,14.5186
25.5854,14.5344
25.5854,14.5511
25.5854,14.5677
25.5854,14.5851
25.5854,14.6015
25.5854,14.6187
25.5854,14.6343
25.5854,14.651
25.5854,14.6675
25.5854,14.6863
25.5854,14.7012
25.5854,14.7176
25.5854,14.7359
25.5854,14.7518
25.5854,14.7677
25.5854,14.7845
25.5854,14.801
25.5854,14.8204
25.5854,14.8374
25.5854,14.8513
25.5854,14.869
25.5854,14.8849
25.5854,14.9028
25.5854,14.9182
25.5854,14.9354
25.5854,14.9529
25.5854,14.9676
25.5854,14.9853
25.5854,15.0015
25.5854,15.0194
25.5854,15.035
25.5854,15.0518
25.5854,15.0687
25.5854,15.0853
25.5854,15.1009
25.5854,15.119
25.5854,15.1344
25.5854,15.1511
25.5854,15.1686
25.5854,15.185
25.5854,15.202
25.5854,15.218
25.5854,15.237
25.5854,15.252
25.5854,15.2686
25.8736,15.2854
25.8736,15.3019
25.8736,15.3178
25.8736,15.3346
25.8736,15.352
25.8736,15.3704
25.8736,15.3849
25.8736,15.404
25.8736,15.4187
25.8736,15.4361
25.8736,15.4538
25.8736,15.4676
25.8736,15.4853
25.8736,15.5021
25.8736,15.5178
25.8736,15.5343
25.8736,15.5516
25.8736,15.5677
25.8736,15.5849
25.8736,15.6016
25.8736,15.6183
25.8736,15.636
25.8736,15.6512
25.8736,15.6681
25.8736,15.6852
25.8736,15.7023
25.8736,15.7192
25.8736,15.7353
25.8736,15.7515
25.8736,15.7682
25.8736,15.7843
25.8736,15.8016
25.8736,15.8184
25.8736,15.8347
25.8736,15.8519
25.8736,15.8689
25.8736,15.8854
25.8736,15.901
25.8736,15.9183
25.8736,15.9362
25.8736,15.9512
25.8736,15.9682
25.8736,15.9851
25.8736,16.0013
25.8736,16.0187
26.3029,16.0369
26.3029,16.0518
26.3029,16.0684
26.3029,16.0845
26.3029,16.1023
26.3029,16.1194
26.3029,16.1363
26.3029,16.1512
26.3029,16.1691
26.3029,16.1861
26.3029,16.2017
26.3029,16.2179
26.3029,16.2349
26.3029,16.2512
26.3029,16.2679
26.3029,16.2843
26.3029,16.3028
26.3029,16.3182
26.3029,16.3356
26.3029,16.3512
26.3029,16.3678
26.3029,16.3859
26.3029,16.4019
26.3029,16.4191
26.3029,16.4348
26.3029,16.4522
26.3029,16.4676
26.3029,16.486
26.3029,16.5018
26.3029,16.5178
26.3029,16.5357
26.3029,16.5517
26.3029,16.5688
26.3029,16.5844
26.3029,16.6022
26.3029,16.6179
26.3029,16.6349
26.3029,16.6537
26.3029,16.6677
26.3029,16.6862
26.3029,16.7021
26.3029,16.7188
26.3029,16.7344
26.3029,16.7516
26.3029,16.7691
26.5628,16.7856
26.5628,16.8019
26.5628,16.8179
26.5628,16.8358
26.5628,16.8518
26.5628,16.8684
26.5628,16.8844
26.5628,16.9038
26.5628,16.9189
26.5628,16.9357
26.5628,16.9529
26.5628,16.9676
26.5628,16.9847
26.5628,17.0032
26.5628,17.0178
26.5628,17.037
26.5628,17.0528
26.5628,17.0682
26.5628,17.0856
26.5628,17.1011
26.5628,17.1185
26.5628,17.1343
26.5628,17.1517
26.5628,17.1689
26.5628,17.1853
26.5628,17.2014
26.5628,17.2191
26.5628,17.237
26.5628,17.2518
26.5628,17.2683
26.5628,17.2875
26.5628,17.3013
26.5628,17.3184
26.5628,17.335
26.5628,17.3529
26.5628,17.3686
26.5628,17.386
26.5628,17.4013
26.5628,17.4178
26.5628,17.4361
26.5628,17.4517
26.5628,17.4695
26.5628,17.4849
26.5628,17.5017
26.5628,17.5178
26.8517,17.5361
26.8517,17.5515
26.8517,17.571
26.8517,17.5858
26.8517,17.6016
26.8517,17.6207
26.8517,17.6344
26.8517,17.6521
26.8517,17.6685
26.8517,17.685
26.8517,17.7025
26.8517,17.7204
26.8517,17.735
26.8517,17.751
26.8517,17.7689
26.8517,17.7848
26.8517,17.8016
26.8517,17.8198
26.8517,17.8371
26.8517,17.8532
26.8517,17.8692
26.8517,17.8846
26.8517,17.9042
26.8517,17.919
26.8517,17.9344
26.8517,17.9535
26.8517,17.9683
26.8517,17.9858
26.8517,18.0014
26.8517,18.0196
26.8517,18.0359
26.8517,18.0522
26.8517,18.0706
26.8517,18.0872
26.8517,18.1019
26.8517,18.1176
26.8517,18.1362
26.8517,18.1516
26.8517,18.1693
26.8517,18.1846
26.8517,18.2011
26.8517,18.2193
26.8517,18.2348
26.8517,18.2529
27.1997,18.2693
27.1997,18.285
27.1997,18.301
27.1997,18.3195
27.1997,18.3348
27.1997,18.3524
27.1997,18.368
27.1997,18.3849
27.1997,18.404
27.1997,18.4192
27.1997,18.4371
27.1997,18.4526
27.1997,18.4683
27.1997,18.4863
27.1997,18.5017
27.1997,18.5178
27.1997,18.5353
27.1997,18.5514
27.1997,18.5683
27.1997,18.5846
27.1997,18.6025
27.1997,18.618
27.1997,18.6345
27.1997,18.6522
27.1997,18.6679
27.1997,18.6844
27.1997,18.7011
27.1997,18.7182
27.1997,18.7353
27.1997,18.7536
27.1997,18.7684
27.1997,18.7851
27.1997,18.8016
27.1997,18.8177
27.1997,18.8355
27.1997,18.8524
27.1997,18.8694
27.1997,18.8848
27.1997,18.9029
27.1997,18.9181
27.1997,18.9358
27.1997,18.9515
27.1997,18.9694
27.1997,18.9845
27.3283,19.0012
27.3283,19.0184
27.3283,19.0349
27.3283,19.0527
27.3283,19.0683
27.3283,19.0849
27.3283,19.1015
27.3283,19.1193
27.3283,19.1353
27.3283,19.1527
27.3283,19.1689
27.3283,19.1847
27.3283,19.2018
27.3283,19.2185
27.3283,19.2359
27.3283,19.2515
27.3283,19.2679
27.3283,19.2844
27.3283,19.3042
27.3283,19.318
27.3283,19.3359
27.3283,19.352
27.3283,19.3679
27.3283,19.3862
27.3283,19.4018
27.3283,19.4193
27.3283,19.4357
27.3283,19.4513
27.3283,19.4692
27.3283,19.4845
27.3283,19.5015
27.3283,19.5194
27.3283,19.5346
27.3283,19.5515
27.3283,19.5682
27.3283,19.585
27.3283,19.6015
27.3283,19.618
27.3283,19.6362
27.3283,19.6523
27.3283,19.6681
27.3283,19.6861
27.3283,19.7017
27.7743,19.7181
27.7743,19.7363
27.7743,19.751
27.7743,19.7691
27.7743,19.7844
27.7743,19.8018
27.7743,19.8181
27.7743,19.8352
27.7743,19.8511
27.7743,19.8687
27.7743,19.885
27.7743,19.9024
27.7743,19.918
27.7743,19.9358
27.7743,19.9511
27.7743,19.9684
27.7743,19.9859
27.7743,20.0016
27.7743,20.0192
27.7743,20.035
27.7743,20.0514
27.7743,20.0676
27.7743,20.0847
27.7743,20.1011
27.7743,20.1195
27.7743,20.1352
27.7743,20.1529
27.7743,20.1681
27.7743,20.1857
27.7743,20.2011
27.7743,20.2187
27.7743,20.2359
27.7743,20.2513
27.7743,20.2695
27.7743,20.2847
27.7743,20.3028
27.7743,20.3179
27.7743,20.3354
27.7743,20.3516
27.7743,20.3683
27.7743,20.3849
27.7743,20.4037
27.7743,20.4185
28.1622,20.4357
28.1622,20.4541
28.1622,20.469
28.1622,20.4868
28.1622,20.5024
28.1622,20.5204
28.1622,20.5353
28.1622,20.553
28.1622,20.5683
28.1622,20.5861
28.1622,20.6011
28.1622,20.6207
28.1622,20.6345
28.1622,20.6522
28.1622,20.6685
28.1622,20.6854
28.1622,20.7011
28.1622,20.7191
28.1622,20.7373
28.1622,20.7519
28.1622,20.7688
28.1622,20.7848
28.1622,20.8023
28.1622,20.8195
28.1622,20.8347
28.1622,20.8519
28.1622,20.8693
28.1622,20.8844
28.1622,20.902
28.1622,20.9185
28.1622,20.9344
28.1622,20.9515
28.1622,20.9694
28.1622,20.9853
28.1622,21.003
28.1622,21.0182
28.1622,21.0349
28.1622,21.0527
28.1622,21.0695
28.1622,21.0845
28.1622,21.1023
28.1622,21.1201
28.4196,21.1353
28.4196,21.1524
28.4196,21.1709
28.4196,21.1854
28.4196,21.2025
28.4196,21.218
28.4196,21.2349
28.4196,21.2523
28.4196,21.2678
28.4196,21.2868
28.4196,21.3019
28.4196,21.318
28.4196,21.3351
28.4196,21.3519
28.4196,21.3678
28.4196,21.3844
28.4196,21.4018
28.4196,21.4194
28.4196,21.4373
28.4196,21.4537
28.4196,21.4678
28.4196,21.4852
28.4196,21.5022
28.4196,21.5177
28.4196,21.5349
28.4196,21.5519
28.4196,21.569
28.4196,21.5875
28.4196,21.6019
28.4196,21.6187
28.4196,21.6371
28.4196,21.6511
28.4196,21.6693
28.4196,21.6849
28.4196,21.7059
28.4196,21.7178
28.4196,21.7351
28.4196,21.7511
28.4196,21.7693
28.4196,21.7848
28.4196,21.8018
28.4196,21.8197
28.7935,21.8362
28.7935,21.8517
28.7935,21.8684
28.7935,21.8858
28.7935,21.9024
28.7935,21.9199
28.7935,21.936
28.7935,21.9541
28.7935,21.968
28.7935,21.9846
28.7935,22.0024
28.7935,22.0188
28.7935,22.0347
28.7935,22.052
28.7935,22.0694
28.7935,22.0849
28.7935,22.102
28.7935,22.1192
28.7935,22.1356
28.7935,22.153
28.7935,22.1692
28.7935,22.1844
28.7935,22.2029
28.7935,22.218
28.7935,22.2361
28.7935,22.2515
28.7935,22.2697
28.7935,22.2851
28.7935,22.301
28.7935,22.319
28.7935,22.335
28.7935,22.3538
28.7935,22.3678
28.7935,22.3854
28.7935,22.4013
28.7935,22.4183
28.7935,22.4345
28.7935,22.4523
28.7935,22.4678
28.7935,22.4848
28.7935,22.502
29.2896,22.519
29.2896,22.5345
29.2896,22.5529
29.2896,22.5684
29.2896,22.585
29.2896,22.6022
29.2896,22.6186
29.2896,22.6355
29.2896,22.6523
29.2896,22.6704
29.2896,22.6863
29.2896,22.7016
29.2896,22.7183
29.2896,22.7345
29.2896,22.7525
29.2896,22.7678
29.2896,22.7848
29.2896,22.8021
29.2896,22.8189
29.2896,22.8362
29.2896,22.8526
29.2896,22.8706
29.2896,22.8866
29.2896,22.9016
29.2896,22.9178
29.2896,22.9358
29.2896,22.9523
29.2896,22.9696
29.2896,22.986
29.2896,23.0012
29.2896,23.0184
29.2896,23.0347
29.2896,23.0511
29.2896,23.069
29.2896,23.0849
29.2896,23.1026
29.2896,23.1184
29.2896,23.1377
29.2896,23.1511
29.2896,23.1682
29.2896,23.1851
29.3581,23.2022
29.3581,23.2182
29.3581,23.236
29.3581,23.2511
29.3581,23.2694
29.3581,23.2851
29.3581,23.3036
29.3581,23.3184
29.3581,23.3349
29.3581,23.3518
29.3581,23.3687
29.3581,23.3854
29.3581,23.4026
29.3581,23.4178
29.3581,23.4361
29.3581,23.4513
29.3581,23.4682
29.3581,23.485
29.3581,23.5014
29.3581,23.5182
29.3581,23.5356
29.3581,23.5528
29.3581,23.5681
29.3581,23.5846
29.3581,23.602
29.3581,23.6184
29.3581,23.6357
29.3581,23.6517
29.3581,23.6691
29.3581,23.6851
29.3581,23.7011
29.3581,23.7185
29.3581,23.7354
29.3581,23.7528
29.3581,23.7699
29.3581,23.7849
29.3581,23.8038
29.3581,23.8182
29.3581,23.8371
29.3581,23.8514
29.552,23.8691
29.552,23.8857
29.552,23.902
29.552,23.9191
29.552,23.9347
29.552,23.9525
29.552,23.9687
29.552,23.9862
29.552,24.0019
29.552,24.0192
29.552,24.0358
29.552,24.0521
29.552,24.0691
29.552,24.0858
29.552,24.1013
29.552,24.1194
29.552,24.1357
29.552,24.1529
29.552,24.1691
29.552,24.1863
29.552,24.2013
29.552,24.2193
29.552,24.2351
29.552,24.2524
29.552,24.2683
29.552,24.2857
29.552,24.301
29.552,24.319
29.552,24.3348
29.552,24.3537
29.552,24.369
29.552,24.3846
29.552,24.4022
29.552,24.4197
29.552,24.4345
29.552,24.4524
29.552,24.4683
29.552,24.4855
29.552,24.5017
29.552,24.5189
29.9944,24.5344
29.9944,24.5523
29.9944,24.571
29.9944,24.5854
29.9944,24.6039
29.9944,24.6184
29.9944,24.6361
29.9944,24.6516
29.9944,24.6694
29.9944,24.6846
29.9944,24.7027
29.9944,24.7178
29.9944,24.7361
29.9944,24.7512
29.9944,24.7694
29.9944,24.7846
29.9944,24.8037
29.9944,24.8182
29.9944,24.8371
29.9944,24.8513
29.9944,24.8692
29.9944,24.8864
29.9944,24.9021
29.9944,24.9194
29.9944,24.9351
29.9944,24.9521
29.9944,24.9679
29.9944,24.985
29.9944,25.0011
29.9944,25.0182
29.9944,25.0361
29.9944,25.0511
29.9944,25.069
29.9944,25.085
29.9944,25.1015
29.9944,25.1207
29.9944,25.1344
29.9944,25.153
29.9944,25.1697
29.9944,25.1863
30.2712,25.2023
30.2712,25.2191
30.2712,25.2355
30.2712,25.2521
30.2712,25.2684
30.2712,25.2851
30.2712,25.3015
30.2712,25.3181
30.2712,25.3361
30.2712,25.3527
30.2712,25.3687
30.2712,25.3847
30.2712,25.4014
30.2712,25.4183
30.2712,25.4357
30.2712,25.4511
30.2712,25.4687
30.2712,25.4844
30.2712,25.5013
30.2712,25.5184
30.2712,25.5374
30.2712,25.5517
30.2712,25.5691
30.2712,25.5865
30.2712,25.6014
30.2712,25.619
30.2712,25.6363
30.2712,25.6514
30.2712,25.6692
30.2712,25.6875
30.2712,25.7021
30.2712,25.7206
30.2712,25.7348
30.2712,25.7521
30.2712,25.7689
30.2712,25.7864
30.2712,25.8015
30.2712,25.819
30.2712,25.8346
30.7011,25.8517
30.7011,25.8708
30.7011,25.8872
30.7011,25.9029
30.7011,25.9196
30.7011,25.9358
30.7011,25.9516
30.7011,25.968
30.7011,25.9861
30.7011,26.0018
30.7011,26.0187
30.7011,26.0344
30.7011,26.0512
30.7011,26.0679
30.7011,26.0853
30.7011,26.1019
30.7011,26.1176
30.7011,26.1345
30.7011,26.1539
30.7011,26.1697
30.7011,26.1847
30.7011,26.2014
30.7011,26.2196
30.7011,26.2353
30.7011,26.2524
30.7011,26.2705
30.7011,26.2847
30.7011,26.3027
30.7011,26.3179
30.7011,26.3353
30.7011,26.3522
30.7011,26.3694
30.7011,26.3845
30.7011,26.4023
30.7011,26.4179
30.7011,26.4351
30.7011,26.4513
30.7011,26.4678
30.7011,26.4862
30.84,26.5023
30.84,26.518
30.84,26.5361
30.84,26.5513
30.84,26.5683
30.84,26.5849
30.84,26.6024
30.84,26.6179
30.84,26.635
30.84,26.6512
30.84,26.6709
30.84,26.6864
30.84,26.7014
30.84,26.7181
30.84,26.7356
30.84,26.7543
30.84,26.7684
30.84,26.7858
30.84,26.8029
30.84,26.8183
30.84,26.8354
30.84,26.8522
30.84,26.8709
30.84,26.8862
30.84,26.9021
30.84,26.9183
30.84,26.9345
30.84,26.9524
30.84,26.9677
30.84,26.9851
30.84,27.0014
30.84,27.0189
30.84,27.0349
30.84,27.0541
30.84,27.0684
30.84,27.0857
30.84,27.1024
30.84,27.1179
31.2629,27.1348
31.2629,27.1525
31.2629,27.1699
31.2629,27.1875
31.2629,27.2016
31.2629,27.2188
31.2629,27.2362
31.2629,27.2519
31.2629,27.2686
31.2629,27.2844
31.2629,27.3031
31.2629,27.319
31.2629,27.3348
31.2629,27.3516
31.2629,27.368
31.2629,27.3847
31.2629,27.4018
31.2629,27.4177
31.2629,27.4359
31.2629,27.4515
31.2629,27.4697
31.2629,27.4874
31.2629,27.5014
31.2629,27.5187
31.2629,27.5357
31.2629,27.5522
31.2629,27.5704
31.2629,27.5854
31.2629,27.6028
31.2629,27.6189
31.2629,27.6346
31.2629,27.6518
31.2629,27.6679
31.2629,27.6853
31.2629,27.7017
31.2629,27.7195
31.2629,27.7351
31.2629,27.7525
31.6786,27.7693
31.6786,27.7863
31.6786,27.8038
31.6786,27.8179
31.6786,27.8352
31.6786,27.8526
31.6786,27.8683
31.6786,27.886
31.6786,27.9019
31.6786,27.9182
31.6786,27.9349
31.6786,27.9512
31.6786,27.9691
31.6786,27.9851
31.6786,28.0025
31.6786,28.0194
31.6786,28.0372
31.6786,28.0538
31.6786,28.0679
31.6786,28.0847
31.6786,28.1021
31.6786,28.1184
31.6786,28.1349
31.6786,28.1518
31.6786,28.168
31.6786,28.1856
31.6786,28.2016
31.6786,28.2195
31.6786,28.2357
31.6786,28.2529
31.6786,28.2692
31.6786,28.2862
31.6786,28.3029
31.6786,28.3178
31.6786,28.3373
31.6786,28.3522
31.6786,28.3697
31.6786,28.3858
32.0004,28.4021
32.0004,28.4178
32.0004,28.4372
32.0004,28.4519
32.0004,28.4705
32.0004,28.4872
32.0004,28.5015
32.0004,28.518
32.0004,28.5351
32.0004,28.5517
32.0004,28.5692
32.0004,28.5847
32.0004,28.6025
32.0004,28.6187
32.0004,28.6345
32.0004,28.6527
32.0004,28.6691
32.0004,28.6844
32.0004,28.7039
32.0004,28.718
32.0004,28.7345
32.0004,28.7516
32.0004,28.7696
32.0004,28.7848
32.0004,28.8025
32.0004,28.8184
32.0004,28.8347
32.0004,28.8511
32.0004,28.8686
32.0004,28.8877
32.0004,28.9022
32.0004,28.9188
32.0004,28.9352
32.0004,28.9515
32.0004,28.9684
32.0004,28.9861
32.0004,29.0012
32.4434,29.0183
32.4434,29.0344
32.4434,29.0525
32.4434,29.0684
32.4434,29.0855
32.4434,29.1023
32.4434,29.1192
32.4434,29.1351
32.4434,29.1518
32.4434,29.1696
32.4434,29.1847
32.4434,29.202
32.4434,29.2178
32.4434,29.2363
32.4434,29.2514
32.4434,29.2693
32.4434,29.2859
32.4434,29.3023
32.4434,29.3185
32.4434,29.3352
32.4434,29.353
32.4434,29.3682
32.4434,29.3851
32.4434,29.4016
32.4434,29.4186
32.4434,29.4374
32.4434,29.4518
32.4434,29.4684
32.4434,29.4846
32.4434,29.5025
32.4434,29.5183
32.4434,29.5347
32.4434,29.5511
32.4434,29.5706
32.4434,29.5853
32.4434,29.6026
32.9006,29.6185
32.9006,29.6349
32.9006,29.6515
32.9006,29.6686
32.9006,29.6859
32.9006,29.7012
32.9006,29.7181
32.9006,29.7349
32.9006,29.7529
32.9006,29.7689
32.9006,29.7851
32.9006,29.8015
32.9006,29.8181
32.9006,29.8362
32.9006,29.8518
32.9006,29.8682
32.9006,29.8861
32.9006,29.9031
32.9006,29.919
32.9006,29.9349
32.9006,29.9519
32.9006,29.9686
32.9006,29.9863
32.9006,30.0012
32.9006,30.0182
32.9006,30.0359
32.9006,30.0529
32.9006,30.0685
32.9006,30.0846
32.9006,30.1029
32.9006,30.1193
32.9006,30.1359
32.9006,30.1517
32.9006,30.1686
32.9006,30.1857
32.9006,30.203
33.3445,30.2182
33.3445,30.2372
33.3445,30.2523
33.3445,30.2686
33.3445,30.2847
33.3445,30.3017
33.3445,30.3192
33.3445,30.3352
33.3445,30.3519
33.3445,30.3696
33.3445,30.3867
33.3445,30.4013
33.3445,30.419
33.3445,30.4354
33.3445,30.4525
33.3445,30.4695
33.3445,30.4848
33.3445,30.5017
33.3445,30.5192
33.3445,30.535
33.3445,30.5515
33.3445,30.5685
33.3445,30.586
33.3445,30.6027
33.3445,30.6189
33.3445,30.6351
33.3445,30.6513
33.3445,30.6696
33.3445,30.6845
33.3445,30.702
33.3445,30.7188
33.3445,30.7358
33.3445,30.7519
33.3445,30.7692
33.3445,30.7857
33.3445,30.8016
33.7596,30.8181
33.7596,30.8362
33.7596,30.8515
33.7596,30.8706
33.7596,30.8846
33.7596,30.9025
33.7596,30.9186
33.7596,30.9358
33.7596,30.9517
33.7596,30.9697
33.7596,30.9845
33.7596,31.0022
33.7596,31.0197
33.7596,31.0366
33.7596,31.0523
33.7596,31.0692
33.7596,31.085
33.7596,31.1023
33.7596,31.1195
33.7596,31.1346
33.7596,31.1525
33.7596,31.1686
33.7596,31.185
33.7596,31.2027
33.7596,31.2195
33.7596,31.2364
33.7596,31.2513
33.7596,31.2701
33.7596,31.2855
33.7596,31.3025
33.7596,31.3186
33.7596,31.3365
33.7596,31.3511
33.7596,31.3688
33.7596,31.3871
34.0684,31.402
34.0684,31.4179
34.0684,31.4345
34.0684,31.4519
34.0684,31.4693
34.0684,31.4862
34.0684,31.5021
34.0684,31.518
34.0684,31.5345
34.0684,31.5543
34.0684,31.5709
34.0684,31.5854
34.0684,31.6024
34.0684,31.6183
34.0684,31.6363
34.0684,31.6511
34.0684,31.6708
34.0684,31.6844
34.0684,31.7022
34.0684,31.7188
34.0684,31.7359
34.0684,31.7516
34.0684,31.7698
34.0684,31.7845
34.0684,31.8016
34.0684,31.8193
34.0684,31.8355
34.0684,31.8511
34.0684,31.8684
34.0684,31.8847
34.0684,31.9026
34.0684,31.9189
34.0684,31.9361
34.0684,31.9525
34.0684,31.9677
34.6489,31.9858
34.6489,32.0027
34.6489,32.0183
34.6489,32.0345
34.6489,32.0525
34.6489,32.0678
34.6489,32.086
34.6489,32.1019
34.6489,32.1188
34.6489,32.1348
34.6489,32.1521
34.6489,32.1678
34.6489,32.186
34.6489,32.2028
34.6489,32.2178
34.6489,32.2358
34.6489,32.251
34.6489,32.268
34.6489,32.2852
34.6489,32.3023
34.6489,32.319
34.6489,32.3345
34.6489,32.3522
34.6489,32.3683
34.6489,32.3856
34.6489,32.4013
34.6489,32.4188
34.6489,32.4364
34.6489,32.4517
34.6489,32.4697
34.6489,32.486
34.6489,32.502
34.6489,32.519
34.6489,32.5357
35.1623,32.5514
35.1623,32.5693
35.1623,32.5856
35.1623,32.6015
35.1623,32.6184
35.1623,32.6349
35.1623,32.6525
35.1623,32.6693
35.1623,32.6856
35.1623,32.702
35.1623,32.719
35.1623,32.735
35.1623,32.7523
35.1623,32.7682
35.1623,32.7854
35.1623,32.8027
35.1623,32.8178
35.1623,32.8358
35.1623,32.8519
35.1623,32.869
35.1623,32.885
35.1623,32.9012
35.1623,32.9179
35.1623,32.936
35.1623,32.952
35.1623,32.9692
35.1623,32.9845
35.1623,33.0045
35.1623,33.0193
35.1623,33.0344
35.1623,33.0525
35.1623,33.0685
35.1623,33.0858
35.7332,33.1042
35.7332,33.1185
35.7332,33.1348
35.7332,33.1515
35.7332,33.1683
35.7332,33.1846
35.7332,33.203
35.7332,33.2208
35.7332,33.2348
35.7332,33.2516
35.7332,33.2685
35.7332,33.2849
35.7332,33.3017
35.7332,33.319
35.7332,33.335
35.7332,33.3514
35.7332,33.3681
35.7332,33.3877
35.7332,33.4016
35.7332,33.4205
35.7332,33.4351
35.7332,33.4511
35.7332,33.4711
35.7332,33.485
35.7332,33.5038
35.7332,33.5177
35.7332,33.5355
35.7332,33.5541
35.7332,33.5679
35.7332,33.5861
35.7332,33.6013
35.7332,33.619
35.7332,33.6373
35.7332,33.6512
35.5957,33.6695
35.5957,33.6851
35.5957,33.7041
35.5957,33.719
35.5957,33.7367
35.5957,33.7522
35.5957,33.7685
35.5957,33.7847
35.5957,33.8026
35.5957,33.82
35.5957,33.8345
35.5957,33.8532
35.5957,33.8703
35.5957,33.8855
35.5957,33.9024
35.5957,33.9182
35.5957,33.9354
35.5957,33.9518
35.5957,33.9705
35.5957,33.9846
35.5957,34.0021
35.5957,34.0187
35.5957,34.0363
35.5957,34.0514
35.5957,34.0683
35.5957,34.0855
35.5957,34.1026
35.5957,34.1192
35.5957,34.1354
35.5957,34.1527
35.5957,34.1692
35.5957,34.1846
35.5957,34.2012
36.7227,34.2211
36.7227,34.2353
36.7227,34.252
36.7227,34.2705
36.7227,34.2851
36.7227,34.3022
36.7227,34.3197
36.7227,34.3361
36.7227,34.3519
36.7227,34.3692
36.7227,34.3855
36.7227,34.403
36.7227,34.4179
36.7227,34.4377
36.7227,34.4524
36.7227,34.4689
36.7227,34.4846
36.7227,34.5017
36.7227,34.519
36.7227,34.5359
36.7227,34.5525
36.7227,34.5683
36.7227,34.5852
36.7227,34.6021
36.7227,34.6188
36.7227,34.635
36.7227,34.653
36.7227,34.6685
36.7227,34.6846
36.7227,34.7018
36.7227,34.7186
36.7227,34.7345
37.1705,34.7524
37.1705,34.7685
37.1705,34.7864
37.1705,34.8015
37.1705,34.8194
37.1705,34.8355
37.1705,34.8514
37.1705,34.868
37.1705,34.8858
37.1705,34.9013
37.1705,34.9197
37.1705,34.9346
37.1705,34.9518
37.1705,34.9683
37.1705,34.9877
37.1705,35.0021
37.1705,35.0191
37.1705,35.035
37.1705,35.0525
37.1705,35.069
37.1705,35.0857
37.1705,35.1011
37.1705,35.1195
37.1705,35.1354
37.1705,35.1511
37.1705,35.1696
37.1705,35.1854
37.1705,35.2013
37.1705,35.2178
37.1705,35.2363
37.1705,35.253
37.1705,35.268
37.711,35.2848
37.711,35.302
37.711,35.3178
37.711,35.336
37.711,35.3518
37.711,35.3707
37.711,35.3864
37.711,35.4013
37.711,35.4181
37.711,35.4362
37.711,35.4531
37.711,35.4686
37.711,35.4845
37.711,35.5019
37.711,35.5187
37.711,35.5347
37.711,35.5547
37.711,35.5683
37.711,35.586
37.711,35.6021
37.711,35.6189
37.711,35.6347
37.711,35.6531
37.711,35.6681
37.711,35.6871
37.711,35.7031
37.711,35.7179
37.711,35.7348
37.711,35.7533
37.711,35.7686
37.711,35.7848
37.9319,35.8027
37.9319,35.8182
37.9319,35.8359
37.9319,35.8518
37.9319,35.8686
37.9319,35.8853
37.9319,35.9011
37.9319,35.9199
37.9319,35.9358
37.9319,35.9515
37.9319,35.9695
37.9319,35.9857
37.9319,36.0012
37.9319,36.0186
37.9319,36.0345
37.9319,36.0521
37.9319,36.0691
37.9319,36.0858
37.9319,36.1016
37.9319,36.1194
37.9319,36.1346
37.9319,36.152
37.9319,36.168
37.9319,36.1867
37.9319,36.202
37.9319,36.2178
37.9319,36.2354
37.9319,36.2521
37.9319,36.2685
37.9319,36.2876
37.9319,36.3016
37.9319,36.3181
38.238,36.3351
38.238,36.3539
38.238,36.3686
38.238,36.3862
38.238,36.4021
38.238,36.4201
38.238,36.4348
38.238,36.4529
38.238,36.4678
38.238,36.4859
38.238,36.5012
38.238,36.5184
38.238,36.5352
38.238,36.5518
38.238,36.5697
38.238,36.5857
38.238,36.6014
38.238,36.6214
38.238,36.6351
38.238,36.6513
38.238,36.6679
38.238,36.6861
38.238,36.7012
38.238,36.719
38.238,36.7364
38.238,36.7513
38.238,36.7689
38.238,36.7878
38.238,36.8021
38.238,36.818
39.2254,36.8359
39.2254,36.8518
39.2254,36.8688
39.2254,36.886
39.2254,36.9035
39.2254,36.9185
39.2254,36.9361
39.2254,36.9512
39.2254,36.9691
39.2254,36.9862
39.2254,37.0014
39.2254,37.019
39.2254,37.0345
39.2254,37.0516
39.2254,37.0693
39.2254,37.0866
39.2254,37.1012
39.2254,37.1185
39.2254,37.1366
39.2254,37.1512
39.2254,37.1696
39.2254,37.1851
39.2254,37.2019
39.2254,37.2197
39.2254,37.2351
39.2254,37.2522
39.2254,37.2683
39.2254,37.2852
39.2254,37.303
39.2254,37.3198
39.2254,37.3346
39.547,37.3524
39.547,37.368
39.547,37.3845
39.547,37.4046
39.547,37.4203
39.547,37.4351
39.547,37.4548
39.547,37.4684
39.547,37.4844
39.547,37.5022
39.547,37.5187
39.547,37.5345
39.547,37.5513
39.547,37.5688
39.547,37.5846
39.547,37.6015
39.547,37.6194
39.547,37.6348
39.547,37.6517
39.547,37.669
39.547,37.6847
39.547,37.7014
39.547,37.7194
39.547,37.736
39.547,37.7523
39.547,37.7697
39.547,37.786
39.547,37.8017
39.547,37.8195
39.547,37.8354
39.8777,37.8522
39.8777,37.8709
39.8777,37.8847
39.8777,37.9023
39.8777,37.9197
39.8777,37.936
39.8777,37.9524
39.8777,37.9709
39.8777,37.9855
39.8777,38.0029
39.8777,38.0208
39.8777,38.0362
39.8777,38.052
39.8777,38.0706
39.8777,38.0858
39.8777,38.102
39.8777,38.1207
39.8777,38.135
39.8777,38.1522
39.8777,38.1693
39.8777,38.1847
39.8777,38.2015
39.8777,38.219
39.8777,38.2345
39.8777,38.2513
39.8777,38.2689
39.8777,38.2855
39.8777,38.3049
39.8777,38.3182
39.8777,38.3347
40.1346,38.3522
40.1346,38.3682
40.1346,38.3855
40.1346,38.4043
40.1346,38.4184
40.1346,38.4351
40.1346,38.4515
40.1346,38.4694
40.1346,38.4863
40.1346,38.5014
40.1346,38.518
40.1346,38.5345
40.1346,38.5515
40.1346,38.5689
40.1346,38.5857
40.1346,38.6018
40.1346,38.619
40.1346,38.6372
40.1346,38.6514
40.1346,38.6685
40.1346,38.6872
40.1346,38.7014
40.1346,38.7195
40.1346,38.7373
40.1346,38.7524
40.1346,38.7697
40.1346,38.7847
40.1346,38.8019
40.1346,38.8182
41.1838,38.8362
41.1838,38.8531
41.1838,38.8681
41.1838,38.8845
41.1838,38.904
41.1838,38.9181
41.1838,38.9373
41.1838,38.952
41.1838,38.9684
41.1838,38.9851
41.1838,39.0013
41.1838,39.0192
41.1838,39.0355
41.1838,39.0527
41.1838,39.0692
41.1838,39.0845
41.1838,39.1023
41.1838,39.1196
41.1838,39.1345
41.1838,39.1528
41.1838,39.168
41.1838,39.1861
41.1838,39.2029
41.1838,39.2182
41.1838,39.2347
41.1838,39.2516
41.1838,39.2693
41.1838,39.2863
41.1838,39.3013
41.5015,39.3182
41.5015,39.3345
41.5015,39.352
41.5015,39.3701
41.5015,39.3848
41.5015,39.4013
41.5015,39.4181
41.5015,39.4352
41.5015,39.4511
41.5015,39.4678
41.5015,39.4847
41.5015,39.5032
41.5015,39.5179
41.5015,39.5357
41.5015,39.5513
41.5015,39.5696
41.5015,39.5861
41.5015,39.6013
41.5015,39.6202
41.5015,39.6353
41.5015,39.6524
41.5015,39.6695
41.5015,39.685
41.5015,39.702
41.5015,39.7194
41.5015,39.7355
41.5015,39.7515
41.5015,39.7691
42.2305,39.7853
42.2305,39.8013
42.2305,39.8211
42.2305,39.8358
42.2305,39.8517
42.2305,39.8684
42.2305,39.886
42.2305,39.9023
42.2305,39.9185
42.2305,39.9355
42.2305,39.9517
42.2305,39.9685
42.2305,39.986
42.2305,40.0017
42.2305,40.0178
42.2305,40.0364
42.2305,40.0512
42.2305,40.0695
42.2305,40.0849
42.2305,40.1016
42.2305,40.1187
42.2305,40.1352
42.2305,40.1519
42.2305,40.1685
42.2305,40.188
42.2305,40.2024
42.2305,40.2179
42.2305,40.2359
42.2305,40.2518
42.2336,40.2685
42.2336,40.2857
42.2336,40.3018
42.2336,40.3179
42.2336,40.336
42.2336,40.3519
42.2336,40.3678
42.2336,40.3869
42.2336,40.4014
42.2336,40.419
42.2336,40.4347
42.2336,40.4522
42.2336,40.4686
42.2336,40.4846
42.2336,40.5023
42.2336,40.5191
42.2336,40.5354
42.2336,40.5516
42.2336,40.5695
42.2336,40.5863
42.2336,40.6012
42.2336,40.618
42.2336,40.635
42.2336,40.6534
42.2336,40.6681
42.2336,40.6871
42.2336,40.7022
42.2336,40.7185
42.916,40.736
42.916,40.7522
42.916,40.7698
42.916,40.7848
42.916,40.804
42.916,40.8187
42.916,40.8351
42.916,40.8533
42.916,40.8683
42.916,40.8873
42.916,40.9013
42.916,40.9203
42.916,40.9351
42.916,40.9525
42.916,40.9682
42.916,40.9856
42.916,41.002
42.916,41.0185
42.916,41.0351
42.916,41.0525
42.916,41.0714
42.916,41.0846
42.916,41.1042
42.916,41.1187
42.916,41.1363
42.916,41.1522
42.916,41.1682
43.5791,41.186
43.5791,41.2013
43.5791,41.22
43.5791,41.2348
43.5791,41.2539
43.5791,41.268
43.5791,41.2868
43.5791,41.303
43.5791,41.3187
43.5791,41.3348
43.5791,41.3546
43.5791,41.3691
43.5791,41.3845
43.5791,41.4028
43.5791,41.4191
43.5791,41.4351
43.5791,41.4512
43.5791,41.4679
43.5791,41.4846
43.5791,41.503
43.5791,41.5178
43.5791,41.5368
43.5791,41.5513
43.5791,41.5694
43.5791,41.5848
43.5791,41.6039
43.5791,41.6181
43.996,41.6358
43.996,41.6526
43.996,41.6685
43.996,41.6873
43.996,41.7018
43.996,41.72
43.996,41.7358
43.996,41.7516
43.996,41.768
43.996,41.7847
43.996,41.802
43.996,41.8207
43.996,41.8346
43.996,41.8535
43.996,41.8695
43.996,41.8876
43.996,41.9019
43.996,41.9201
43.996,41.9363
43.996,41.9519
43.996,41.9692
43.996,41.9874
43.996,42.0021
43.996,42.0189
43.996,42.0357
43.996,42.0526
43.996,42.0693
43.996,42.0851
44.2224,42.1015
44.2224,42.1183
44.2224,42.1362
44.2224,42.1527
44.2224,42.1692
44.2224,42.1847
44.2224,42.2029
44.2224,42.2199
44.2224,42.2346
44.2224,42.2514
44.2224,42.2689
44.2224,42.2855
44.2224,42.3016
44.2224,42.3196
44.2224,42.3359
44.2224,42.3527
44.2224,42.3688
44.2224,42.3878
44.2224,42.4017
44.2224,42.4191
44.2224,42.4349
44.2224,42.4543
44.2224,42.4688
44.2224,42.4855
44.2224,42.5015
44.2224,42.5199
45.3517,42.536
45.3517,42.5532
45.3517,42.5681
45.3517,42.5855
45.3517,42.6027
45.3517,42.6207
45.3517,42.6345
45.3517,42.652
45.3517,42.6688
45.3517,42.6861
45.3517,42.702
45.3517,42.7185
45.3517,42.7357
45.3517,42.7529
45.3517,42.7679
45.3517,42.786
45.3517,42.8014
45.3517,42.8184
45.3517,42.8352
45.3517,42.8528
45.3517,42.8688
45.3517,42.8873
45.3517,42.9026
45.3517,42.9182
45.3517,42.937
45.3517,42.9516
45.4919,42.9684
45.4919,42.9847
45.4919,43.004
45.4919,43.0196
45.4919,43.0365
45.4919,43.0512
45.4919,43.0678
45.4919,43.085
45.4919,43.1023
45.4919,43.1185
45.4919,43.135
45.4919,43.1519
45.4919,43.1697
45.4919,43.1862
45.4919,43.2015
45.4919,43.2205
45.4919,43.2349
45.4919,43.2513
45.4919,43.2679
45.4919,43.2851
45.4919,43.302
45.4919,43.3197
45.4919,43.3349
45.4919,43.3531
45.4919,43.3696
45.4919,43.3851
46.005,43.4029
46.005,43.4189
46.005,43.4367
46.005,43.4512
46.005,43.4712
46.005,43.4847
46.005,43.5016
46.005,43.5187
46.005,43.5349
46.005,43.5529
46.005,43.5678
46.005,43.5867
46.005,43.6012
46.005,43.621
46.005,43.6354
46.005,43.6519
46.005,43.6684
46.005,43.6859
46.005,43.7015
46.005,43.7181
46.005,43.7355
46.005,43.7526
46.005,43.7698
46.005,43.7846
46.005,43.8026
46.005,43.8193
46.8034,43.8356
46.8034,43.8522
46.8034,43.8686
46.8034,43.8846
46.8034,43.9027
46.8034,43.9197
46.8034,43.9359
46.8034,43.9516
46.8034,43.9686
46.8034,43.986
46.8034,44.0027
46.8034,44.0185
46.8034,44.0351
46.8034,44.0514
46.8034,44.0692
46.8034,44.0856
46.8034,44.1018
46.8034,44.1179
46.8034,44.1352
46.8034,44.1521
46.8034,44.1692
46.8034,44.1845
46.8034,44.2016
46.8034,44.2182
46.8034,44.2349
47.3747,44.2526
47.3747,44.2681
47.3747,44.2851
47.3747,44.3018
47.3747,44.3185
47.3747,44.3361
47.3747,44.3513
47.3747,44.3681
47.3747,44.385
47.3747,44.4016
47.3747,44.4194
47.3747,44.4348
47.3747,44.4518
47.3747,44.4684
47.3747,44.4863
47.3747,44.5014
47.3747,44.5179
47.3747,44.5365
47.3747,44.5525
47.3747,44.5697
47.3747,44.5857
47.3747,44.6014
47.3747,44.6198
47.3747,44.6348
47.3747,44.6526
48.1759,44.6687
48.1759,44.6846
48.1759,44.7027
48.1759,44.7182
48.1759,44.7359
48.1759,44.7542
48.1759,44.768
48.1759,44.7856
48.1759,44.8019
48.1759,44.8183
48.1759,44.8347
48.1759,44.8519
48.1759,44.8681
48.1759,44.8861
48.1759,44.9022
48.1759,44.9184
48.1759,44.9359
48.1759,44.9514
48.1759,44.9683
48.1759,44.9854
48.1759,45.0027
48.1759,45.0214
48.1759,45.0345
48.1759,45.0516
48.1759,45.069
48.5227,45.0853
48.5227,45.104
48.5227,45.1185
48.5227,45.1348
48.5227,45.1514
48.5227,45.1682
48.5227,45.1861
48.5227,45.2024
48.5227,45.2179
48.5227,45.236
48.5227,45.2527
48.5227,45.2685
48.5227,45.2859
48.5227,45.3029
48.5227,45.3179
48.5227,45.3347
48.5227,45.3514
48.5227,45.3696
48.5227,45.3846
48.5227,45.402
48.5227,45.418
48.5227,45.4366
48.5227,45.4531
48.5227,45.4688
49.3044,45.4858
49.3044,45.5016
49.3044,45.5197
49.3044,45.5357
49.3044,45.5518
49.3044,45.5695
49.3044,45.5851
49.3044,45.6022
49.3044,45.6179
49.3044,45.6349
49.3044,45.6539
49.3044,45.6681
49.3044,45.6846
49.3044,45.7012
49.3044,45.7186
49.3044,45.7347
49.3044,45.7529
49.3044,45.7695
49.3044,45.7847
49.3044,45.8027
49.3044,45.8208
49.3044,45.835
49.3044,45.8531
49.3044,45.868
49.3044,45.8847
49.3526,45.9032
49.3526,45.9197
49.3526,45.9352
49.3526,45.9531
49.3526,45.9699
49.3526,45.9848
49.3526,46.0014
49.3526,46.0186
49.3526,46.0352
49.3526,46.0528
49.3526,46.0679
49.3526,46.0846
49.3526,46.1018
49.3526,46.1189
49.3526,46.1359
49.3526,46.1539
49.3526,46.1681
49.3526,46.1845
49.3526,46.2022
49.3526,46.2183
49.3526,46.2361
49.3526,46.2531
49.3526,46.2698
49.3526,46.2852
50.0291,46.3028
50.0291,46.3198
50.0291,46.3353
50.0291,46.3528
50.0291,46.3695
50.0291,46.3852
50.0291,46.4013
50.0291,46.4198
50.0291,46.4358
50.0291,46.4513
50.0291,46.4691
50.0291,46.4852
50.0291,46.5023
50.0291,46.5182
50.0291,46.5355
50.0291,46.5532
50.0291,46.5714
50.0291,46.5851
50.0291,46.6014
50.0291,46.6196
50.0291,46.6357
50.0291,46.6515
50.0291,46.6695
50.5382,46.6861
50.5382,46.7012
50.5382,46.7182
50.5382,46.7365
50.5382,46.7527
50.5382,46.7698
50.5382,46.7849
50.5382,46.8032
50.5382,46.8185
50.5382,46.8348
50.5382,46.8516
50.5382,46.8679
50.5382,46.8852
50.5382,46.9025
50.5382,46.9194
50.5382,46.9348
50.5382,46.9518
50.5382,46.9679
50.5382,46.9846
50.5382,47.0018
50.5382,47.0192
50.5382,47.0357
50.5382,47.0512
50.5382,47.0689
51.4836,47.0846
51.4836,47.1038
51.4836,47.1185
51.4836,47.1356
51.4836,47.152
51.4836,47.1682
51.4836,47.1847
51.4836,47.2031
51.4836,47.2193
51.4836,47.2353
51.4836,47.2525
51.4836,47.2683
51.4836,47.2846
51.4836,47.3021
51.4836,47.3179
51.4836,47.3349
51.4836,47.3522
51.4836,47.3692
51.4836,47.3848
51.4836,47.4018
51.4836,47.4184
51.4836,47.4365
51.4836,47.454
51.5102,47.4684
51.5102,47.485
51.5102,47.5042
51.5102,47.5185
51.5102,47.5345
51.5102,47.5524
51.5102,47.5686
51.5102,47.5852
51.5102,47.6019
51.5102,47.6187
51.5102,47.6358
51.5102,47.6515
51.5102,47.6679
51.5102,47.6859
51.5102,47.7028
51.5102,47.7183
51.5102,47.736
51.5102,47.7527
51.5102,47.7686
51.5102,47.7864
51.5102,47.8013
51.5102,47.8187
51.5102,47.8349
52.6803,47.8527
52.6803,47.8684
52.6803,47.8857
52.6803,47.9017
52.6803,47.9198
52.6803,47.9359
52.6803,47.9513
52.6803,47.9692
52.6803,47.9863
52.6803,48.0034
52.6803,48.0181
52.6803,48.0356
52.6803,48.0524
52.6803,48.0681
52.6803,48.0851
52.6803,48.1013
52.6803,48.1181
52.6803,48.1352
52.6803,48.1532
52.6803,48.1688
52.6803,48.1858
52.6803,48.2016
53.4639,48.2179
53.4639,48.2357
53.4639,48.2514
53.4639,48.2679
53.4639,48.2858
53.4639,48.3016
53.4639,48.3181
53.4639,48.336
53.4639,48.3517
53.4639,48.368
53.4639,48.3864
53.4639,48.4047
53.4639,48.4184
53.4639,48.4353
53.4639,48.4514
53.4639,48.468
53.4639,48.4846
53.4639,48.5015
53.4639,48.52
53.4639,48.5346
53.4639,48.5514
53.4639,48.5699
54.645,48.586
54.645,48.6049
54.645,48.6192
54.645,48.636
54.645,48.6513
54.645,48.6684
54.645,48.6855
54.645,48.7016
54.645,48.7182
54.645,48.7366
54.645,48.7535
54.645,48.7684
54.645,48.7863
54.645,48.8022
54.645,48.8212
54.645,48.8354
54.645,48.8524
54.645,48.8699
54.645,48.8847
54.645,48.9021
54.645,48.9179
54.645,48.9347
55.6604,48.9524
55.6604,48.9697
55.6604,48.9865
55.6604,49.0013
55.6604,49.0182
55.6604,49.0363
55.6604,49.0518
55.6604,49.0692
55.6604,49.0868
55.6604,49.1026
55.6604,49.1195
55.6604,49.1351
55.6604,49.1515
55.6604,49.1686
55.6604,49.1848
55.6604,49.2024
55.6604,49.2195
55.6604,49.236
55.6604,49.2535
55.6604,49.2705
55.6604,49.2848
56.3064,49.303
56.3064,49.3191
56.3064,49.3373
56.3064,49.3545
56.3064,49.3715
56.3064,49.3848
56.3064,49.4026
56.3064,49.4184
56.3064,49.4345
56.3064,49.4519
56.3064,49.4679
56.3064,49.4853
56.3064,49.5012
56.3064,49.5179
56.3064,49.5361
56.3064,49.5516
56.3064,49.5693
56.3064,49.5863
56.3064,49.6033
56.3064,49.6194
56.3064,49.6357
57.1671,49.6526
57.1671,49.6681
57.1671,49.6851
57.1671,49.7026
57.1671,49.7211
57.1671,49.7365
57.1671,49.7525
57.1671,49.7682
57.1671,49.7849
57.1671,49.8018
57.1671,49.8192
57.1671,49.8365
57.1671,49.8513
57.1671,49.8686
57.1671,49.8847
57.1671,49.9018
57.1671,49.9186
57.1671,49.9354
57.1671,49.9515
57.1671,49.9689
57.1671,49.9848
58.0564,50.0023
58.0564,50.0187
58.0564,50.0357
58.0564,50.0523
58.0564,50.0691
58.0564,50.0859
58.0564,50.1028
58.0564,50.1185
58.0564,50.1349
58.0564,50.1527
58.0564,50.1681
58.0564,50.185
58.0564,50.2025
58.0564,50.2183
58.0564,50.236
58.0564,50.252
58.0564,50.2701
58.0564,50.2871
58.0564,50.3031
58.0564,50.3198
59.3735,50.3367
59.3735,50.3538
59.3735,50.3699
59.3735,50.3864
59.3735,50.4036
59.3735,50.4201
59.3735,50.4368
59.3735,50.4538
59.3735,50.4694
59.3735,50.4868
59.3735,50.5018
59.3735,50.5199
59.3735,50.5368
59.3735,50.5534
59.3735,50.5701
59.3735,50.5861
59.3735,50.6018
59.3735,50.6183
59.3735,50.6349
59.3735,50.6515
60.0932,50.6694
60.0932,50.6864
60.0932,50.7024
60.0932,50.719
60.0932,50.7357
60.0932,50.7526
60.0932,50.7693
60.0932,50.7858
60.0932,50.8023
60.0932,50.8182
60.0932,50.8347
60.0932,50.8517
60.0932,50.8684
60.0932,50.8846
60.0932,50.902
60.0932,50.9181
60.0932,50.9348
60.0932,50.952
60.0932,50.9685
60.0932,50.9847
61.1214,51.0014
61.1214,51.0186
61.1214,51.0346
61.1214,51.0531
61.1214,51.0688
61.1214,51.085
61.1214,51.1024
61.1214,51.1217
61.1214,51.1379
61.1214,51.1532
61.1214,51.1692
61.1214,51.1855
61.1214,51.2019
61.1214,51.2199
61.1214,51.2352
61.1214,51.2537
61.1214,51.2691
61.1214,51.2868
61.1214,51.3031
61.9781,51.3195
61.9781,51.3347
61.9781,51.3524
61.9781,51.3679
61.9781,51.3848
61.9781,51.402
61.9781,51.4185
61.9781,51.436
61.9781,51.4513
61.9781,51.4691
61.9781,51.4879
61.9781,51.5026
61.9781,51.5188
61.9781,51.535
61.9781,51.5521
61.9781,51.5702
61.9781,51.5859
61.9781,51.6014
61.9781,51.6193
63.4564,51.6352
63.4564,51.6522
63.4564,51.6687
63.4564,51.6846
63.4564,51.702
63.4564,51.7181
63.4564,51.7355
63.4564,51.7544
63.4564,51.7695
63.4564,51.7854
63.4564,51.8014
63.4564,51.8181
63.4564,51.8349
63.4564,51.8515
63.4564,51.868
63.4564,51.8856
63.4564,51.9019
63.4564,51.9198
64.9539,51.9385
64.9539,51.9531
64.9539,51.9689
64.9539,51.9853
64.9539,52.0019
64.9539,52.0196
64.9539,52.0359
64.9539,52.0525
64.9539,52.0684
64.9539,52.0847
64.9539,52.1014
64.9539,52.1191
64.9539,52.1384
64.9539,52.1542
64.9539,52.1693
64.9539,52.186
64.9539,52.2034
64.9539,52.2193
64.9539,52.2353
64.6328,52.2515
64.6328,52.2681
64.6328,52.2853
64.6328,52.3031
64.6328,52.319
64.6328,52.3382
64.6328,52.3524
64.6328,52.3684
64.6328,52.386
64.6328,52.4033
64.6328,52.4195
64.6328,52.4355
64.6328,52.4513
64.6328,52.4686
64.6328,52.4846
64.6328,52.5015
64.6328,52.5211
64.6328,52.536
65.7329,52.5515
65.7329,52.5703
65.7329,52.5859
65.7329,52.6023
65.7329,52.618
65.7329,52.6352
65.7329,52.6526
65.7329,52.6707
65.7329,52.6852
65.7329,52.7031
65.7329,52.7193
65.7329,52.736
65.7329,52.7515
65.7329,52.7686
65.7329,52.7861
65.7329,52.805
65.7329,52.8199
65.7329,52.8347
67.2801,52.8513
67.2801,52.869
67.2801,52.8855
67.2801,52.9018
67.2801,52.9184
67.2801,52.9366
67.2801,52.9515
67.2801,52.9688
67.2801,52.9857
67.2801,53.0026
67.2801,53.0182
67.2801,53.0362
67.2801,53.0547
67.2801,53.0697
67.2801,53.085
67.2801,53.1031
67.2801,53.1181
67.2801,53.1356
67.6497,53.152
67.6497,53.1694
67.6497,53.1875
67.6497,53.2015
67.6497,53.2185
67.6497,53.2363
67.6497,53.2512
67.6497,53.2682
67.6497,53.286
67.6497,53.3047
67.6497,53.3197
67.6497,53.3348
67.6497,53.3514
67.6497,53.368
67.6497,53.3846
67.6497,53.4018
67.6497,53.4184
68.4933,53.4365
68.4933,53.4514
68.4933,53.4687
68.4933,53.4861
68.4933,53.5016
68.4933,53.5199
68.4933,53.5384
68.4933,53.5531
68.4933,53.5684
68.4933,53.5864
68.4933,53.6025
68.4933,53.6186
68.4933,53.6364
68.4933,53.6524
68.4933,53.6698
68.4933,53.6861
68.4933,53.7027
68.4933,53.7189
68.5836,53.7346
68.5836,53.7528
68.5836,53.7706
68.5836,53.7846
68.5836,53.8015
68.5836,53.8179
68.5836,53.8346
68.5836,53.8526
68.5836,53.8702
68.5836,53.8852
68.5836,53.9034
68.5836,53.9187
68.5836,53.9356
68.5836,53.952
68.5836,53.9683
68.5836,53.9879
68.5836,54.0023
69.2745,54.0196
69.2745,54.0358
69.2745,54.0515
69.2745,54.0686
69.2745,54.0853
69.2745,54.1027
69.2745,54.1195
69.2745,54.1349
69.2745,54.1516
69.2745,54.1681
69.2745,54.1861
69.2745,54.2052
69.2745,54.2194
69.2745,54.2364
69.2745,54.2526
69.2745,54.2688
69.2745,54.2853
69.2968,54.3025
69.2968,54.3198
69.2968,54.3347
69.2968,54.3526
69.2968,54.3689
69.2968,54.3848
69.2968,54.4028
69.2968,54.4208
69.2968,54.4355
69.2968,54.4513
69.2968,54.4688
69.2968,54.4852
69.2968,54.5014
69.2968,54.5197
69.2968,54.5362
69.2968,54.5523
69.2968,54.5688
70.2419,54.5863
70.2419,54.6048
70.2419,54.6186
70.2419,54.6347
70.2419,54.6514
70.2419,54.6679
70.2419,54.6847
70.2419,54.7052
70.2419,54.7181
70.2419,54.7362
70.2419,54.753
70.2419,54.7679
70.2419,54.7854
70.2419,54.8015
70.2419,54.8183
70.2419,54.8351
70.2419,54.8523
70.2419,54.8698
68.7177,54.8848
68.7177,54.9014
68.7177,54.918
68.7177,54.9359
68.7177,54.9515
68.7177,54.9694
68.7177,54.9854
68.7177,55.0012
68.7177,55.0214
68.7177,55.0369
68.7177,55.0527
68.7177,55.0681
68.7177,55.0848
68.7177,55.1045
68.7177,55.1203
68.7177,55.1358
68.7177,55.1512
71.462,55.168
71.462,55.1878
71.462,55.2028
71.462,55.2195
71.462,55.2353
71.462,55.2527
71.462,55.2693
71.462,55.2862
71.462,55.3013
71.462,55.3179
71.462,55.3346
71.462,55.3518
71.462,55.3682
71.462,55.3847
71.462,55.4018
71.462,55.4214
73.0434,55.437
73.0434,55.4516
73.0434,55.4689
73.0434,55.4852
73.0434,55.5043
73.0434,55.52
73.0434,55.5347
73.0434,55.5513
73.0434,55.5693
73.0434,55.5857
73.0434,55.6023
73.0434,55.618
73.0434,55.6346
73.0434,55.6548
73.0434,55.6694
73.0434,55.6857
73.0434,55.702
72.6459,55.7194
72.6459,55.7355
72.6459,55.753
72.6459,55.768
72.6459,55.7861
72.6459,55.8039
72.6459,55.8195
72.6459,55.8355
72.6459,55.8518
72.6459,55.8716
72.6459,55.8851
72.6459,55.9025
72.6459,55.9188
72.6459,55.9358
72.6459,55.9525
72.6459,55.9693
73.9778,55.9853
73.9778,56.003
73.9778,56.0205
73.9778,56.0359
73.9778,56.0514
73.9778,56.0682
73.9778,56.0847
73.9778,56.1025
73.9778,56.1192
73.9778,56.1354
73.9778,56.1518
73.9778,56.1714
73.9778,56.1849
73.9778,56.2014
73.9778,56.2186
73.9778,56.2349
73.5179,56.2523
73.5179,56.2681
73.5179,56.2849
73.5179,56.3027
73.5179,56.3205
73.5179,56.3363
73.5179,56.3513
73.5179,56.3681
73.5179,56.386
73.5179,56.4016
73.5179,56.418
73.5179,56.4348
73.5179,56.4514
73.5179,56.4685
73.5179,56.4861
73.5179,56.5014
74.176,56.5184
74.176,56.536
74.176,56.5523
74.176,56.5682
74.176,56.5863
74.176,56.6031
74.176,56.6193
74.176,56.6348
74.176,56.6519
74.176,56.6693
74.176,56.6846
74.176,56.7014
74.176,56.7181
74.176,56.7349
74.176,56.7516
74.176,56.7692
74.176,56.7847
74.0683,56.8046
74.0683,56.8203
74.0683,56.8358
74.0683,56.8514
74.0683,56.8693
74.0683,56.8849
74.0683,56.9021
74.0683,56.9181
74.0683,56.9381
74.0683,56.9514
74.0683,56.9688
74.0683,56.9847
74.0683,57.0019
74.0683,57.0194
74.0683,57.0358
74.0683,57.0521
74.601,57.0696
74.601,57.0859
74.601,57.1018
74.601,57.1188
74.601,57.1361
74.601,57.1522
74.601,57.1682
74.601,57.1847
74.601,57.2029
74.601,57.2183
74.601,57.2362
74.601,57.2522
74.601,57.2701
74.601,57.2863
74.601,57.3025
74.601,57.3186
75.129,57.3378
75.129,57.3534
75.129,57.3692
75.129,57.3846
75.129,57.4044
75.129,57.4192
75.129,57.4354
75.129,57.4531
75.129,57.4701
75.129,57.4859
75.129,57.5015
75.129,57.5194
75.129,57.5359
75.129,57.5513
75.129,57.568
76.2661,57.5852
76.2661,57.6019
76.2661,57.6194
76.2661,57.6352
76.2661,57.654
76.2661,57.6697
76.2661,57.6855
76.2661,57.703
76.2661,57.7184
76.2661,57.7358
76.2661,57.7514
76.2661,57.7693
76.2661,57.7867
76.2661,57.8019
76.2661,57.8196
76.2661,57.8358
76.4971,57.8517
76.4971,57.8681
76.4971,57.8847
76.4971,57.9015
76.4971,57.9195
76.4971,57.9348
76.4971,57.9513
76.4971,57.9704
76.4971,57.986
76.4971,58.0019
76.4971,58.0208
76.4971,58.0364
76.4971,58.0524
76.4971,58.0695
76.4971,58.0858
76.4971,58.1015
75.7992,58.1189
75.7992,58.1353
75.7992,58.1515
75.7992,58.1684
75.7992,58.1848
75.7992,58.2024
75.7992,58.2201
75.7992,58.2358
75.7992,58.2514
75.7992,58.27
75.7992,58.2852
75.7992,58.3022
75.7992,58.3194
75.7992,58.3362
75.7992,58.3523
75.7992,58.3686
76.6394,58.3869
76.6394,58.4028
76.6394,58.4187
76.6394,58.4346
76.6394,58.4532
76.6394,58.4687
76.6394,58.4867
76.6394,58.5018
76.6394,58.5193
76.6394,58.5348
76.6394,58.5543
76.6394,58.5695
76.6394,58.5855
76.6394,58.6022
76.6394,58.6187
77.7284,58.6357
77.7284,58.6521
77.7284,58.6684
77.7284,58.6862
77.7284,58.7023
77.7284,58.7186
77.7284,58.7353
77.7284,58.7526
77.7284,58.768
77.7284,58.7858
77.7284,58.8019
77.7284,58.8188
77.7284,58.8353
77.7284,58.854
77.7284,58.8698
77.7284,58.8849
76.5307,58.9027
76.5307,58.9204
76.5307,58.9347
76.5307,58.9519
76.5307,58.9693
76.5307,58.9857
76.5307,59.0016
76.5307,59.0194
76.5307,59.0347
76.5307,59.0515
76.5307,59.0687
76.5307,59.0873
76.5307,59.1024
76.5307,59.1183
76.5307,59.1364
77.1603,59.152
77.1603,59.1702
77.1603,59.1848
77.1603,59.2015
77.1603,59.221
77.1603,59.2357
77.1603,59.2521
77.1603,59.2683
77.1603,59.2848
77.1603,59.3022
77.1603,59.3181
77.1603,59.3375
77.1603,59.3522
77.1603,59.3683
77.1603,59.3855
77.1603,59.4027
76.265,59.4192
76.265,59.4347
76.265,59.4523
76.265,59.4691
76.265,59.4854
76.265,59.5026
76.265,59.5198
76.265,59.5346
76.265,59.5527
76.265,59.5683
76.265,59.5857
76.265,59.6025
76.265,59.6184
76.265,59.6362
76.265,59.6514
78.0801,59.6712
78.0801,59.6864
78.0801,59.7023
78.0801,59.7194
78.0801,59.7363
78.0801,59.7517
78.0801,59.7692
78.0801,59.785
78.0801,59.8024
78.0801,59.8194
78.0801,59.835
78.0801,59.8514
78.0801,59.8681
78.0801,59.886
78.0801,59.9028
78.0801,59.9185
78.4807,59.9375
78.4807,59.9529
78.4807,59.9687
78.4807,59.9869
78.4807,60.0028
78.4807,60.0181
78.4807,60.0361
78.4807,60.0519
78.4807,60.0696
78.4807,60.0847
78.4807,60.1036
78.4807,60.1192
78.4807,60.1355
78.4807,60.1526
78.4807,60.1705
78.1055,60.185
78.1055,60.2014
78.1055,60.2204
78.1055,60.236
78.1055,60.252
78.1055,60.2702
78.1055,60.286
78.1055,60.3021
78.1055,60.3209
78.1055,60.3361
78.1055,60.3521
78.1055,60.3688
78.1055,60.3869
78.1055,60.4022
78.1055,60.4195
78.7041,60.4355
78.7041,60.4522
78.7041,60.4693
78.7041,60.4853
78.7041,60.5026
78.7041,60.518
78.7041,60.5355
78.7041,60.5527
78.7041,60.5686
78.7041,60.5876
78.7041,60.6021
78.7041,60.6187
78.7041,60.6352
78.7041,60.6537
78.7041,60.668
79.2649,60.6855
79.2649,60.7029
79.2649,60.7187
79.2649,60.7361
79.2649,60.7535
79.2649,60.769
79.2649,60.7848
79.2649,60.8022
79.2649,60.818
79.2649,60.8354
79.2649,60.8538
79.2649,60.869
79.2649,60.8853
79.2649,60.9016
79.2649,60.9203
79.2649,60.9354
78.2881,60.9524
78.2881,60.9683
78.2881,60.986
78.2881,61.0031
78.2881,61.0186
78.2881,61.036
78.2881,61.0515
78.2881,61.0701
78.2881,61.0857
78.2881,61.102
78.2881,61.118
78.2881,61.1351
78.2881,61.1521
78.2881,61.1685
78.2881,61.1862
78.6952,61.2021
78.6952,61.2199
78.6952,61.2353
78.6952,61.2524
78.6952,61.2692
78.6952,61.2847
78.6952,61.3023
78.6952,61.3199
78.6952,61.3365
78.6952,61.3525
78.6952,61.3681
78.6952,61.3868
78.6952,61.4029
78.6952,61.4182
78.6952,61.4354
79.2976,61.4522
79.2976,61.4684
79.2976,61.4864
79.2976,61.503
79.2976,61.5188
79.2976,61.5378
79.2976,61.5529
79.2976,61.5688
79.2976,61.587
79.2976,61.6025
79.2976,61.6182
79.2976,61.6369
79.2976,61.6527
79.2976,61.6681
79.2976,61.6856
79.7631,61.7028
79.7631,61.7183
79.7631,61.7358
79.7631,61.7529
79.7631,61.7688
79.7631,61.7864
79.7631,61.8017
79.7631,61.8189
79.7631,61.8358
79.7631,61.8532
79.7631,61.8681
79.7631,61.8861
79.7631,61.9035
79.7631,61.919
79.7631,61.9361
79.5828,61.9538
79.5828,61.968
79.5828,61.9866
79.5828,62.0016
79.5828,62.0192
79.5828,62.0356
79.5828,62.0538
79.5828,62.0688
79.5828,62.0862
79.5828,62.1034
79.5828,62.1187
79.5828,62.1352
79.5828,62.1534
79.5828,62.1689
79.5828,62.1877
80.4772,62.2018
80.4772,62.2188
80.4772,62.235
80.4772,62.2531
80.4772,62.2686
80.4772,62.286
80.4772,62.3028
80.4772,62.3189
80.4772,62.3351
80.4772,62.353
80.4772,62.3684
80.4772,62.3857
80.4772,62.4032
80.4772,62.4189
80.4772,62.4361
79.8624,62.4532
79.8624,62.468
79.8624,62.485
79.8624,62.5038
79.8624,62.518
79.8624,62.5354
79.8624,62.5529
79.8624,62.5683
79.8624,62.585
79.8624,62.603
79.8624,62.6189
79.8624,62.635
79.8624,62.6534
79.8624,62.6687
79.8624,62.6878
80.0704,62.7029
80.0704,62.7188
80.0704,62.7347
80.0704,62.753
80.0704,62.7687
80.0704,62.7851
80.0704,62.8028
80.0704,62.8188
80.0704,62.8356
80.0704,62.8535
80.0704,62.8689
80.0704,62.8853
80.0704,62.9028
80.0704,62.9184
80.0704,62.9362
79.7025,62.9529
79.7025,62.9691
79.7025,62.9861
79.7025,63.0037
79.7025,63.0181
79.7025,63.0361
79.7025,63.0531
79.7025,63.0687
79.7025,63.0857
79.7025,63.1034
79.7025,63.1188
79.7025,63.135
79.7025,63.1524
79.7025,63.1683
79.7025,63.1869
80.1977,63.2032
80.1977,63.2188
80.1977,63.236
80.1977,63.2518
80.1977,63.2687
80.1977,63.2868
80.1977,63.3031
80.1977,63.3188
80.1977,63.335
80.1977,63.3537
80.1977,63.3688
80.1977,63.3853
80.1977,63.4028
80.1977,63.4189
80.1977,63.4356
79.9105,63.4534
79.9105,63.4682
79.9105,63.4859
79.9105,63.5022
79.9105,63.519
79.9105,63.5363
79.9105,63.5532
79.9105,63.5688
79.9105,63.5865
79.9105,63.6025
79.9105,63.6189
79.9105,63.6347
79.9105,63.6534
79.9105,63.6689
79.9105,63.6864
80.3523,63.7025
80.3523,63.7183
80.3523,63.7374
80.3523,63.7524
80.3523,63.7681
80.3523,63.7851
80.3523,63.803
80.3523,63.8187
80.3523,63.8367
80.3523,63.8529
80.3523,63.8686
80.3523,63.8869
80.3523,63.9024
80.3523,63.9196
80.3523,63.937
80.6167,63.9525
80.6167,63.9692
80.6167,63.9865
80.6167,64.0021
80.6167,64.0194
80.6167,64.0368
80.6167,64.0522
80.6167,64.068
80.6167,64.0868
80.6167,64.102
80.6167,64.1208
80.6167,64.1349
80.6167,64.1513
80.6167,64.1694
80.6167,64.1863
80.8588,64.2014
80.8588,64.2183
80.8588,64.2348
80.8588,64.2519
80.8588,64.2704
80.8588,64.285
80.8588,64.3016
80.8588,64.3202
80.8588,64.3347
80.8588,64.3514
80.8588,64.3706
80.8588,64.3855
80.8588,64.402
80.8588,64.4204
80.8588,64.4351
79.9081,64.4513
79.9081,64.4706
79.9081,64.4856
79.9081,64.5014
79.9081,64.5186
79.9081,64.5347
79.9081,64.5531
79.9081,64.5703
79.9081,64.5854
79.9081,64.6017
79.9081,64.62
79.9081,64.6349
79.9081,64.6539
79.9081,64.6688
79.9081,64.6854
81.2402,64.7018
81.2402,64.719
81.2402,64.7364
81.2402,64.7538
81.2402,64.7692
81.2402,64.7851
81.2402,64.8036
81.2402,64.818
81.2402,64.8352
81.2402,64.8531
81.2402,64.8682
81.2402,64.8858
81.2402,64.9033
81.2402,64.9189
81.3066,64.9356
81.3066,64.9523
81.3066,64.9688
81.3066,64.9872
81.3066,65.0032
81.3066,65.0188
81.3066,65.0376
81.3066,65.0528
81.3066,65.0689
81.3066,65.087
81.3066,65.1023
81.3066,65.1182
81.3066,65.1373
81.3066,65.1523
81.3066,65.1701
80.8043,65.185
80.8043,65.2015
80.8043,65.2197
80.8043,65.2367
80.8043,65.2521
80.8043,65.2686
80.8043,65.2858
80.8043,65.3021
80.8043,65.3205
80.8043,65.335
80.8043,65.3517
80.8043,65.3699
80.8043,65.3857
80.8043,65.4015
80.8043,65.4199
80.8959,65.436
80.8959,65.4515
80.8959,65.4698
80.8959,65.4862
80.8959,65.503
80.8959,65.5183
80.8959,65.536
80.8959,65.5531
80.8959,65.5701
80.8959,65.5856
80.8959,65.6025
80.8959,65.6204
80.8959,65.6349
80.8959,65.6539
80.8959,65.6691
80.8926,65.6855
80.8926,65.7023
80.8926,65.7181
80.8926,65.7348
80.8926,65.7538
80.8926,65.7694
80.8926,65.7853
80.8926,65.802
80.8926,65.8197
80.8926,65.8348
80.8926,65.8522
80.8926,65.8694
80.8926,65.8865
80.8926,65.9035
80.8926,65.9187
80.9655,65.9351
80.9655,65.9524
80.9655,65.9687
80.9655,65.9874
80.9655,66.0027
80.9655,66.0188
80.9655,66.0373
80.9655,66.0514
80.9655,66.0682
80.9655,66.0873
80.9655,66.103
80.9655,66.1182
80.9655,66.1372
80.9655,66.1521
80.9655,66.1683
80.7532,66.1863
80.7532,66.2018
80.7532,66.2199
80.7532,66.2348
80.7532,66.2524
80.7532,66.2695
80.7532,66.2855
80.7532,66.3015
80.7532,66.3185
80.7532,66.3367
80.7532,66.3521
80.7532,66.3704
80.7532,66.3849
80.7532,66.4021
81.5449,66.4201
81.5449,66.4362
81.5449,66.452
81.5449,66.4698
81.5449,66.4855
81.5449,66.5028
81.5449,66.5198
81.5449,66.5356
81.5449,66.5523
81.5449,66.5692
81.5449,66.5855
81.5449,66.6036
81.5449,66.6193
81.5449,66.6348
